instant,season,yr,mnth,time,holiday,weekday,workingday,weather,temp,feeltemp,humidity,windspeed,casual,registered,count
8646,1,1,1,1,0,0,0,1,14.76,18.94,66,0,5,43,48
8647,1,1,1,1,0,0,0,1,14.76,17.425,66,8.9981,15,78,93
8648,1,1,1,1,0,0,0,1,13.12,17.425,76,0,16,59,75
8649,1,1,1,1,0,0,0,1,12.3,16.665,81,0,11,41,52
8650,1,1,1,1,0,0,0,1,11.48,15.15,81,6.0032,0,8,8
8651,1,1,1,1,0,0,0,1,11.48,14.395,81,7.0015,0,5,5
8652,1,1,1,1,0,0,0,1,10.66,13.635,93,8.9981,1,1,2
8653,1,1,1,2,0,0,0,1,10.66,12.88,93,11.0014,1,6,7
8654,1,1,1,2,0,0,0,1,10.66,13.635,87,7.0015,4,10,14
8655,1,1,1,2,0,0,0,1,10.66,13.635,93,7.0015,13,27,40
8656,1,1,1,3,0,0,0,1,12.3,15.91,81,7.0015,18,52,70
8657,1,1,1,3,0,0,0,1,13.94,16.665,76,8.9981,40,98,138
8658,1,1,1,3,0,0,0,1,16.4,20.455,62,19.0012,58,143,201
8659,1,1,1,3,0,0,0,1,17.22,21.21,58,19.0012,82,141,223
8660,1,1,1,3,0,0,0,1,18.04,21.97,54,19.9995,120,147,267
8661,1,1,1,3,0,0,0,1,18.86,22.725,51,19.9995,101,164,265
8662,1,1,1,3,0,0,0,2,18.04,21.97,54,19.9995,68,147,215
8663,1,1,1,3,0,0,0,2,19.68,23.485,48,11.0014,36,75,111
8664,1,1,1,4,0,0,0,3,18.86,22.725,59,16.9979,25,81,106
8665,1,1,1,4,0,0,0,3,17.22,21.21,67,26.0027,20,85,105
8666,1,1,1,4,0,0,0,2,18.04,21.97,62,19.9995,25,58,83
8667,1,1,1,4,0,0,0,2,18.04,21.97,67,16.9979,10,61,71
8668,1,1,1,1,0,0,0,1,18.86,22.725,55,27.9993,13,53,66
8669,1,1,1,1,0,0,0,1,18.04,21.97,51,19.9995,4,25,29
8670,1,1,1,1,1,1,0,1,16.4,20.455,40,31.0009,8,31,39
8671,1,1,1,1,1,1,0,1,14.76,16.665,43,27.9993,1,11,12
8672,1,1,1,1,1,1,0,1,14.76,15.91,34,30.0026,1,6,7
8673,1,1,1,1,1,1,0,1,11.48,12.88,45,22.0028,0,4,4
8674,1,1,1,1,1,1,0,1,11.48,12.88,45,22.0028,1,3,4
8675,1,1,1,1,1,1,0,1,10.66,11.365,41,26.0027,0,14,14
8676,1,1,1,2,1,1,0,1,9.84,10.605,32,26.0027,0,16,16
8677,1,1,1,2,1,1,0,1,9.84,11.365,35,16.9979,2,51,53
8678,1,1,1,2,1,1,0,1,9.84,12.88,35,0,15,53,68
8679,1,1,1,3,1,1,0,1,10.66,12.12,35,19.0012,20,89,109
8680,1,1,1,3,1,1,0,1,10.66,10.605,35,32.9975,33,142,175
8681,1,1,1,3,1,1,0,1,11.48,13.635,36,16.9979,41,161,202
8682,1,1,1,3,1,1,0,1,12.3,13.635,36,19.9995,26,150,176
8683,1,1,1,3,1,1,0,1,12.3,13.635,36,27.9993,10,141,151
8684,1,1,1,3,1,1,0,1,11.48,12.12,38,30.0026,29,139,168
8685,1,1,1,3,1,1,0,1,10.66,11.365,35,27.9993,10,144,154
8686,1,1,1,3,1,1,0,1,10.66,11.365,35,26.0027,17,136,153
8687,1,1,1,4,1,1,0,1,10.66,12.12,33,16.9979,13,113,126
8688,1,1,1,4,1,1,0,1,9.84,11.365,38,15.0013,4,89,93
8689,1,1,1,4,1,1,0,1,9.84,11.365,41,15.0013,5,83,88
8690,1,1,1,4,1,1,0,2,9.84,10.605,41,22.0028,3,63,66
8691,1,1,1,1,1,1,0,2,9.02,10.605,44,19.0012,3,36,39
8692,1,1,1,1,1,1,0,1,9.02,10.605,44,16.9979,2,32,34
8693,1,1,1,1,0,2,1,1,8.2,9.85,51,16.9979,0,13,13
8694,1,1,1,1,0,2,1,1,7.38,9.09,55,15.0013,1,5,6
8695,1,1,1,1,0,2,1,1,7.38,8.335,51,16.9979,0,3,3
8696,1,1,1,1,0,2,1,1,6.56,6.82,55,19.0012,0,2,2
8697,1,1,1,1,0,2,1,1,6.56,7.575,55,16.9979,0,5,5
8698,1,1,1,1,0,2,1,1,5.74,6.82,54,12.998,0,12,12
8699,1,1,1,1,0,2,1,1,5.74,6.06,59,19.0012,4,81,85
8700,1,1,1,2,0,2,1,1,5.74,6.06,59,16.9979,2,168,170
8701,1,1,1,2,0,2,1,1,6.56,6.82,55,19.0012,5,349,354
8702,1,1,1,2,0,2,1,1,6.56,6.82,50,19.0012,8,145,153
8703,1,1,1,3,0,2,1,1,6.56,6.06,47,31.0009,5,55,60
8704,1,1,1,3,0,2,1,1,7.38,6.82,37,35.0008,12,63,75
8705,1,1,1,3,0,2,1,1,7.38,6.82,37,35.0008,4,70,74
8706,1,1,1,3,0,2,1,1,7.38,6.06,34,43.9989,5,68,73
8707,1,1,1,3,0,2,1,1,6.56,6.06,43,35.0008,7,72,79
8708,1,1,1,3,0,2,1,1,6.56,6.06,37,27.9993,9,68,77
8709,1,1,1,3,0,2,1,1,5.74,4.545,39,39.0007,7,129,136
8710,1,1,1,3,0,2,1,1,5.74,5.305,26,31.0009,4,241,245
8711,1,1,1,4,0,2,1,1,5.74,4.545,26,35.0008,10,214,224
8712,1,1,1,4,0,2,1,1,4.92,4.545,28,27.9993,4,152,156
8713,1,1,1,4,0,2,1,1,4.92,6.06,33,16.9979,0,115,115
8714,1,1,1,4,0,2,1,1,4.1,5.305,36,15.0013,2,66,68
8715,1,1,1,1,0,2,1,1,4.1,5.305,46,16.9979,0,33,33
8716,1,1,1,1,0,2,1,1,4.1,3.79,46,26.0027,0,18,18
8717,1,1,1,1,0,3,1,1,3.28,3.03,42,22.0028,0,9,9
8718,1,1,1,1,0,3,1,1,1.64,1.515,38,19.9995,0,3,3
8719,1,1,1,1,0,3,1,1,0.82,0.76,34,19.0012,0,1,1
8720,1,1,1,1,0,3,1,1,0.82,0.76,34,19.0012,0,1,1
8721,1,1,1,1,0,3,1,1,0.82,2.275,41,12.998,0,2,2
8722,1,1,1,1,0,3,1,1,0.82,2.275,41,12.998,0,14,14
8723,1,1,1,1,0,3,1,1,0.82,2.275,41,11.0014,0,59,59
8724,1,1,1,2,0,3,1,1,0.82,2.275,44,12.998,1,151,152
8725,1,1,1,2,0,3,1,1,0.82,3.03,44,8.9981,5,310,315
8726,1,1,1,2,0,3,1,1,1.64,3.03,45,8.9981,7,173,180
8727,1,1,1,3,0,3,1,1,2.46,5.305,45,0,7,57,64
8728,1,1,1,3,0,3,1,2,3.28,6.06,42,6.0032,6,40,46
8729,1,1,1,3,0,3,1,2,4.1,5.305,46,12.998,9,75,84
8730,1,1,1,3,0,3,1,2,5.74,6.06,43,16.9979,9,82,91
8731,1,1,1,3,0,3,1,2,5.74,6.06,46,16.9979,6,69,75
8732,1,1,1,3,0,3,1,2,7.38,7.575,37,22.0028,9,81,90
8733,1,1,1,3,0,3,1,2,7.38,8.335,40,19.0012,8,123,131
8734,1,1,1,3,0,3,1,2,8.2,9.85,40,12.998,9,272,281
8735,1,1,1,4,0,3,1,2,8.2,10.605,37,8.9981,9,280,289
8736,1,1,1,4,0,3,1,2,8.2,11.365,40,7.0015,2,182,184
8737,1,1,1,4,0,3,1,2,8.2,9.85,40,12.998,2,121,123
8738,1,1,1,4,0,3,1,2,8.2,12.88,44,0,2,88,90
8739,1,1,1,1,0,3,1,2,8.2,11.365,47,6.0032,4,48,52
8740,1,1,1,1,0,3,1,2,8.2,11.365,44,7.0015,0,32,32
8741,1,1,1,1,0,4,1,2,9.02,11.365,47,12.998,1,13,14
8742,1,1,1,1,0,4,1,1,8.2,11.365,51,6.0032,0,5,5
8743,1,1,1,1,0,4,1,1,8.2,11.365,51,6.0032,0,4,4
8744,1,1,1,1,0,4,1,1,8.2,12.88,61,0,0,4,4
8745,1,1,1,1,0,4,1,2,8.2,11.365,59,6.0032,0,5,5
8746,1,1,1,1,0,4,1,2,8.2,11.365,59,6.0032,0,26,26
8747,1,1,1,1,0,4,1,2,8.2,10.605,75,8.9981,0,78,78
8748,1,1,1,2,0,4,1,2,8.2,11.365,69,6.0032,3,212,215
8749,1,1,1,2,0,4,1,2,8.2,12.88,75,0,11,377,388
8750,1,1,1,2,0,4,1,2,9.02,13.635,69,0,7,220,227
8751,1,1,1,3,0,4,1,2,9.84,12.88,52,6.0032,5,81,86
8752,1,1,1,3,0,4,1,1,12.3,16.665,49,0,6,78,84
8753,1,1,1,3,0,4,1,1,12.3,14.395,49,16.9979,6,114,120
8754,1,1,1,3,0,4,1,1,13.94,15.15,42,19.9995,6,112,118
8755,1,1,1,3,0,4,1,1,13.94,15.91,39,19.0012,13,104,117
8756,1,1,1,3,0,4,1,1,14.76,16.665,34,19.0012,6,113,119
8757,1,1,1,3,0,4,1,1,14.76,16.665,34,19.0012,19,178,197
8758,1,1,1,3,0,4,1,2,14.76,17.425,34,12.998,19,393,412
8759,1,1,1,4,0,4,1,1,13.94,16.665,36,11.0014,9,374,383
8760,1,1,1,4,0,4,1,1,13.94,17.425,34,6.0032,10,255,265
8761,1,1,1,4,0,4,1,1,12.3,16.665,49,0,5,172,177
8762,1,1,1,4,0,4,1,1,10.66,13.635,60,8.9981,9,88,97
8763,1,1,1,1,0,4,1,1,10.66,12.88,60,11.0014,1,70,71
8764,1,1,1,1,0,4,1,1,9.84,12.88,70,7.0015,4,56,60
8765,1,1,1,1,0,5,1,1,9.02,12.88,75,6.0032,1,24,25
8766,1,1,1,1,0,5,1,1,9.02,13.635,75,0,2,6,8
8767,1,1,1,1,0,5,1,1,9.02,11.365,69,11.0014,2,3,5
8768,1,1,1,1,0,5,1,1,9.02,12.12,69,7.0015,1,3,4
8769,1,1,1,1,0,5,1,1,9.02,11.365,69,8.9981,0,3,3
8770,1,1,1,1,0,5,1,2,8.2,10.605,80,8.9981,0,13,13
8771,1,1,1,1,0,5,1,2,9.02,12.12,73,7.0015,1,69,70
8772,1,1,1,2,0,5,1,2,9.84,14.395,65,0,4,201,205
8773,1,1,1,2,0,5,1,1,9.84,12.12,70,8.9981,11,436,447
8774,1,1,1,2,0,5,1,1,9.84,12.12,70,11.0014,4,237,241
8775,1,1,1,3,0,5,1,1,10.66,12.88,65,12.998,14,102,116
8776,1,1,1,3,0,5,1,1,12.3,15.15,56,11.0014,8,130,138
8777,1,1,1,3,0,5,1,1,14.76,16.665,50,16.9979,23,168,191
8778,1,1,1,3,0,5,1,1,16.4,20.455,43,19.0012,16,188,204
8779,1,1,1,3,0,5,1,1,18.86,22.725,36,12.998,26,152,178
8780,1,1,1,3,0,5,1,1,21.32,25,27,16.9979,44,178,222
8781,1,1,1,3,0,5,1,1,21.32,25,27,19.0012,35,259,294
8782,1,1,1,3,0,5,1,1,18.86,22.725,36,15.0013,20,456,476
8783,1,1,1,4,0,5,1,1,20.5,24.24,29,16.9979,28,391,419
8784,1,1,1,4,0,5,1,1,18.86,22.725,33,19.0012,11,261,272
8785,1,1,1,4,0,5,1,1,17.22,21.21,41,12.998,14,163,177
8786,1,1,1,4,0,5,1,1,16.4,20.455,43,15.0013,17,137,154
8787,1,1,1,1,0,5,1,1,14.76,17.425,50,12.998,12,123,135
8788,1,1,1,1,0,5,1,1,14.76,18.94,50,0,13,88,101
8789,1,1,1,1,0,6,0,1,14.76,17.425,50,11.0014,2,77,79
8790,1,1,1,1,0,6,0,1,15.58,19.695,46,11.0014,6,56,62
8791,1,1,1,1,0,6,0,1,14.76,18.18,50,7.0015,2,36,38
8792,1,1,1,1,0,6,0,1,13.12,16.665,57,7.0015,1,19,20
8793,1,1,1,1,0,6,0,1,13.12,16.665,57,6.0032,1,9,10
8794,1,1,1,1,0,6,0,1,10.66,13.635,75,7.0015,2,7,9
8795,1,1,1,1,0,6,0,1,10.66,13.635,75,7.0015,0,7,7
8796,1,1,1,2,0,6,0,1,9.02,11.365,87,12.998,0,20,20
8797,1,1,1,2,0,6,0,1,9.84,12.88,75,7.0015,0,64,64
8798,1,1,1,2,0,6,0,1,9.02,11.365,80,8.9981,14,116,130
8799,1,1,1,3,0,6,0,1,11.48,15.15,75,6.0032,43,160,203
8800,1,1,1,3,0,6,0,1,13.94,15.91,57,15.0013,74,250,324
8801,1,1,1,3,0,6,0,1,16.4,20.455,43,15.0013,100,276,376
8802,1,1,1,3,0,6,0,1,18.04,21.97,44,12.998,149,296,445
8803,1,1,1,3,0,6,0,1,20.5,24.24,42,19.0012,156,356,512
8804,1,1,1,3,0,6,0,1,23.78,27.275,37,19.9995,132,317,449
8805,1,1,1,3,0,6,0,2,22.96,26.515,37,19.0012,133,268,401
8806,1,1,1,3,0,6,0,2,22.14,25.76,43,8.9981,87,235,322
8807,1,1,1,4,0,6,0,1,22.14,25.76,45,8.9981,49,248,297
8808,1,1,1,4,0,6,0,1,21.32,25,42,7.0015,44,171,215
8809,1,1,1,4,0,6,0,1,20.5,24.24,39,16.9979,21,149,170
8810,1,1,1,4,0,6,0,1,18.04,21.97,44,15.0013,22,118,140
8811,1,1,1,1,0,6,0,1,18.04,21.97,38,16.9979,16,93,109
8812,1,1,1,1,0,6,0,1,17.22,21.21,38,15.0013,16,103,119
8813,1,1,1,1,0,0,0,1,15.58,19.695,40,19.0012,14,77,91
8814,1,1,1,1,0,0,0,1,13.94,16.665,42,12.998,10,62,72
8815,1,1,1,1,0,0,0,1,14.76,16.665,37,19.0012,10,57,67
8816,1,1,1,1,0,0,0,1,13.94,16.665,42,8.9981,6,26,32
8817,1,1,1,1,0,0,0,1,13.12,15.15,49,16.9979,2,4,6
8818,1,1,1,1,0,0,0,2,13.12,16.665,49,7.0015,0,2,2
8819,1,1,1,1,0,0,0,2,12.3,16.665,52,0,0,2,2
8820,1,1,1,2,0,0,0,2,12.3,16.665,52,0,1,23,24
8821,1,1,1,2,0,0,0,1,12.3,15.15,52,8.9981,4,53,57
8822,1,1,1,2,0,0,0,1,13.12,16.665,53,8.9981,23,102,125
8823,1,1,1,3,0,0,0,1,13.94,16.665,49,11.0014,27,181,208
8824,1,1,1,3,0,0,0,1,14.76,17.425,46,15.0013,55,201,256
8825,1,1,1,3,0,0,0,1,15.58,19.695,43,15.0013,78,273,351
8826,1,1,1,3,0,0,0,1,16.4,20.455,37,19.9995,77,266,343
8827,1,1,1,3,0,0,0,1,16.4,20.455,40,12.998,75,253,328
8828,1,1,1,3,0,0,0,1,16.4,20.455,37,19.0012,89,241,330
8829,1,1,1,3,0,0,0,1,16.4,20.455,37,19.9995,58,256,314
8830,1,1,1,3,0,0,0,1,15.58,19.695,40,15.0013,22,197,219
8831,1,1,1,4,0,0,0,1,13.94,15.91,46,15.0013,19,162,181
8832,1,1,1,4,0,0,0,1,13.12,15.91,49,12.998,8,104,112
8833,1,1,1,4,0,0,0,1,12.3,15.15,52,11.0014,7,119,126
8834,1,1,1,4,0,0,0,1,11.48,13.635,56,15.0013,10,81,91
8835,1,1,1,1,0,0,0,1,10.66,13.635,60,7.0015,4,54,58
8836,1,1,1,1,0,0,0,1,10.66,12.12,56,16.9979,0,30,30
8837,1,1,1,1,0,1,1,1,9.84,11.365,60,15.0013,3,12,15
8838,1,1,1,1,0,1,1,1,9.84,12.12,60,8.9981,1,4,5
8839,1,1,1,1,0,1,1,1,9.84,12.12,56,8.9981,2,3,5
8840,1,1,1,1,0,1,1,1,9.84,12.12,52,11.0014,0,3,3
8841,1,1,1,1,0,1,1,1,9.02,12.12,64,7.0015,0,4,4
8842,1,1,1,1,0,1,1,2,8.2,11.365,64,6.0032,0,21,21
8843,1,1,1,1,0,1,1,2,9.02,11.365,60,8.9981,3,85,88
8844,1,1,1,2,0,1,1,2,9.02,12.12,60,7.0015,1,239,240
8845,1,1,1,2,0,1,1,2,9.02,12.88,55,6.0032,13,407,420
8846,1,1,1,2,0,1,1,2,9.02,13.635,64,0,9,188,197
8847,1,1,1,3,0,1,1,1,9.84,14.395,60,0,13,95,108
8848,1,1,1,3,0,1,1,2,10.66,14.395,56,6.0032,6,82,88
8849,1,1,1,3,0,1,1,2,10.66,13.635,56,7.0015,10,93,103
8850,1,1,1,3,0,1,1,2,10.66,13.635,56,7.0015,3,77,80
8851,1,1,1,3,0,1,1,3,9.02,11.365,75,11.0014,5,45,50
8852,1,1,1,3,0,1,1,3,9.02,11.365,75,11.0014,5,64,69
8853,1,1,1,3,0,1,1,3,9.02,12.88,87,6.0032,3,46,49
8854,1,1,1,3,0,1,1,3,9.02,13.635,87,0,5,147,152
8855,1,1,1,4,0,1,1,4,8.2,11.365,86,6.0032,6,158,164
8856,1,1,1,4,0,1,1,3,8.2,11.365,93,6.0032,3,187,190
8857,1,1,1,4,0,1,1,2,8.2,11.365,86,6.0032,5,127,132
8858,1,1,1,4,0,1,1,2,8.2,12.88,93,0,1,78,79
8859,1,1,1,1,0,1,1,2,8.2,11.365,92,7.0015,8,54,62
8860,1,1,1,1,0,1,1,2,9.02,12.12,87,7.0015,1,51,52
8861,1,1,1,1,0,2,1,2,9.02,12.12,87,7.0015,0,14,14
8862,1,1,1,1,0,2,1,2,9.02,12.12,93,7.0015,2,3,5
8863,1,1,1,1,0,2,1,2,9.02,11.365,87,11.0014,2,2,4
8864,1,1,1,1,0,2,1,2,8.2,10.605,86,11.0014,0,4,4
8865,1,1,1,1,0,2,1,1,16.4,20.455,47,15.0013,0,23,23
8866,1,1,1,1,0,2,1,2,7.38,9.09,93,12.998,0,79,79
8867,1,1,1,2,0,2,1,2,7.38,9.85,93,11.0014,3,219,222
8868,1,1,1,2,0,2,1,2,7.38,9.85,93,11.0014,6,465,471
8869,1,1,1,2,0,2,1,2,7.38,9.85,93,11.0014,11,184,195
8870,1,1,1,3,0,2,1,2,7.38,9.85,93,11.0014,3,80,83
8871,1,1,1,3,0,2,1,1,17.22,21.21,38,19.9995,8,93,101
8872,1,1,1,3,0,2,1,1,17.22,21.21,38,19.9995,13,127,140
8873,1,1,1,3,0,2,1,1,17.22,21.21,38,19.9995,15,163,178
8874,1,1,1,3,0,2,1,1,17.22,21.21,38,19.9995,10,96,106
8875,1,1,1,3,0,2,1,1,17.22,21.21,38,19.9995,17,119,136
8876,1,1,1,3,0,2,1,1,17.22,21.21,38,23.9994,15,225,240
8877,1,1,1,3,0,2,1,1,17.22,21.21,38,16.9979,14,446,460
8878,1,1,1,4,0,2,1,1,16.4,20.455,40,7.0015,13,372,385
8879,1,1,1,4,0,2,1,1,15.58,19.695,46,7.0015,11,270,281
8880,1,1,1,4,0,2,1,1,13.94,17.425,53,7.0015,10,190,200
8881,1,1,1,4,0,2,1,1,13.12,16.665,66,6.0032,7,109,116
8882,1,1,1,1,0,2,1,1,12.3,15.15,70,6.0032,10,104,114
8883,1,1,1,1,0,2,1,1,10.66,13.635,81,7.0015,3,38,41
8884,1,1,1,1,0,3,1,1,10.66,15.15,81,0,2,26,28
8885,1,1,1,1,0,3,1,1,9.84,12.88,87,6.0032,1,6,7
8886,1,1,1,1,0,3,1,1,8.2,10.605,85,11.0014,0,5,5
8887,1,1,1,1,0,3,1,1,9.02,13.635,80,0,0,4,4
8888,1,1,1,1,0,3,1,1,8.2,10.605,80,8.9981,0,2,2
8889,1,1,1,1,0,3,1,1,8.2,10.605,80,8.9981,0,22,22
8890,1,1,1,1,0,3,1,1,8.2,10.605,86,8.9981,2,72,74
8891,1,1,1,2,0,3,1,1,8.2,10.605,80,8.9981,9,247,256
8892,1,1,1,2,0,3,1,1,8.2,11.365,82,7.0015,11,488,499
8893,1,1,1,2,0,3,1,2,8.2,10.605,86,8.9981,7,218,225
8894,1,1,1,3,0,3,1,2,9.84,12.12,87,8.9981,13,84,97
8895,1,1,1,3,0,3,1,2,10.66,14.395,87,6.0032,9,90,99
8896,1,1,1,3,0,3,1,3,12.3,16.665,81,0,4,51,55
8897,1,1,1,3,0,3,1,3,13.12,17.425,76,0,8,57,65
8898,1,1,1,3,0,3,1,3,13.12,16.665,81,7.0015,3,70,73
8899,1,1,1,3,0,3,1,2,13.94,17.425,87,6.0032,6,73,79
8900,1,1,1,3,0,3,1,2,13.94,15.91,87,16.9979,6,112,118
8901,1,1,1,3,0,3,1,3,13.94,15.91,87,15.0013,6,128,134
8902,1,1,1,4,0,3,1,3,13.94,16.665,87,12.998,2,96,98
8903,1,1,1,4,0,3,1,3,13.12,15.15,93,15.0013,1,92,93
8904,1,1,1,4,0,3,1,3,13.12,15.91,93,11.0014,2,55,57
8905,1,1,1,4,0,3,1,3,13.94,15.91,87,15.0013,0,29,29
8906,1,1,1,1,0,3,1,3,13.94,16.665,87,12.998,0,49,49
8907,1,1,1,1,0,3,1,3,13.94,15.91,87,15.0013,0,9,9
8908,1,1,1,1,0,4,1,3,13.94,16.665,93,12.998,0,3,3
8909,1,1,1,1,0,4,1,3,14.76,17.425,93,12.998,0,3,3
8910,1,1,1,1,0,4,1,3,14.76,17.425,93,16.9979,1,1,2
8911,1,1,1,1,0,4,1,3,14.76,17.425,93,16.9979,0,3,3
8912,1,1,1,1,0,4,1,3,14.76,17.425,93,12.998,0,2,2
8913,1,1,1,1,0,4,1,3,13.94,17.425,93,6.0032,0,16,16
8914,1,1,1,1,0,4,1,3,14.76,17.425,93,8.9981,1,88,89
8915,1,1,1,2,0,4,1,2,13.94,15.91,87,19.0012,2,218,220
8916,1,1,1,2,0,4,1,1,13.12,15.91,81,12.998,11,497,508
8917,1,1,1,2,0,4,1,1,13.12,16.665,81,7.0015,10,220,230
8918,1,1,1,3,0,4,1,1,13.94,17.425,81,7.0015,6,84,90
8919,1,1,1,3,0,4,1,2,13.94,17.425,81,7.0015,18,101,119
8920,1,1,1,3,0,4,1,2,13.94,17.425,81,7.0015,14,130,144
8921,1,1,1,3,0,4,1,1,17.22,21.21,77,11.0014,13,170,183
8922,1,1,1,3,0,4,1,1,17.22,21.21,77,11.0014,24,132,156
8923,1,1,1,3,0,4,1,1,18.04,21.97,72,8.9981,32,156,188
8924,1,1,1,3,0,4,1,1,18.86,22.725,67,12.998,33,248,281
8925,1,1,1,3,0,4,1,1,18.86,22.725,63,11.0014,23,472,495
8926,1,1,1,4,0,4,1,1,18.04,21.97,67,12.998,22,399,421
8927,1,1,1,4,0,4,1,2,17.22,21.21,71,11.0014,17,313,330
8928,1,1,1,4,0,4,1,2,17.22,21.21,71,12.998,11,229,240
8929,1,1,1,4,0,4,1,1,18.04,21.97,67,8.9981,12,162,174
8930,1,1,1,1,0,4,1,1,15.58,19.695,76,19.9995,12,121,133
8931,1,1,1,1,0,4,1,1,16.4,20.455,76,22.0028,7,60,67
8932,1,1,1,1,0,5,1,2,16.4,20.455,71,19.0012,4,38,42
8933,1,1,1,1,0,5,1,2,15.58,19.695,76,19.9995,0,12,12
8934,1,1,1,1,0,5,1,1,16.4,20.455,76,23.9994,1,13,14
8935,1,1,1,1,0,5,1,1,14.76,16.665,87,16.9979,3,4,7
8936,1,1,1,1,0,5,1,3,13.12,14.395,70,32.9975,1,2,3
8937,1,1,1,1,0,5,1,2,12.3,12.12,70,36.9974,0,21,21
8938,1,1,1,1,0,5,1,2,10.66,12.88,75,15.0013,2,71,73
8939,1,1,1,2,0,5,1,1,10.66,12.88,60,15.0013,3,174,177
8940,1,1,1,2,0,5,1,1,9.84,10.605,52,23.9994,11,408,419
8941,1,1,1,2,0,5,1,1,9.02,9.85,47,26.0027,10,204,214
8942,1,1,1,3,0,5,1,1,9.84,9.85,44,30.0026,2,101,103
8943,1,1,1,3,0,5,1,1,9.84,9.09,38,40.9973,12,102,114
8944,1,1,1,3,0,5,1,1,9.84,9.85,38,32.9975,14,140,154
8945,1,1,1,3,0,5,1,1,10.66,10.605,33,35.0008,14,140,154
8946,1,1,1,3,0,5,1,1,10.66,10.605,33,36.9974,10,119,129
8947,1,1,1,3,0,5,1,1,10.66,10.605,33,39.0007,15,123,138
8948,1,1,1,3,0,5,1,1,11.48,12.12,30,31.0009,18,215,233
8949,1,1,1,3,0,5,1,1,11.48,12.12,33,27.9993,15,317,332
8950,1,1,1,4,0,5,1,1,10.66,11.365,38,19.9995,7,294,301
8951,1,1,1,4,0,5,1,1,10.66,12.12,38,19.0012,7,199,206
8952,1,1,1,4,0,5,1,1,9.84,12.12,41,11.0014,6,130,136
8953,1,1,1,4,0,5,1,1,9.84,10.605,41,19.0012,7,95,102
8954,1,1,1,1,0,5,1,1,8.2,9.09,47,22.0028,7,58,65
8955,1,1,1,1,0,5,1,1,7.38,9.09,47,12.998,5,60,65
8956,1,1,1,1,0,6,0,1,6.56,9.09,47,7.0015,2,42,44
8957,1,1,1,1,0,6,0,1,6.56,7.575,47,12.998,6,44,50
8958,1,1,1,1,0,6,0,1,6.56,8.335,47,11.0014,6,32,38
8959,1,1,1,1,0,6,0,1,5.74,8.335,54,7.0015,6,14,20
8960,1,1,1,1,0,6,0,1,5.74,7.575,50,8.9981,0,3,3
8961,1,1,1,1,0,6,0,1,5.74,7.575,50,8.9981,0,4,4
8962,1,1,1,1,0,6,0,1,5.74,7.575,50,0,0,5,5
8963,1,1,1,2,0,6,0,1,5.74,7.575,50,8.9981,0,24,24
8964,1,1,1,2,0,6,0,1,4.92,7.575,54,7.0015,3,89,92
8965,1,1,1,2,0,6,0,1,5.74,8.335,50,7.0015,3,78,81
8966,1,1,1,3,0,6,0,1,6.56,11.365,47,0,14,135,149
8967,1,1,1,3,0,6,0,1,8.2,9.85,40,12.998,28,150,178
8968,1,1,1,3,0,6,0,1,9.02,10.605,41,16.9979,30,189,219
8969,1,1,1,3,0,6,0,1,9.02,10.605,44,19.0012,38,182,220
8970,1,1,1,3,0,6,0,1,9.84,10.605,41,19.9995,52,179,231
8971,1,1,1,3,0,6,0,1,9.84,10.605,38,19.9995,49,177,226
8972,1,1,1,3,0,6,0,1,9.84,11.365,38,15.0013,28,178,206
8973,1,1,1,3,0,6,0,1,9.84,11.365,41,16.9979,15,129,144
8974,1,1,1,4,0,6,0,1,9.02,11.365,41,12.998,21,122,143
8975,1,1,1,4,0,6,0,1,8.2,9.85,47,15.0013,12,90,102
8976,1,1,1,4,0,6,0,1,8.2,9.85,44,16.9979,8,95,103
8977,1,1,1,4,0,6,0,1,7.38,8.335,43,16.9979,3,66,69
8978,1,1,1,1,0,6,0,1,6.56,6.82,47,23.9994,4,62,66
8979,1,1,1,1,0,6,0,1,6.56,7.575,47,15.0013,5,71,76
8980,1,1,1,1,0,0,0,1,6.56,6.82,47,22.0028,9,50,59
8981,1,1,1,1,0,0,0,2,6.56,6.82,47,19.9995,2,40,42
8982,1,1,1,1,0,0,0,2,6.56,6.82,47,19.0012,5,38,43
8983,1,1,1,1,0,0,0,2,6.56,6.82,48,26.0027,1,24,25
8984,1,1,1,1,0,0,0,2,6.56,6.82,47,26.0027,1,5,6
8985,1,1,1,1,0,0,0,2,6.56,6.82,47,22.0028,0,5,5
8986,1,1,1,1,0,0,0,2,5.74,6.06,50,19.0012,1,7,8
8987,1,1,1,2,0,0,0,1,4.92,6.06,54,19.0012,3,14,17
8988,1,1,1,2,0,0,0,1,4.92,6.06,54,15.0013,2,34,36
8989,1,1,1,2,0,0,0,1,4.92,6.82,54,12.998,10,80,90
8990,1,1,1,3,0,0,0,1,5.74,6.06,54,19.0012,11,115,126
8991,1,1,1,3,0,0,0,1,6.56,7.575,47,15.0013,21,144,165
8992,1,1,1,3,0,0,0,1,7.38,8.335,40,19.9995,42,192,234
8993,1,1,1,3,0,0,0,1,8.2,9.09,34,19.0012,40,184,224
8994,1,1,1,3,0,0,0,1,8.2,9.09,32,23.9994,25,163,188
8995,1,1,1,3,0,0,0,1,9.02,11.365,27,12.998,33,173,206
8996,1,1,1,3,0,0,0,1,9.02,10.605,29,19.9995,31,174,205
8997,1,1,1,3,0,0,0,1,9.02,10.605,25,16.9979,15,131,146
8998,1,1,1,4,0,0,0,1,7.38,9.09,29,15.0013,7,113,120
8999,1,1,1,4,0,0,0,1,6.56,8.335,37,11.0014,9,101,110
9000,1,1,1,4,0,0,0,1,6.56,9.09,37,7.0015,10,85,95
9001,1,1,1,4,0,0,0,1,6.56,8.335,40,11.0014,1,71,72
9002,1,1,1,1,0,0,0,1,7.38,10.605,37,6.0032,2,58,60
9003,1,1,1,1,0,0,0,1,6.56,9.85,43,6.0032,3,26,29
9004,1,1,1,1,1,1,0,1,5.74,7.575,46,8.9981,2,23,25
9005,1,1,1,1,1,1,0,1,5.74,8.335,43,7.0015,2,18,20
9006,1,1,1,1,1,1,0,1,5.74,10.605,46,0,3,14,17
9007,1,1,1,1,1,1,0,1,4.92,9.85,50,0,0,3,3
9008,1,1,1,1,1,1,0,1,4.92,7.575,58,7.0015,2,6,8
9009,1,1,1,1,1,1,0,1,4.92,8.335,54,6.0032,1,5,6
9010,1,1,1,1,1,1,0,1,4.1,6.82,54,6.0032,0,13,13
9011,1,1,1,2,1,1,0,1,4.1,6.82,54,7.0015,5,28,33
9012,1,1,1,2,1,1,0,1,4.1,6.06,58,11.0014,3,75,78
9013,1,1,1,2,1,1,0,1,4.1,6.06,58,11.0014,7,89,96
9014,1,1,1,3,1,1,0,2,5.74,6.82,59,12.998,19,107,126
9015,1,1,1,3,1,1,0,1,6.56,7.575,59,16.9979,21,158,179
9016,1,1,1,3,1,1,0,1,8.2,9.09,55,22.0028,20,165,185
9017,1,1,1,3,1,1,0,2,9.84,9.85,41,27.9993,26,202,228
9018,1,1,1,3,1,1,0,1,9.84,10.605,44,26.0027,23,158,181
9019,1,1,1,3,1,1,0,1,10.66,10.605,44,30.0026,17,175,192
9020,1,1,1,3,1,1,0,1,10.66,11.365,44,23.9994,22,158,180
9021,1,1,1,3,1,1,0,1,10.66,11.365,48,22.0028,19,174,193
9022,1,1,1,4,1,1,0,1,10.66,11.365,52,22.0028,6,175,181
9023,1,1,1,4,1,1,0,1,10.66,12.12,56,19.0012,10,134,144
9024,1,1,1,4,1,1,0,1,10.66,12.12,60,19.0012,2,88,90
9025,1,1,1,4,1,1,0,1,11.48,12.88,52,22.0028,3,46,49
9026,1,1,1,1,1,1,0,2,12.3,13.635,49,23.9994,4,39,43
9027,1,1,1,1,1,1,0,3,10.66,11.365,70,19.9995,0,28,28
9028,1,1,1,1,0,2,1,2,10.66,11.365,70,22.0028,0,12,12
9029,1,1,1,1,0,2,1,2,11.48,12.88,65,23.9994,0,2,2
9030,1,1,1,1,0,2,1,3,11.48,13.635,75,16.9979,0,12,12
9031,1,1,1,1,0,2,1,3,13.12,15.15,66,22.0028,0,2,2
9032,1,1,1,1,0,2,1,3,13.12,15.15,66,22.0028,0,13,13
9033,1,1,1,1,0,2,1,3,12.3,14.395,75,16.9979,0,57,57
9034,1,1,1,2,0,2,1,3,12.3,14.395,81,15.0013,5,121,126
9035,1,1,1,2,0,2,1,3,12.3,14.395,81,19.0012,3,90,93
9036,1,1,1,2,0,2,1,3,13.12,15.15,81,16.9979,7,61,68
9037,1,1,1,3,0,2,1,3,12.3,14.395,87,16.9979,1,61,62
9038,1,1,1,3,0,2,1,2,13.94,17.425,87,7.0015,2,73,75
9039,1,1,1,3,0,2,1,2,13.12,15.15,87,19.0012,3,83,86
9040,1,1,1,3,0,2,1,2,15.58,19.695,76,22.0028,8,95,103
9041,1,1,1,3,0,2,1,1,18.04,21.97,62,32.9975,12,120,132
9042,1,1,1,3,0,2,1,1,18.04,21.97,62,32.9975,6,123,129
9043,1,1,1,3,0,2,1,1,18.86,22.725,63,36.9974,14,205,219
9044,1,1,1,3,0,2,1,1,18.86,22.725,63,30.0026,20,442,462
9045,1,1,1,4,0,2,1,1,18.86,22.725,63,30.0026,12,451,463
9046,1,1,1,4,0,2,1,1,18.86,22.725,63,27.9993,11,297,308
9047,1,1,1,4,0,2,1,1,18.86,22.725,63,23.9994,11,169,180
9048,1,1,1,4,0,2,1,1,18.86,22.725,67,31.0009,6,174,180
9049,1,1,1,1,0,2,1,1,18.86,22.725,72,26.0027,5,85,90
9050,1,1,1,1,0,2,1,1,18.86,22.725,72,26.0027,1,60,61
9051,1,1,1,1,0,3,1,2,18.86,22.725,77,22.0028,3,14,17
9052,1,1,1,1,0,3,1,2,18.86,22.725,77,22.0028,0,10,10
9053,1,1,1,1,0,3,1,2,18.04,21.97,51,32.9975,1,1,2
9054,1,1,1,1,0,3,1,2,18.04,21.97,51,32.9975,1,3,4
9055,1,1,1,1,0,3,1,1,13.94,14.395,46,35.0008,0,1,1
9056,1,1,1,1,0,3,1,1,13.94,14.395,46,35.0008,0,29,29
9057,1,1,1,1,0,3,1,1,13.94,14.395,36,35.0008,0,88,88
9058,1,1,1,2,0,3,1,1,13.12,14.395,42,23.9994,1,262,263
9059,1,1,1,2,0,3,1,1,12.3,13.635,52,27.9993,15,474,489
9060,1,1,1,2,0,3,1,1,11.48,12.88,52,22.0028,6,196,202
9061,1,1,1,3,0,3,1,1,12.3,13.635,42,31.0009,5,88,93
9062,1,1,1,3,0,3,1,1,12.3,13.635,42,26.0027,4,110,114
9063,1,1,1,3,0,3,1,1,12.3,12.88,39,32.9975,6,155,161
9064,1,1,1,3,0,3,1,1,12.3,13.635,42,31.0009,6,124,130
9065,1,1,1,3,0,3,1,1,12.3,13.635,33,26.0027,7,98,105
9066,1,1,1,3,0,3,1,1,12.3,12.88,33,35.0008,8,122,130
9067,1,1,1,3,0,3,1,1,11.48,11.365,30,35.0008,13,163,176
9068,1,1,1,3,0,3,1,1,10.66,10.605,33,30.0026,8,338,346
9069,1,1,1,4,0,3,1,1,9.84,10.605,32,23.9994,8,347,355
9070,1,1,1,4,0,3,1,1,9.02,9.85,37,26.0027,5,251,256
9071,1,1,1,4,0,3,1,1,9.02,10.605,37,16.9979,1,164,165
9072,1,1,1,4,0,3,1,1,8.2,8.335,40,27.9993,5,119,124
9073,1,1,1,1,0,3,1,1,7.38,8.335,47,16.9979,4,74,78
9074,1,1,1,1,0,3,1,1,6.56,6.82,47,19.9995,2,36,38
9075,1,1,1,1,0,4,1,1,5.74,6.82,50,12.998,0,16,16
9076,1,1,1,1,0,4,1,1,5.74,7.575,50,11.0014,0,5,5
9077,1,1,1,1,0,4,1,1,5.74,7.575,50,8.9981,0,3,3
9078,1,1,1,1,0,4,1,1,4.92,7.575,54,7.0015,0,4,4
9079,1,1,1,1,0,4,1,1,4.92,7.575,54,7.0015,0,1,1
9080,1,1,1,1,0,4,1,1,4.92,6.06,55,16.9979,0,19,19
9081,1,1,1,1,0,4,1,1,4.92,6.82,54,11.0014,0,86,86
9082,1,1,1,2,0,4,1,1,4.92,8.335,54,6.0032,2,204,206
9083,1,1,1,2,0,4,1,1,4.92,7.575,54,7.0015,9,414,423
9084,1,1,1,2,0,4,1,1,4.92,9.85,54,0,6,204,210
9085,1,1,1,3,0,4,1,1,5.74,10.605,59,0,10,98,108
9086,1,1,1,3,0,4,1,1,6.56,8.335,55,11.0014,6,93,99
9087,1,1,1,3,0,4,1,1,8.2,9.85,51,12.998,5,106,111
9088,1,1,1,3,0,4,1,1,9.02,10.605,47,19.0012,6,118,124
9089,1,1,1,3,0,4,1,1,9.84,11.365,44,12.998,15,104,119
9090,1,1,1,3,0,4,1,1,10.66,11.365,44,19.9995,9,118,127
9091,1,1,1,3,0,4,1,1,10.66,11.365,41,22.0028,8,185,193
9092,1,1,1,3,0,4,1,2,10.66,11.365,44,22.0028,21,364,385
9093,1,1,1,4,0,4,1,2,10.66,11.365,44,22.0028,16,345,361
9094,1,1,1,4,0,4,1,2,10.66,11.365,48,19.9995,5,229,234
9095,1,1,1,4,0,4,1,1,10.66,10.605,52,30.0026,7,184,191
9096,1,1,1,4,0,4,1,1,10.66,11.365,44,23.9994,4,117,121
9097,1,1,1,1,0,4,1,2,10.66,11.365,44,27.9993,0,90,90
9098,1,1,1,1,0,4,1,1,10.66,11.365,48,22.0028,1,55,56
9099,1,1,1,1,0,5,1,2,10.66,11.365,48,19.9995,3,24,27
9100,1,1,1,1,0,5,1,1,10.66,13.635,48,8.9981,0,15,15
9101,1,1,1,1,0,5,1,1,10.66,13.635,48,8.9981,0,11,11
9102,1,1,1,1,0,5,1,1,9.84,12.88,52,7.0015,0,4,4
9103,1,1,1,1,0,5,1,1,9.02,12.12,60,7.0015,0,3,3
9104,1,1,1,1,0,5,1,1,9.02,12.12,60,7.0015,0,19,19
9105,1,1,1,1,0,5,1,1,9.84,10.605,60,19.0012,0,68,68
9106,1,1,1,2,0,5,1,1,9.02,10.605,69,15.0013,2,183,185
9107,1,1,1,2,0,5,1,1,9.02,10.605,64,16.9979,4,421,425
9108,1,1,1,2,0,5,1,1,9.02,9.85,47,26.0027,21,242,263
9109,1,1,1,3,0,5,1,2,9.02,10.605,44,19.0012,1,96,97
9110,1,1,1,3,0,5,1,2,8.2,9.09,32,23.9994,6,117,123
9111,1,1,1,3,0,5,1,2,8.2,9.09,34,22.0028,5,119,124
9112,1,1,1,3,0,5,1,1,9.02,10.605,32,19.9995,12,144,156
9113,1,1,1,3,0,5,1,2,9.02,10.605,35,19.9995,8,107,115
9114,1,1,1,3,0,5,1,2,9.02,11.365,35,12.998,12,144,156
9115,1,1,1,3,0,5,1,2,8.2,10.605,37,11.0014,11,163,174
9116,1,1,1,3,0,5,1,2,9.02,12.88,32,6.0032,9,340,349
9117,1,1,1,4,0,5,1,2,8.2,11.365,34,6.0032,5,296,301
9118,1,1,1,4,0,5,1,2,8.2,11.365,37,7.0015,6,186,192
9119,1,1,1,4,0,5,1,2,8.2,11.365,34,6.0032,1,141,142
9120,1,1,1,4,0,5,1,2,8.2,11.365,37,6.0032,5,99,104
9121,1,1,1,1,0,5,1,2,8.2,9.85,37,15.0013,1,71,72
9122,1,1,1,1,0,5,1,3,6.56,7.575,64,15.0013,3,35,38
9123,1,1,1,1,0,6,0,3,6.56,7.575,64,15.0013,0,24,24
9124,1,1,1,1,0,6,0,4,5.74,6.82,86,12.998,1,22,23
9125,1,1,1,1,0,6,0,3,5.74,10.605,86,0,1,25,26
9126,1,1,1,1,0,6,0,3,5.74,9.09,93,6.0032,0,13,13
9127,1,1,1,1,0,6,0,3,6.56,9.85,86,6.0032,0,1,1
9128,1,1,1,1,0,6,0,3,6.56,9.09,86,7.0015,0,2,2
9129,1,1,1,1,0,6,0,3,6.56,8.335,93,11.0014,0,1,1
9130,1,1,1,2,0,6,0,3,6.56,8.335,93,11.0014,3,10,13
9131,1,1,1,2,0,6,0,2,6.56,7.575,93,16.9979,3,22,25
9132,1,1,1,2,0,6,0,2,6.56,7.575,93,16.9979,2,40,42
9133,1,1,1,3,0,6,0,3,6.56,7.575,93,16.9979,0,45,45
9134,1,1,1,3,0,6,0,2,7.38,10.605,86,7.0015,1,62,63
9135,1,1,1,3,0,6,0,2,8.2,10.605,80,11.0014,5,62,67
9136,1,1,1,3,0,6,0,2,8.2,9.85,80,16.9979,10,66,76
9137,1,1,1,3,0,6,0,3,8.2,9.85,80,12.998,6,89,95
9138,1,1,1,3,0,6,0,3,8.2,9.85,80,12.998,6,113,119
9139,1,1,1,3,0,6,0,2,8.2,9.09,80,19.9995,5,113,118
9140,1,1,1,3,0,6,0,2,8.2,9.09,80,26.0027,7,99,106
9141,1,1,1,4,0,6,0,2,8.2,9.09,75,26.0027,3,107,110
9142,1,1,1,4,0,6,0,2,7.38,7.575,80,26.0027,0,85,85
9143,1,1,1,4,0,6,0,2,7.38,8.335,80,19.9995,5,62,67
9144,1,1,1,4,0,6,0,1,7.38,7.575,74,22.0028,5,64,69
9145,1,1,1,1,0,6,0,2,7.38,8.335,74,19.9995,3,56,59
9146,1,1,1,1,0,6,0,2,6.56,7.575,80,16.9979,1,51,52
9147,1,1,1,1,0,0,0,1,6.56,6.82,80,19.9995,1,51,52
9148,1,1,1,1,0,0,0,2,7.38,8.335,74,19.9995,1,49,50
9149,1,1,1,1,0,0,0,2,7.38,8.335,74,19.0012,1,46,47
9150,1,1,1,1,0,0,0,2,7.38,8.335,69,19.0012,1,20,21
9151,1,1,1,1,0,0,0,3,6.56,6.82,80,19.0012,1,1,2
9152,1,1,1,1,0,0,0,3,6.56,7.575,74,15.0013,1,2,3
9153,1,1,1,1,0,0,0,2,6.56,7.575,74,15.0013,0,4,4
9154,1,1,1,2,0,0,0,2,6.56,7.575,74,15.0013,2,11,13
9155,1,1,1,2,0,0,0,2,6.56,7.575,74,15.0013,3,29,32
9156,1,1,1,2,0,0,0,2,6.56,7.575,74,15.0013,9,54,63
9157,1,1,1,3,0,0,0,2,6.56,6.82,74,19.0012,9,120,129
9158,1,1,1,3,0,0,0,3,6.56,7.575,80,16.9979,18,115,133
9159,1,1,1,3,0,0,0,2,6.56,7.575,80,15.0013,24,161,185
9160,1,1,1,3,0,0,0,2,6.56,9.09,80,8.9981,24,175,199
9161,1,1,1,3,0,0,0,2,6.56,8.335,80,11.0014,19,163,182
9162,1,1,1,3,0,0,0,2,6.56,7.575,80,12.998,27,149,176
9163,1,1,1,3,0,0,0,2,6.56,7.575,80,12.998,12,143,155
9164,1,1,1,3,0,0,0,2,6.56,9.09,80,7.0015,8,100,108
9165,1,1,1,4,0,0,0,3,6.56,9.09,86,7.0015,11,110,121
9166,1,1,1,4,0,0,0,3,6.56,9.09,86,7.0015,9,80,89
9167,1,1,1,4,0,0,0,3,6.56,8.335,86,11.0014,5,69,74
9168,1,1,1,4,0,0,0,3,6.56,9.09,86,7.0015,8,36,44
9169,1,1,1,1,0,0,0,2,6.56,9.85,93,6.0032,0,58,58
9170,1,1,1,1,0,0,0,2,6.56,9.09,93,7.0015,2,35,37
9171,1,1,1,1,0,1,1,2,7.38,12.12,86,0,2,17,19
9172,1,1,1,1,0,1,1,2,7.38,10.605,86,7.0015,0,4,4
9173,1,1,1,1,0,1,1,2,7.38,10.605,86,7.0015,0,2,2
9174,1,1,1,1,0,1,1,2,7.38,12.12,86,0,0,1,1
9175,1,1,1,1,0,1,1,2,8.2,12.88,80,0,0,1,1
9176,1,1,1,1,0,1,1,2,8.2,12.88,86,0,0,19,19
9177,1,1,1,1,0,1,1,2,8.2,12.88,86,0,6,36,42
9178,1,1,1,2,0,1,1,3,8.2,12.88,86,0,8,114,122
9179,1,1,1,2,0,1,1,3,8.2,10.605,86,8.9981,5,267,272
9180,1,1,1,2,0,1,1,2,8.2,11.365,86,6.0032,13,198,211
9181,1,1,1,3,0,1,1,2,8.2,12.88,93,0,10,139,149
9182,1,1,1,3,0,1,1,2,8.2,11.365,93,6.0032,5,57,62
9183,1,1,1,3,0,1,1,2,9.02,13.635,93,0,10,52,62
9184,1,1,1,3,0,1,1,3,9.02,12.88,93,6.0032,5,32,37
9185,1,1,1,3,0,1,1,3,9.02,11.365,93,12.998,13,48,61
9186,1,1,1,3,0,1,1,2,9.02,10.605,100,15.0013,10,64,74
9187,1,1,1,3,0,1,1,2,9.84,12.12,93,11.0014,14,108,122
9188,1,1,1,3,0,1,1,2,9.84,12.88,96,7.0015,6,270,276
9189,1,1,1,4,0,1,1,2,9.84,12.12,93,8.9981,7,275,282
9190,1,1,1,4,0,1,1,2,10.66,12.88,93,11.0014,9,211,220
9191,1,1,1,4,0,1,1,2,10.66,12.88,100,11.0014,8,161,169
9192,1,1,1,4,0,1,1,2,10.66,12.12,100,19.0012,8,112,120
9193,1,1,1,1,0,1,1,2,10.66,12.12,100,19.0012,4,64,68
9194,1,1,1,1,0,1,1,2,11.48,12.88,93,22.0028,2,35,37
9195,1,1,1,1,0,2,1,2,12.3,14.395,100,19.0012,6,19,25
9196,1,1,1,1,0,2,1,2,13.12,15.15,93,16.9979,2,7,9
9197,1,1,1,1,0,2,1,2,13.12,15.15,93,15.0013,2,6,8
9198,1,1,1,1,0,2,1,2,13.12,16.665,93,8.9981,0,3,3
9199,1,1,1,1,0,2,1,2,12.3,15.91,100,6.0032,0,2,2
9200,1,1,1,1,0,2,1,2,12.3,15.91,100,6.0032,0,26,26
9201,1,1,1,1,0,2,1,2,13.12,15.91,93,12.998,1,88,89
9202,1,1,1,2,0,2,1,2,13.12,16.665,93,8.9981,11,221,232
9203,1,1,1,2,0,2,1,2,13.12,16.665,93,8.9981,11,479,490
9204,1,1,1,2,0,2,1,2,13.12,16.665,87,6.0032,11,244,255
9205,1,1,1,3,0,2,1,1,13.12,16.665,93,6.0032,23,93,116
9206,1,1,1,3,0,2,1,1,13.94,16.665,87,8.9981,30,123,153
9207,1,1,1,3,0,2,1,1,13.94,16.665,87,11.0014,25,150,175
9208,1,1,1,3,0,2,1,1,13.94,16.665,87,11.0014,33,170,203
9209,1,1,1,3,0,2,1,1,14.76,17.425,81,15.0013,35,138,173
9210,1,1,1,3,0,2,1,2,16.4,20.455,71,11.0014,52,156,208
9211,1,1,1,3,0,2,1,1,16.4,20.455,71,8.9981,35,243,278
9212,1,1,1,3,0,2,1,1,17.22,21.21,67,6.0032,41,474,515
9213,1,1,1,4,0,2,1,1,16.4,20.455,62,6.0032,32,391,423
9214,1,1,1,4,0,2,1,1,18.04,21.97,51,6.0032,20,311,331
9215,1,1,1,4,0,2,1,1,13.12,17.425,76,0,18,211,229
9216,1,1,1,4,0,2,1,1,14.76,18.94,71,0,18,154,172
9217,1,1,1,1,0,2,1,1,13.12,17.425,81,0,14,111,125
9218,1,1,1,1,0,2,1,1,13.12,17.425,76,0,19,80,99
9219,1,1,1,1,0,3,1,1,10.66,15.15,93,0,6,25,31
9220,1,1,1,1,0,3,1,1,12.3,14.395,70,15.0013,4,9,13
9221,1,1,1,1,0,3,1,1,11.48,13.635,70,12.998,3,3,6
9222,1,1,1,1,0,3,1,1,10.66,12.88,75,12.998,0,1,1
9223,1,1,1,1,0,3,1,1,10.66,12.12,70,19.0012,0,4,4
9224,1,1,1,1,0,3,1,1,10.66,12.12,70,19.0012,0,33,33
9225,1,1,1,1,0,3,1,1,9.84,11.365,73,15.0013,1,87,88
9226,1,1,1,2,0,3,1,1,9.84,11.365,75,15.0013,14,243,257
9227,1,1,1,2,0,3,1,1,9.84,11.365,70,16.9979,18,495,513
9228,1,1,1,2,0,3,1,1,9.84,11.365,70,16.9979,18,218,236
9229,1,1,1,3,0,3,1,2,10.66,11.365,70,22.0028,30,111,141
9230,1,1,1,3,0,3,1,2,12.3,13.635,61,19.9995,52,105,157
9231,1,1,1,3,0,3,1,1,13.12,16.665,53,8.9981,46,147,193
9232,1,1,1,3,0,3,1,1,13.94,16.665,49,8.9981,63,149,212
9233,1,1,1,3,0,3,1,1,13.94,17.425,49,6.0032,53,107,160
9234,1,1,1,3,0,3,1,1,14.76,18.94,46,0,30,125,155
9235,1,1,1,3,0,3,1,1,13.94,16.665,53,11.0014,29,217,246
9236,1,1,1,3,0,3,1,1,14.76,17.425,53,11.0014,27,443,470
9237,1,1,1,4,0,3,1,1,13.12,16.665,66,8.9981,24,415,439
9238,1,1,1,4,0,3,1,2,13.94,18.18,53,0,5,311,316
9239,1,1,1,4,0,3,1,1,13.12,15.91,61,12.998,10,225,235
9240,1,1,1,4,0,3,1,1,12.3,16.665,65,0,19,166,185
9241,1,1,1,1,0,3,1,1,12.3,15.91,65,6.0032,12,101,113
9242,1,1,1,1,0,3,1,2,11.48,15.91,65,0,3,63,66
9243,1,1,1,1,0,4,1,2,11.48,14.395,75,7.0015,3,22,25
9244,1,1,1,1,0,4,1,2,11.48,15.91,75,0,5,16,21
9245,1,1,1,1,0,4,1,2,11.48,13.635,75,11.0014,1,6,7
9246,1,1,1,1,0,4,1,2,11.48,15.15,75,6.0032,1,5,6
9247,1,1,1,1,0,4,1,1,11.48,15.91,75,0,0,3,3
9248,1,1,1,1,0,4,1,2,12.3,15.91,75,7.0015,0,28,28
9249,1,1,1,1,0,4,1,2,11.48,15.91,81,0,0,88,88
9250,1,1,1,2,0,4,1,2,11.48,15.15,81,6.0032,11,228,239
9251,1,1,1,2,0,4,1,2,11.48,15.15,81,6.0032,16,514,530
9252,1,1,1,2,0,4,1,2,12.3,16.665,81,0,18,256,274
9253,1,1,1,3,0,4,1,2,12.3,15.15,81,8.9981,16,92,108
9254,1,1,1,3,0,4,1,2,12.3,15.91,87,7.0015,11,100,111
9255,1,1,1,3,0,4,1,2,13.94,16.665,81,8.9981,29,136,165
9256,1,1,1,3,0,4,1,2,15.58,19.695,71,0,17,156,173
9257,1,1,1,3,0,4,1,2,16.4,20.455,71,7.0015,16,112,128
9258,1,1,1,3,0,4,1,2,17.22,21.21,71,7.0015,22,142,164
9259,1,1,1,3,0,4,1,2,16.4,20.455,71,6.0032,15,209,224
9260,1,1,1,3,0,4,1,2,17.22,21.21,71,0,16,397,413
9261,1,1,1,4,0,4,1,2,17.22,21.21,71,0,12,394,406
9262,1,1,1,4,0,4,1,2,16.4,20.455,76,7.0015,11,302,313
9263,1,1,1,4,0,4,1,2,16.4,20.455,82,8.9981,8,216,224
9264,1,1,1,4,0,4,1,2,16.4,20.455,76,7.0015,8,184,192
9265,1,1,1,1,0,4,1,1,15.58,19.695,82,7.0015,3,139,142
9266,1,1,1,1,0,4,1,2,16.4,20.455,82,0,5,86,91
9267,1,1,1,1,0,5,1,2,16.4,20.455,82,16.9979,6,32,38
9268,1,1,1,1,0,5,1,2,16.4,20.455,87,15.0013,6,23,29
9269,1,1,1,1,0,5,1,1,17.22,21.21,94,8.9981,2,11,13
9270,1,1,1,1,0,5,1,2,17.22,21.21,94,19.0012,3,5,8
9271,1,1,1,1,0,5,1,2,16.4,20.455,100,19.9995,1,3,4
9272,1,1,1,1,0,5,1,2,17.22,21.21,94,22.0028,0,24,24
9273,1,1,1,1,0,5,1,2,17.22,21.21,100,22.0028,0,72,72
9274,1,1,1,2,0,5,1,2,17.22,21.21,100,19.9995,6,128,134
9275,1,1,1,2,0,5,1,3,20.5,24.24,88,19.0012,14,206,220
9276,1,1,1,2,0,5,1,3,20.5,24.24,88,19.0012,6,101,107
9277,1,1,1,3,0,5,1,3,19.68,23.485,100,11.0014,9,117,126
9278,1,1,1,3,0,5,1,2,19.68,23.485,94,8.9981,10,95,105
9279,1,1,1,3,0,5,1,2,20.5,24.24,88,11.0014,25,155,180
9280,1,1,1,3,0,5,1,1,20.5,24.24,59,31.0009,26,175,201
9281,1,1,1,3,0,5,1,1,20.5,24.24,55,36.9974,23,153,176
9282,1,1,1,3,0,5,1,1,19.68,23.485,51,22.0028,27,170,197
9283,1,1,1,3,0,5,1,1,18.04,21.97,51,36.9974,26,241,267
9284,1,1,1,3,0,5,1,1,17.22,21.21,50,39.0007,16,406,422
9285,1,1,1,4,0,5,1,1,16.4,20.455,50,32.9975,20,363,383
9286,1,1,1,4,0,5,1,1,14.76,16.665,50,26.0027,10,241,251
9287,1,1,1,4,0,5,1,1,13.94,15.15,53,23.9994,6,153,159
9288,1,1,1,4,0,5,1,1,13.94,14.395,53,35.0008,8,127,135
9289,1,1,1,1,0,5,1,1,13.94,15.15,49,26.0027,11,108,119
9290,1,1,1,1,0,5,1,1,13.12,14.395,49,27.9993,8,78,86
9291,1,1,1,1,0,6,0,1,12.3,14.395,52,19.0012,1,68,69
9292,1,1,1,1,0,6,0,1,12.3,15.15,52,11.0014,1,57,58
9293,1,1,1,1,0,6,0,1,10.66,15.15,60,0,3,38,41
9294,1,1,1,1,0,6,0,1,10.66,14.395,60,6.0032,1,16,17
9295,1,1,1,1,0,6,0,1,10.66,12.88,60,11.0014,0,8,8
9296,1,1,1,1,0,6,0,1,9.84,12.88,75,6.0032,0,10,10
9297,1,1,1,1,0,6,0,1,9.84,14.395,70,0,3,12,15
9298,1,1,1,2,0,6,0,1,9.02,13.635,75,0,3,28,31
9299,1,1,1,2,0,6,0,1,8.2,11.365,80,6.0032,9,82,91
9300,1,1,1,2,0,6,0,1,9.02,13.635,80,0,13,145,158
9301,1,1,1,3,0,6,0,1,10.66,13.635,70,8.9981,27,164,191
9302,1,1,1,3,0,6,0,1,12.3,15.15,56,8.9981,55,241,296
9303,1,1,1,3,0,6,0,1,12.3,14.395,61,19.0012,70,244,314
9304,1,1,1,3,0,6,0,1,13.94,15.91,57,16.9979,80,293,373
9305,1,1,1,3,0,6,0,1,15.58,19.695,50,26.0027,123,239,362
9306,1,1,1,3,0,6,0,1,16.4,20.455,47,22.0028,90,320,410
9307,1,1,1,3,0,6,0,1,17.22,21.21,44,23.9994,131,276,407
9308,1,1,1,3,0,6,0,1,17.22,21.21,44,26.0027,57,233,290
9309,1,1,1,4,0,6,0,1,17.22,21.21,41,15.0013,40,201,241
9310,1,1,1,4,0,6,0,2,17.22,21.21,41,36.9974,33,173,206
9311,1,1,1,4,0,6,0,1,16.4,20.455,35,26.0027,5,115,120
9312,1,1,1,4,0,6,0,1,14.76,16.665,29,23.9994,18,109,127
9313,1,1,1,1,0,6,0,1,13.94,16.665,34,12.998,6,97,103
9314,1,1,1,1,0,6,0,1,13.12,15.91,31,12.998,6,79,85
9315,1,1,1,1,0,0,0,1,12.3,14.395,33,15.0013,15,81,96
9316,1,1,1,1,0,0,0,1,12.3,13.635,28,23.9994,5,68,73
9317,1,1,1,1,0,0,0,1,11.48,12.88,26,22.0028,3,48,51
9318,1,1,1,1,0,0,0,1,10.66,12.88,28,12.998,4,17,21
9319,1,1,1,1,0,0,0,1,9.84,12.88,30,0,0,5,5
9320,1,1,1,1,0,0,0,1,8.2,10.605,51,8.9981,1,6,7
9321,1,1,1,1,0,0,0,1,8.2,11.365,40,7.0015,1,4,5
9322,1,1,1,2,0,0,0,1,8.2,10.605,37,8.9981,0,12,12
9323,1,1,1,2,0,0,0,1,7.38,9.85,40,8.9981,9,61,70
9324,1,1,1,2,0,0,0,1,7.38,9.85,43,8.9981,13,98,111
9325,1,1,1,3,0,0,0,1,9.84,12.12,35,8.9981,38,153,191
9326,1,1,1,3,0,0,0,1,11.48,13.635,28,15.0013,57,198,255
9327,1,1,1,3,0,0,0,1,13.12,15.15,26,15.0013,73,215,288
9328,1,1,1,3,0,0,0,1,13.12,15.15,26,15.0013,78,238,316
9329,1,1,1,3,0,0,0,1,13.12,15.15,26,16.9979,51,229,280
9330,1,1,1,3,0,0,0,1,14.76,16.665,25,19.0012,68,242,310
9331,1,1,1,3,0,0,0,1,14.76,16.665,21,27.9993,54,268,322
9332,1,1,1,3,0,0,0,1,14.76,16.665,21,27.9993,33,201,234
9333,1,1,1,4,0,0,0,1,13.94,15.15,23,23.9994,17,151,168
9334,1,1,1,4,0,0,0,1,13.12,15.15,29,16.9979,14,145,159
9335,1,1,1,4,0,0,0,1,12.3,14.395,39,15.0013,13,98,111
9336,1,1,1,4,0,0,0,1,12.3,14.395,33,19.0012,0,69,69
9337,1,1,1,1,0,0,0,1,13.12,14.395,26,26.0027,7,57,64
9338,1,1,1,1,0,0,0,1,12.3,13.635,33,22.0028,4,21,25
9339,1,1,1,1,0,1,1,2,13.12,14.395,26,27.9993,0,10,10
9340,1,1,1,1,0,1,1,1,10.66,11.365,60,23.9994,0,9,9
9341,1,1,1,1,0,1,1,1,9.84,10.605,48,23.9994,1,6,7
9342,1,1,1,1,0,1,1,1,9.84,11.365,48,12.998,0,4,4
9343,1,1,1,1,0,1,1,1,8.2,10.605,51,8.9981,0,5,5
9344,1,1,1,1,0,1,1,1,8.2,10.605,51,8.9981,0,26,26
9345,1,1,1,1,0,1,1,1,9.02,10.605,44,16.9979,0,80,80
9346,1,1,1,2,0,1,1,1,9.02,10.605,44,19.0012,4,221,225
9347,1,1,1,2,0,1,1,1,8.2,9.85,47,15.0013,12,481,493
9348,1,1,1,2,0,1,1,1,8.2,9.85,47,15.0013,5,193,198
9349,1,1,1,3,0,1,1,1,9.02,10.605,41,19.0012,3,82,85
9350,1,1,1,3,0,1,1,1,10.66,12.88,38,0,6,93,99
9351,1,1,1,3,0,1,1,1,10.66,11.365,35,26.0027,5,129,134
9352,1,1,1,3,0,1,1,1,12.3,14.395,31,12.998,15,117,132
9353,1,1,1,3,0,1,1,1,13.12,16.665,24,8.9981,15,100,115
9354,1,1,1,3,0,1,1,1,13.12,15.91,24,12.998,7,131,138
9355,1,1,1,3,0,1,1,1,13.94,16.665,25,12.998,11,210,221
9356,1,1,1,3,0,1,1,1,14.76,17.425,21,12.998,16,422,438
9357,1,1,1,4,0,1,1,1,13.94,16.665,23,11.0014,11,399,410
9358,1,1,1,4,0,1,1,1,12.3,15.91,45,7.0015,8,298,306
9359,1,1,1,4,0,1,1,1,12.3,15.15,39,11.0014,2,179,181
9360,1,1,1,4,0,1,1,1,12.3,15.15,42,11.0014,3,159,162
9361,1,1,1,1,0,1,1,1,11.48,13.635,48,15.0013,2,92,94
9362,1,1,1,1,0,1,1,1,10.66,12.88,60,12.998,0,52,52
9363,1,1,1,1,0,2,1,1,11.48,13.635,52,16.9979,0,15,15
9364,1,1,1,1,0,2,1,1,12.3,13.635,42,19.9995,1,7,8
9365,1,1,1,1,0,2,1,1,12.3,14.395,42,15.0013,0,2,2
9366,1,1,1,1,0,2,1,1,12.3,14.395,45,15.0013,0,2,2
9367,1,1,1,1,0,2,1,1,12.3,14.395,49,12.998,0,1,1
9368,1,1,1,1,0,2,1,1,12.3,14.395,49,12.998,0,22,22
9369,1,1,1,1,0,2,1,1,11.48,13.635,52,11.0014,0,104,104
9370,1,1,1,2,0,2,1,1,10.66,12.88,60,12.998,6,273,279
9371,1,1,1,2,0,2,1,1,10.66,13.635,60,7.0015,14,498,512
9372,1,1,1,2,0,2,1,1,12.3,14.395,52,12.998,30,231,261
9373,1,1,1,3,0,2,1,2,13.12,15.91,57,12.998,34,110,144
9374,1,1,1,3,0,2,1,1,16.4,20.455,37,19.0012,14,125,139
9375,1,1,1,3,0,2,1,1,16.4,20.455,43,19.9995,13,181,194
9376,1,1,1,3,0,2,1,1,18.86,22.725,36,15.0013,27,171,198
9377,1,1,1,3,0,2,1,1,20.5,24.24,29,22.0028,18,142,160
9378,1,1,1,3,0,2,1,1,22.14,25.76,26,30.0026,27,150,177
9379,1,1,1,3,0,2,1,1,22.14,25.76,26,30.0026,30,277,307
9380,1,1,1,3,0,2,1,1,22.14,25.76,26,27.9993,41,518,559
9381,1,1,1,4,0,2,1,1,22.14,25.76,24,23.9994,16,486,502
9382,1,1,1,4,0,2,1,1,20.5,24.24,29,19.0012,22,306,328
9383,1,1,1,4,0,2,1,1,16.4,20.455,58,7.0015,15,223,238
9384,1,1,1,4,0,2,1,1,18.86,22.725,33,19.9995,3,162,165
9385,1,1,1,1,0,2,1,1,18.04,21.97,35,19.9995,11,118,129
9386,1,1,1,1,0,2,1,1,18.04,21.97,38,16.9979,2,61,63
9387,1,1,2,1,0,3,1,1,18.04,21.97,38,19.0012,0,31,31
9388,1,1,2,1,0,3,1,1,18.04,21.97,41,19.0012,0,4,4
9389,1,1,2,1,0,3,1,1,18.04,21.97,44,19.0012,1,6,7
9390,1,1,2,1,0,3,1,1,18.04,21.97,44,12.998,0,3,3
9391,1,1,2,1,0,3,1,1,16.4,20.455,50,11.0014,0,1,1
9392,1,1,2,1,0,3,1,1,16.4,20.455,50,11.0014,0,18,18
9393,1,1,2,1,0,3,1,3,16.4,20.455,54,11.0014,0,67,67
9394,1,1,2,2,0,3,1,3,15.58,19.695,62,6.0032,7,201,208
9395,1,1,2,2,0,3,1,3,14.76,18.18,73,7.0015,15,505,520
9396,1,1,2,2,0,3,1,2,14.76,17.425,71,12.998,9,267,276
9397,1,1,2,3,0,3,1,1,16.4,20.455,62,8.9981,9,124,133
9398,1,1,2,3,0,3,1,1,16.4,20.455,58,11.0014,27,116,143
9399,1,1,2,3,0,3,1,1,18.04,21.97,54,7.0015,26,153,179
9400,1,1,2,3,0,3,1,1,18.86,22.725,47,15.0013,12,174,186
9401,1,1,2,3,0,3,1,1,25.42,31.06,33,15.0013,33,159,192
9402,1,1,2,3,0,3,1,1,24.6,31.06,35,19.0012,25,169,194
9403,1,1,2,3,0,3,1,1,24.6,31.06,40,15.0013,22,261,283
9404,1,1,2,3,0,3,1,1,23.78,27.275,43,12.998,31,508,539
9405,1,1,2,4,0,3,1,1,22.96,26.515,46,11.0014,12,514,526
9406,1,1,2,4,0,3,1,1,22.14,25.76,52,19.0012,20,315,335
9407,1,1,2,4,0,3,1,1,21.32,25,52,11.0014,10,254,264
9408,1,1,2,4,0,3,1,1,21.32,25,52,11.0014,16,217,233
9409,1,1,2,1,0,3,1,1,20.5,24.24,55,12.998,7,133,140
9410,1,1,2,1,0,3,1,1,18.86,22.725,63,6.0032,22,75,97
9411,1,1,2,1,0,4,1,1,18.86,22.725,59,8.9981,7,24,31
9412,1,1,2,1,0,4,1,2,18.86,22.725,55,0,3,14,17
9413,1,1,2,1,0,4,1,2,17.22,21.21,67,8.9981,2,7,9
9414,1,1,2,1,0,4,1,2,17.22,21.21,67,8.9981,0,2,2
9415,1,1,2,1,0,4,1,3,16.4,20.455,82,6.0032,0,1,1
9416,1,1,2,1,0,4,1,3,16.4,20.455,82,0,0,19,19
9417,1,1,2,1,0,4,1,3,14.76,18.94,90,0,1,73,74
9418,1,1,2,2,0,4,1,3,14.76,18.94,93,0,4,201,205
9419,1,1,2,2,0,4,1,3,16.4,20.455,87,0,9,436,445
9420,1,1,2,2,0,4,1,3,15.58,19.695,87,0,15,213,228
9421,1,1,2,3,0,4,1,3,17.22,21.21,77,7.0015,6,72,78
9422,1,1,2,3,0,4,1,3,16.4,20.455,82,16.9979,6,99,105
9423,1,1,2,3,0,4,1,1,17.22,21.21,82,0,8,140,148
9424,1,1,2,3,0,4,1,2,17.22,21.21,77,0,13,124,137
9425,1,1,2,3,0,4,1,1,16.4,20.455,76,7.0015,12,129,141
9426,1,1,2,3,0,4,1,1,18.86,22.725,67,11.0014,24,150,174
9427,1,1,2,3,0,4,1,1,18.86,22.725,55,19.0012,18,211,229
9428,1,1,2,3,0,4,1,1,17.22,21.21,54,32.9975,13,437,450
9429,1,1,2,4,0,4,1,1,16.4,20.455,43,31.0009,17,393,410
9430,1,1,2,4,0,4,1,1,15.58,19.695,43,35.0008,16,311,327
9431,1,1,2,4,0,4,1,1,14.76,15.91,46,35.0008,9,204,213
9432,1,1,2,4,0,4,1,1,13.94,15.15,46,27.9993,4,144,148
9433,1,1,2,1,0,4,1,1,13.12,14.395,49,27.9993,3,106,109
9434,1,1,2,1,0,4,1,1,13.12,15.15,49,16.9979,0,61,61
9435,1,1,2,1,0,5,1,1,13.12,14.395,53,26.0027,1,37,38
9436,1,1,2,1,0,5,1,1,12.3,13.635,56,22.0028,3,19,22
9437,1,1,2,1,0,5,1,1,12.3,14.395,52,15.0013,0,6,6
9438,1,1,2,1,0,5,1,1,11.48,12.88,56,19.9995,0,4,4
9439,1,1,2,1,0,5,1,1,10.66,12.88,60,15.0013,0,2,2
9440,1,1,2,1,0,5,1,1,10.66,12.88,60,15.0013,0,17,17
9441,1,1,2,1,0,5,1,1,9.84,12.12,65,11.0014,0,88,88
9442,1,1,2,2,0,5,1,1,9.84,11.365,65,15.0013,10,216,226
9443,1,1,2,2,0,5,1,1,9.84,11.365,65,15.0013,12,429,441
9444,1,1,2,2,0,5,1,1,9.84,11.365,65,12.998,18,252,270
9445,1,1,2,3,0,5,1,1,11.48,12.88,56,19.0012,15,114,129
9446,1,1,2,3,0,5,1,1,13.12,15.15,53,19.9995,15,149,164
9447,1,1,2,3,0,5,1,1,13.94,16.665,46,8.9981,25,191,216
9448,1,1,2,3,0,5,1,1,14.76,18.18,46,0,25,173,198
9449,1,1,2,3,0,5,1,1,14.76,17.425,46,15.0013,22,148,170
9450,1,1,2,3,0,5,1,1,15.58,19.695,40,0,48,168,216
9451,1,1,2,3,0,5,1,1,16.4,20.455,37,7.0015,36,275,311
9452,1,1,2,3,0,5,1,1,16.4,20.455,37,6.0032,30,458,488
9453,1,1,2,4,0,5,1,1,15.58,19.695,40,8.9981,17,368,385
9454,1,1,2,4,0,5,1,1,13.94,17.425,49,7.0015,11,256,267
9455,1,1,2,4,0,5,1,1,13.94,17.425,49,7.0015,8,155,163
9456,1,1,2,4,0,5,1,1,13.94,17.425,49,7.0015,8,126,134
9457,1,1,2,1,0,5,1,1,13.94,17.425,49,7.0015,3,116,119
9458,1,1,2,1,0,5,1,1,10.66,13.635,70,7.0015,3,74,77
9459,1,1,2,1,0,6,0,1,10.66,13.635,70,7.0015,10,76,86
9460,1,1,2,1,0,6,0,1,10.66,13.635,70,7.0015,0,43,43
9461,1,1,2,1,0,6,0,1,9.84,12.88,70,6.0032,6,38,44
9462,1,1,2,1,0,6,0,1,9.84,14.395,75,0,1,17,18
9463,1,1,2,1,0,6,0,1,9.84,12.88,81,6.0032,1,5,6
9464,1,1,2,1,0,6,0,1,9.84,12.88,81,6.0032,1,3,4
9465,1,1,2,1,0,6,0,1,9.02,11.365,87,8.9981,1,4,5
9466,1,1,2,2,0,6,0,2,9.84,12.12,87,8.9981,1,27,28
9467,1,1,2,2,0,6,0,1,9.84,14.395,87,0,4,86,90
9468,1,1,2,2,0,6,0,1,9.84,12.12,81,8.9981,16,141,157
9469,1,1,2,3,0,6,0,1,9.84,12.88,87,7.0015,31,193,224
9470,1,1,2,3,0,6,0,1,12.3,16.665,70,0,46,224,270
9471,1,1,2,3,0,6,0,2,12.3,15.91,70,6.0032,40,260,300
9472,1,1,2,3,0,6,0,2,12.3,14.395,70,12.998,58,244,302
9473,1,1,2,3,0,6,0,2,13.12,15.15,66,15.0013,47,229,276
9474,1,1,2,3,0,6,0,2,13.12,15.15,66,15.0013,61,244,305
9475,1,1,2,3,0,6,0,2,13.94,16.665,61,11.0014,20,123,143
9476,1,1,2,3,0,6,0,3,12.3,14.395,70,12.998,13,54,67
9477,1,1,2,4,0,6,0,3,11.48,13.635,75,11.0014,6,58,64
9478,1,1,2,4,0,6,0,3,10.66,13.635,87,8.9981,5,75,80
9479,1,1,2,4,0,6,0,3,9.84,11.365,93,12.998,4,73,77
9480,1,1,2,4,0,6,0,3,9.84,12.12,93,8.9981,4,74,78
9481,1,1,2,1,0,6,0,2,9.84,12.88,87,6.0032,4,91,95
9482,1,1,2,1,0,6,0,2,9.84,12.12,87,8.9981,4,66,70
9483,1,1,2,1,0,0,0,2,9.84,12.12,87,8.9981,3,58,61
9484,1,1,2,1,0,0,0,2,9.84,12.88,93,7.0015,5,46,51
9485,1,1,2,1,0,0,0,2,9.84,12.88,93,7.0015,4,59,63
9486,1,1,2,1,0,0,0,3,9.84,12.88,87,6.0032,4,13,17
9487,1,1,2,1,0,0,0,2,9.84,12.12,87,8.9981,0,9,9
9488,1,1,2,1,0,0,0,3,10.66,12.88,81,12.998,0,4,4
9489,1,1,2,1,0,0,0,2,10.66,12.12,70,16.9979,0,4,4
9490,1,1,2,2,0,0,0,2,9.84,12.12,75,11.0014,0,16,16
9491,1,1,2,2,0,0,0,2,9.84,12.12,75,11.0014,4,58,62
9492,1,1,2,2,0,0,0,2,9.84,11.365,70,15.0013,9,83,92
9493,1,1,2,3,0,0,0,2,10.66,12.12,65,19.0012,10,138,148
9494,1,1,2,3,0,0,0,2,10.66,12.88,70,12.998,22,160,182
9495,1,1,2,3,0,0,0,2,10.66,12.88,65,12.998,25,223,248
9496,1,1,2,3,0,0,0,2,11.48,13.635,61,11.0014,33,241,274
9497,1,1,2,3,0,0,0,1,12.3,15.15,61,11.0014,40,203,243
9498,1,1,2,3,0,0,0,2,12.3,14.395,56,16.9979,55,217,272
9499,1,1,2,3,0,0,0,1,12.3,14.395,56,15.0013,35,261,296
9500,1,1,2,3,0,0,0,1,13.12,15.91,53,11.0014,31,275,306
9501,1,1,2,4,0,0,0,1,12.3,14.395,52,16.9979,10,171,181
9502,1,1,2,4,0,0,0,1,12.3,14.395,52,15.0013,6,63,69
9503,1,1,2,4,0,0,0,1,11.48,13.635,56,12.998,3,47,50
9504,1,1,2,4,0,0,0,1,11.48,14.395,56,7.0015,6,60,66
9505,1,1,2,1,0,0,0,1,10.66,13.635,60,7.0015,9,182,191
9506,1,1,2,1,0,0,0,1,9.84,12.12,70,8.9981,4,38,42
9507,1,1,2,1,0,1,1,1,9.84,12.12,65,8.9981,7,14,21
9508,1,1,2,1,0,1,1,1,9.02,12.88,75,6.0032,0,6,6
9509,1,1,2,1,0,1,1,1,9.02,13.635,75,0,0,3,3
9510,1,1,2,1,0,1,1,1,7.38,10.605,80,7.0015,0,2,2
9511,1,1,2,1,0,1,1,1,7.38,10.605,80,7.0015,0,17,17
9512,1,1,2,1,0,1,1,1,6.56,9.09,86,7.0015,0,72,72
9513,1,1,2,2,0,1,1,1,6.56,9.09,86,7.0015,5,229,234
9514,1,1,2,2,0,1,1,1,6.56,9.09,86,8.9981,10,434,444
9515,1,1,2,2,0,1,1,1,7.38,10.605,80,7.0015,8,269,277
9516,1,1,2,3,0,1,1,1,9.02,12.12,75,7.0015,20,96,116
9517,1,1,2,3,0,1,1,1,10.66,13.635,70,8.9981,12,104,116
9518,1,1,2,3,0,1,1,1,13.12,15.91,61,11.0014,19,131,150
9519,1,1,2,3,0,1,1,1,15.58,19.695,40,15.0013,17,124,141
9520,1,1,2,3,0,1,1,1,16.4,20.455,35,11.0014,14,126,140
9521,1,1,2,3,0,1,1,1,17.22,21.21,32,19.0012,25,146,171
9522,1,1,2,3,0,1,1,1,16.4,20.455,43,16.9979,13,215,228
9523,1,1,2,3,0,1,1,1,16.4,20.455,43,16.9979,13,417,430
9524,1,1,2,4,0,1,1,1,15.58,19.695,43,15.0013,11,426,437
9525,1,1,2,4,0,1,1,1,14.76,16.665,43,16.9979,7,284,291
9526,1,1,2,4,0,1,1,1,13.94,16.665,46,11.0014,7,194,201
9527,1,1,2,4,0,1,1,1,13.12,15.91,57,11.0014,11,143,154
9528,1,1,2,1,0,1,1,1,12.3,15.15,65,8.9981,4,83,87
9529,1,1,2,1,0,1,1,1,12.3,15.15,65,8.9981,3,43,46
9530,1,1,2,1,0,2,1,1,12.3,14.395,70,12.998,1,22,23
9531,1,1,2,1,0,2,1,1,11.48,14.395,61,8.9981,8,6,14
9532,1,1,2,1,0,2,1,1,12.3,16.665,61,0,0,4,4
9533,1,1,2,1,0,2,1,2,12.3,16.665,70,0,1,1,2
9534,1,1,2,1,0,2,1,2,12.3,16.665,70,0,0,3,3
9535,1,1,2,1,0,2,1,1,13.12,16.665,49,6.0032,0,15,15
9536,1,1,2,1,0,2,1,1,13.12,15.15,45,19.9995,2,98,100
9537,1,1,2,2,0,2,1,1,13.12,17.425,45,0,6,293,299
9538,1,1,2,2,0,2,1,1,12.3,15.91,49,0,7,522,529
9539,1,1,2,2,0,2,1,1,13.12,16.665,49,0,11,278,289
9540,1,1,2,3,0,2,1,1,13.94,16.665,46,11.0014,12,104,116
9541,1,1,2,3,0,2,1,1,14.76,17.425,46,12.998,9,120,129
9542,1,1,2,3,0,2,1,1,16.4,20.455,40,22.0028,9,163,172
9543,1,1,2,3,0,2,1,1,18.04,21.97,38,16.9979,15,169,184
9544,1,1,2,3,0,2,1,1,18.04,21.97,38,16.9979,11,127,138
9545,1,1,2,3,0,2,1,1,18.04,21.97,38,12.998,13,133,146
9546,1,1,2,3,0,2,1,1,18.04,21.97,35,16.9979,19,257,276
9547,1,1,2,3,0,2,1,1,18.04,21.97,35,12.998,15,494,509
9548,1,1,2,4,0,2,1,1,17.22,21.21,38,12.998,10,508,518
9549,1,1,2,4,0,2,1,1,15.58,19.695,43,15.0013,11,327,338
9550,1,1,2,4,0,2,1,1,14.76,17.425,50,8.9981,6,206,212
9551,1,1,2,4,0,2,1,1,13.94,17.425,61,7.0015,20,170,190
9552,1,1,2,1,0,2,1,1,13.12,15.91,57,12.998,11,107,118
9553,1,1,2,1,0,2,1,1,13.12,16.665,57,8.9981,2,49,51
9554,1,1,2,1,0,3,1,1,12.3,14.395,56,15.0013,2,21,23
9555,1,1,2,1,0,3,1,1,11.48,13.635,61,11.0014,1,9,10
9556,1,1,2,1,0,3,1,1,10.66,15.15,65,0,0,1,1
9557,1,1,2,1,0,3,1,1,10.66,15.15,65,0,0,1,1
9558,1,1,2,1,0,3,1,1,9.84,12.88,70,6.0032,0,1,1
9559,1,1,2,1,0,3,1,1,9.84,12.88,70,6.0032,0,20,20
9560,1,1,2,1,0,3,1,2,9.84,14.395,70,0,3,95,98
9561,1,1,2,2,0,3,1,2,9.84,12.88,70,7.0015,5,276,281
9562,1,1,2,2,0,3,1,2,9.84,11.365,70,15.0013,13,495,508
9563,1,1,2,2,0,3,1,2,9.84,12.88,70,11.0014,8,245,253
9564,1,1,2,3,0,3,1,2,10.66,12.88,70,15.0013,1,107,108
9565,1,1,2,3,0,3,1,2,10.66,12.88,65,15.0013,5,97,102
9566,1,1,2,3,0,3,1,2,11.48,12.88,65,19.0012,14,124,138
9567,1,1,2,3,0,3,1,2,11.48,14.395,61,7.0015,15,111,126
9568,1,1,2,3,0,3,1,2,12.3,15.15,56,11.0014,8,100,108
9569,1,1,2,3,0,3,1,3,12.3,15.91,61,7.0015,5,49,54
9570,1,1,2,3,0,3,1,3,10.66,13.635,81,7.0015,2,73,75
9571,1,1,2,3,0,3,1,3,9.84,12.88,87,7.0015,8,147,155
9572,1,1,2,4,0,3,1,3,9.84,12.88,87,7.0015,4,163,167
9573,1,1,2,4,0,3,1,3,9.84,12.88,87,7.0015,3,158,161
9574,1,1,2,4,0,3,1,3,9.84,12.12,87,8.9981,3,122,125
9575,1,1,2,4,0,3,1,3,9.84,11.365,87,12.998,3,126,129
9576,1,1,2,1,0,3,1,2,9.84,12.12,87,8.9981,3,95,98
9577,1,1,2,1,0,3,1,2,9.84,12.12,87,11.0014,3,57,60
9578,1,1,2,1,0,4,1,2,9.84,12.12,87,11.0014,3,23,26
9579,1,1,2,1,0,4,1,2,9.84,12.12,87,8.9981,2,10,12
9580,1,1,2,1,0,4,1,1,9.02,11.365,80,8.9981,0,2,2
9581,1,1,2,1,0,4,1,1,9.02,10.605,80,19.0012,0,4,4
9582,1,1,2,1,0,4,1,2,9.02,9.85,75,30.0026,0,1,1
9583,1,1,2,1,0,4,1,1,8.2,9.09,75,19.0012,0,18,18
9584,1,1,2,1,0,4,1,1,8.2,9.09,75,19.0012,1,75,76
9585,1,1,2,2,0,4,1,1,8.2,9.85,69,16.9979,4,263,267
9586,1,1,2,2,0,4,1,1,8.2,9.85,64,16.9979,11,473,484
9587,1,1,2,2,0,4,1,1,8.2,9.85,59,15.0013,9,229,238
9588,1,1,2,3,0,4,1,1,9.02,10.605,51,15.0013,7,90,97
9589,1,1,2,3,0,4,1,1,9.84,11.365,52,15.0013,4,95,99
9590,1,1,2,3,0,4,1,1,10.66,11.365,48,22.0028,10,148,158
9591,1,1,2,3,0,4,1,1,12.3,13.635,42,22.0028,10,144,154
9592,1,1,2,3,0,4,1,1,13.12,15.15,39,19.9995,18,126,144
9593,1,1,2,3,0,4,1,1,13.12,15.15,36,19.9995,14,120,134
9594,1,1,2,3,0,4,1,1,13.94,16.665,36,0,15,223,238
9595,1,1,2,3,0,4,1,1,13.94,16.665,34,8.9981,12,387,399
9596,1,1,2,4,0,4,1,1,13.94,16.665,31,11.0014,13,404,417
9597,1,1,2,4,0,4,1,1,13.12,16.665,33,7.0015,8,287,295
9598,1,1,2,4,0,4,1,1,13.12,17.425,36,0,2,197,199
9599,1,1,2,4,0,4,1,1,12.3,15.91,52,6.0032,8,169,177
9600,1,1,2,1,0,4,1,2,12.3,16.665,56,0,3,104,107
9601,1,1,2,1,0,4,1,2,12.3,16.665,52,0,9,75,84
9602,1,1,2,1,0,5,1,2,11.48,15.15,65,6.0032,4,39,43
9603,1,1,2,1,0,5,1,2,11.48,15.15,61,6.0032,2,11,13
9604,1,1,2,1,0,5,1,1,10.66,14.395,52,6.0032,7,9,16
9605,1,1,2,1,0,5,1,1,10.66,14.395,56,6.0032,0,5,5
9606,1,1,2,1,0,5,1,1,10.66,14.395,56,6.0032,0,2,2
9607,1,1,2,1,0,5,1,1,9.84,11.365,52,15.0013,0,17,17
9608,1,1,2,1,0,5,1,1,8.2,9.85,59,12.998,3,61,64
9609,1,1,2,2,0,5,1,1,8.2,10.605,59,11.0014,5,225,230
9610,1,1,2,2,0,5,1,1,8.2,10.605,59,11.0014,1,447,448
9611,1,1,2,2,0,5,1,1,9.02,11.365,55,11.0014,10,265,275
9612,1,1,2,3,0,5,1,2,10.66,13.635,48,8.9981,5,119,124
9613,1,1,2,3,0,5,1,2,11.48,14.395,45,7.0015,19,134,153
9614,1,1,2,3,0,5,1,2,12.3,15.15,42,8.9981,8,168,176
9615,1,1,2,3,0,5,1,2,12.3,15.91,42,6.0032,22,170,192
9616,1,1,2,3,0,5,1,2,13.12,16.665,39,6.0032,8,138,146
9617,1,1,2,3,0,5,1,2,13.12,16.665,45,8.9981,27,164,191
9618,1,1,2,3,0,5,1,2,13.94,15.91,42,16.9979,28,240,268
9619,1,1,2,3,0,5,1,2,13.94,16.665,42,12.998,15,381,396
9620,1,1,2,4,0,5,1,3,12.3,15.15,61,8.9981,14,345,359
9621,1,1,2,4,0,5,1,2,13.12,17.425,57,0,16,246,262
9622,1,1,2,4,0,5,1,2,13.12,17.425,57,0,7,144,151
9623,1,1,2,4,0,5,1,2,13.12,16.665,66,6.0032,14,108,122
9624,1,1,2,1,0,5,1,2,13.12,17.425,66,0,11,102,113
9625,1,1,2,1,0,5,1,2,12.3,15.91,70,6.0032,1,64,65
9626,1,1,2,1,0,6,0,2,12.3,15.15,70,8.9981,3,50,53
9627,1,1,2,1,0,6,0,3,11.48,14.395,81,8.9981,2,43,45
9628,1,1,2,1,0,6,0,3,10.66,12.88,81,12.998,2,24,26
9629,1,1,2,1,0,6,0,3,9.84,11.365,87,15.0013,0,9,9
9630,1,1,2,1,0,6,0,3,9.84,11.365,87,15.0013,0,4,4
9631,1,1,2,1,0,6,0,3,9.02,11.365,93,11.0014,0,2,2
9632,1,1,2,1,0,6,0,3,9.02,11.365,93,8.9981,1,8,9
9633,1,1,2,2,0,6,0,3,9.02,11.365,93,8.9981,0,19,19
9634,1,1,2,2,0,6,0,3,9.02,11.365,93,8.9981,1,77,78
9635,1,1,2,2,0,6,0,3,9.02,12.12,93,7.0015,5,85,90
9636,1,1,2,3,0,6,0,3,9.02,12.12,93,7.0015,23,143,166
9637,1,1,2,3,0,6,0,2,9.84,12.88,81,7.0015,26,157,183
9638,1,1,2,3,0,6,0,2,10.66,12.88,81,11.0014,25,196,221
9639,1,1,2,3,0,6,0,2,10.66,12.12,81,19.0012,18,217,235
9640,1,1,2,3,0,6,0,2,10.66,12.12,81,16.9979,38,205,243
9641,1,1,2,3,0,6,0,2,12.3,13.635,61,19.9995,12,112,124
9642,1,1,2,3,0,6,0,3,9.02,9.85,75,27.9993,12,134,146
9643,1,1,2,3,0,6,0,3,9.02,9.09,69,31.0009,13,131,144
9644,1,1,2,4,0,6,0,2,9.02,9.09,47,43.9989,3,105,108
9645,1,1,2,4,0,6,0,2,8.2,7.575,40,36.9974,2,85,87
9646,1,1,2,4,0,6,0,2,6.56,6.06,43,36.9974,1,62,63
9647,1,1,2,4,0,6,0,1,5.74,3.79,43,43.0006,5,43,48
9648,1,1,2,1,0,6,0,2,5.74,5.305,39,26.0027,0,46,46
9649,1,1,2,1,0,6,0,3,4.92,3.79,50,32.9975,0,20,20
9650,1,1,2,1,0,0,0,3,4.1,3.79,68,26.0027,0,21,21
9651,1,1,2,1,0,0,0,3,3.28,2.275,79,31.0009,0,24,24
9652,1,1,2,1,0,0,0,2,4.1,3.03,58,39.0007,1,26,27
9653,1,1,2,1,0,0,0,2,4.1,2.275,46,46.0022,0,14,14
9654,1,1,2,1,0,0,0,2,4.1,2.275,46,47.9988,0,1,1
9655,1,1,2,1,0,0,0,1,4.1,3.79,49,26.0027,0,3,3
9656,1,1,2,1,0,0,0,1,4.1,3.79,49,26.0027,0,2,2
9657,1,1,2,2,0,0,0,1,3.28,4.545,53,12.998,0,18,18
9658,1,1,2,2,0,0,0,1,3.28,3.79,53,16.9979,0,26,26
9659,1,1,2,2,0,0,0,1,4.1,4.545,49,19.9995,3,60,63
9660,1,1,2,3,0,0,0,1,4.92,5.305,42,23.9994,8,83,91
9661,1,1,2,3,0,0,0,1,4.92,5.305,42,19.9995,3,121,124
9662,1,1,2,3,0,0,0,1,5.74,3.79,39,43.0006,7,133,140
9663,1,1,2,3,0,0,0,1,6.56,6.06,40,30.0026,10,128,138
9664,1,1,2,3,0,0,0,1,6.56,6.06,40,35.0008,9,102,111
9665,1,1,2,3,0,0,0,1,6.56,6.06,40,36.9974,5,150,155
9666,1,1,2,3,0,0,0,1,8.2,8.335,34,31.0009,16,148,164
9667,1,1,2,3,0,0,0,1,7.38,7.575,37,27.9993,4,83,87
9668,1,1,2,4,0,0,0,1,6.56,6.06,40,31.0009,4,92,96
9669,1,1,2,4,0,0,0,1,6.56,6.82,40,19.0012,2,78,80
9670,1,1,2,4,0,0,0,1,5.74,6.06,42,22.0028,1,56,57
9671,1,1,2,4,0,0,0,1,5.74,6.06,43,19.9995,0,36,36
9672,1,1,2,1,0,0,0,1,5.74,7.575,43,11.0014,0,28,28
9673,1,1,2,1,0,0,0,1,5.74,6.82,43,15.0013,0,23,23
9674,1,1,2,1,0,1,1,1,5.74,6.82,46,15.0013,0,9,9
9675,1,1,2,1,0,1,1,1,4.92,6.06,50,15.0013,0,6,6
9676,1,1,2,1,0,1,1,1,5.74,6.82,46,12.998,0,4,4
9677,1,1,2,1,0,1,1,1,4.92,7.575,54,7.0015,0,1,1
9678,1,1,2,1,0,1,1,1,4.92,8.335,54,6.0032,0,2,2
9679,1,1,2,1,0,1,1,1,4.1,6.06,58,8.9981,0,17,17
9680,1,1,2,1,0,1,1,1,4.1,5.305,54,15.0013,1,71,72
9681,1,1,2,2,0,1,1,1,4.1,5.305,54,12.998,1,194,195
9682,1,1,2,2,0,1,1,1,4.1,6.06,54,8.9981,4,413,417
9683,1,1,2,2,0,1,1,1,4.92,6.82,50,12.998,7,198,205
9684,1,1,2,3,0,1,1,1,5.74,7.575,50,8.9981,1,70,71
9685,1,1,2,3,0,1,1,1,9.02,11.365,37,12.998,5,85,90
9686,1,1,2,3,0,1,1,1,11.48,12.88,28,22.0028,7,111,118
9687,1,1,2,3,0,1,1,1,13.12,15.15,22,15.0013,11,129,140
9688,1,1,2,3,0,1,1,1,13.94,17.425,23,7.0015,10,125,135
9689,1,1,2,3,0,1,1,1,14.76,17.425,27,8.9981,10,145,155
9690,1,1,2,3,0,1,1,1,14.76,17.425,23,12.998,5,206,211
9691,1,1,2,3,0,1,1,1,14.76,17.425,23,12.998,8,399,407
9692,1,1,2,4,0,1,1,1,13.94,15.91,25,16.9979,6,399,405
9693,1,1,2,4,0,1,1,1,13.94,16.665,25,8.9981,7,256,263
9694,1,1,2,4,0,1,1,1,12.3,15.15,42,11.0014,4,210,214
9695,1,1,2,4,0,1,1,1,11.48,14.395,45,8.9981,2,145,147
9696,1,1,2,1,0,1,1,1,10.66,13.635,56,7.0015,3,99,102
9697,1,1,2,1,0,1,1,1,11.48,15.91,41,0,2,34,36
9698,1,1,2,1,0,2,1,2,10.66,15.15,60,0,0,14,14
9699,1,1,2,1,0,2,1,2,10.66,15.15,56,0,0,6,6
9700,1,1,2,1,0,2,1,2,11.48,15.91,41,0,0,3,3
9701,1,1,2,1,0,2,1,2,10.66,15.15,52,0,0,3,3
9702,1,1,2,1,0,2,1,2,10.66,13.635,65,7.0015,0,2,2
9703,1,1,2,1,0,2,1,2,10.66,13.635,65,7.0015,2,20,22
9704,1,1,2,1,0,2,1,2,10.66,15.15,56,0,1,89,90
9705,1,1,2,2,0,2,1,2,9.84,12.88,60,6.0032,4,276,280
9706,1,1,2,2,0,2,1,2,9.84,14.395,70,0,3,510,513
9707,1,1,2,2,0,2,1,2,10.66,14.395,56,6.0032,6,256,262
9708,1,1,2,3,0,2,1,2,10.66,13.635,60,8.9981,8,90,98
9709,1,1,2,3,0,2,1,2,12.3,15.15,45,11.0014,5,107,112
9710,1,1,2,3,0,2,1,2,12.3,14.395,52,15.0013,10,162,172
9711,1,1,2,3,0,2,1,2,14.76,16.665,40,16.9979,6,167,173
9712,1,1,2,3,0,2,1,1,16.4,20.455,40,15.0013,13,111,124
9713,1,1,2,3,0,2,1,2,17.22,21.21,38,30.0026,7,138,145
9714,1,1,2,3,0,2,1,1,17.22,21.21,35,19.9995,15,251,266
9715,1,1,2,3,0,2,1,1,17.22,21.21,38,23.9994,19,504,523
9716,1,1,2,4,0,2,1,2,15.58,19.695,46,19.9995,8,398,406
9717,1,1,2,4,0,2,1,2,14.76,17.425,50,11.0014,11,270,281
9718,1,1,2,4,0,2,1,2,15.58,19.695,46,8.9981,6,178,184
9719,1,1,2,4,0,2,1,2,14.76,18.18,50,7.0015,4,105,109
9720,1,1,2,1,0,2,1,2,14.76,18.18,50,7.0015,5,72,77
9721,1,1,2,1,0,2,1,2,14.76,18.18,50,6.0032,2,55,57
9722,1,1,2,1,0,3,1,1,13.12,17.425,57,0,0,22,22
9723,1,1,2,1,0,3,1,1,13.94,18.18,53,0,0,5,5
9724,1,1,2,1,0,3,1,1,12.3,16.665,61,0,0,4,4
9725,1,1,2,1,0,3,1,1,11.48,15.91,75,0,0,3,3
9726,1,1,2,1,0,3,1,1,11.48,14.395,70,7.0015,0,1,1
9727,1,1,2,1,0,3,1,1,11.48,14.395,70,7.0015,0,25,25
9728,1,1,2,1,0,3,1,1,12.3,15.15,61,8.9981,3,92,95
9729,1,1,2,2,0,3,1,2,12.3,14.395,65,12.998,3,318,321
9730,1,1,2,2,0,3,1,1,13.12,14.395,61,23.9994,7,508,515
9731,1,1,2,2,0,3,1,1,13.12,15.15,61,22.0028,5,226,231
9732,1,1,2,3,0,3,1,1,13.94,15.15,57,19.9995,12,108,120
9733,1,1,2,3,0,3,1,1,14.76,16.665,53,19.0012,13,125,138
9734,1,1,2,3,0,3,1,1,15.58,19.695,46,26.0027,11,152,163
9735,1,1,2,3,0,3,1,1,16.4,20.455,43,19.0012,11,159,170
9736,1,1,2,3,0,3,1,1,17.22,21.21,41,23.9994,6,128,134
9737,1,1,2,3,0,3,1,1,17.22,21.21,41,15.0013,7,164,171
9738,1,1,2,3,0,3,1,1,17.22,21.21,38,12.998,9,222,231
9739,1,1,2,3,0,3,1,1,17.22,21.21,38,12.998,17,470,487
9740,1,1,2,4,0,3,1,1,16.4,20.455,40,15.0013,9,459,468
9741,1,1,2,4,0,3,1,1,15.58,19.695,43,11.0014,9,302,311
9742,1,1,2,4,0,3,1,1,14.76,17.425,46,11.0014,4,207,211
9743,1,1,2,4,0,3,1,1,13.94,16.665,53,11.0014,8,170,178
9744,1,1,2,1,0,3,1,1,13.94,17.425,49,7.0015,3,104,107
9745,1,1,2,1,0,3,1,1,13.94,17.425,53,6.0032,4,54,58
9746,1,1,2,1,0,4,1,2,12.3,15.15,70,8.9981,1,22,23
9747,1,1,2,1,0,4,1,2,12.3,16.665,70,0,0,5,5
9748,1,1,2,1,0,4,1,2,12.3,15.91,70,6.0032,1,6,7
9749,1,1,2,1,0,4,1,2,12.3,16.665,61,0,0,1,1
9750,1,1,2,1,0,4,1,3,12.3,15.91,70,6.0032,0,3,3
9751,1,1,2,1,0,4,1,2,12.3,16.665,70,0,0,20,20
9752,1,1,2,1,0,4,1,2,12.3,15.91,70,6.0032,4,83,87
9753,1,1,2,2,0,4,1,2,12.3,15.15,70,8.9981,3,285,288
9754,1,1,2,2,0,4,1,2,12.3,15.91,70,6.0032,9,489,498
9755,1,1,2,2,0,4,1,2,12.3,15.15,70,11.0014,3,199,202
9756,1,1,2,3,0,4,1,3,13.12,16.665,70,8.9981,2,42,44
9757,1,1,2,3,0,4,1,3,13.12,16.665,70,7.0015,2,69,71
9758,1,1,2,3,0,4,1,3,13.12,16.665,76,6.0032,1,44,45
9759,1,1,2,3,0,4,1,3,13.94,15.91,71,16.9979,2,62,64
9760,1,1,2,3,0,4,1,3,13.12,15.91,81,12.998,1,30,31
9761,1,1,2,3,0,4,1,3,13.94,18.18,76,0,3,50,53
9762,1,1,2,3,0,4,1,3,13.94,18.18,81,0,8,110,118
9763,1,1,2,3,0,4,1,3,13.94,18.18,87,0,8,281,289
9764,1,1,2,4,0,4,1,3,13.94,16.665,87,8.9981,8,345,353
9765,1,1,2,4,0,4,1,2,13.12,15.91,87,11.0014,4,254,258
9766,1,1,2,4,0,4,1,2,13.12,16.665,87,8.9981,5,211,216
9767,1,1,2,4,0,4,1,2,13.94,17.425,81,7.0015,3,142,145
9768,1,1,2,1,0,4,1,2,13.12,17.425,81,0,3,108,111
9769,1,1,2,1,0,4,1,1,13.12,16.665,81,6.0032,3,70,73
9770,1,1,2,1,0,5,1,2,12.3,16.665,87,0,2,32,34
9771,1,1,2,1,0,5,1,2,12.3,16.665,93,0,2,16,18
9772,1,1,2,1,0,5,1,2,12.3,15.91,93,7.0015,1,11,12
9773,1,1,2,1,0,5,1,2,11.48,14.395,93,7.0015,0,1,1
9774,1,1,2,1,0,5,1,2,11.48,13.635,93,12.998,0,1,1
9775,1,1,2,1,0,5,1,2,11.48,13.635,93,11.0014,0,16,16
9776,1,1,2,1,0,5,1,2,11.48,14.395,96,8.9981,1,70,71
9777,1,1,2,2,0,5,1,2,11.48,14.395,93,7.0015,4,222,226
9778,1,1,2,2,0,5,1,2,10.66,15.15,100,0,4,516,520
9779,1,1,2,2,0,5,1,2,10.66,15.15,100,0,8,275,283
9780,1,1,2,3,0,5,1,1,13.94,15.91,71,19.0012,13,103,116
9781,1,1,2,3,0,5,1,1,14.76,16.665,62,27.9993,9,133,142
9782,1,1,2,3,0,5,1,1,15.58,19.695,46,26.0027,21,177,198
9783,1,1,2,3,0,5,1,1,16.4,20.455,43,23.9994,34,171,205
9784,1,1,2,3,0,5,1,1,16.4,20.455,37,23.9994,33,137,170
9785,1,1,2,3,0,5,1,1,17.22,21.21,35,27.9993,41,180,221
9786,1,1,2,3,0,5,1,1,17.22,21.21,32,19.9995,56,251,307
9787,1,1,2,3,0,5,1,1,17.22,21.21,32,22.0028,36,429,465
9788,1,1,2,4,0,5,1,1,16.4,20.455,35,16.9979,15,362,377
9789,1,1,2,4,0,5,1,1,15.58,19.695,37,15.0013,16,266,282
9790,1,1,2,4,0,5,1,1,16.4,20.455,35,12.998,13,158,171
9791,1,1,2,4,0,5,1,1,15.58,19.695,37,12.998,15,114,129
9792,1,1,2,1,0,5,1,1,14.76,17.425,40,15.0013,15,92,107
9793,1,1,2,1,0,5,1,1,14.76,17.425,40,12.998,10,72,82
9794,1,1,2,1,0,6,0,1,13.94,16.665,42,11.0014,5,81,86
9795,1,1,2,1,0,6,0,1,13.12,15.91,49,11.0014,7,38,45
9796,1,1,2,1,0,6,0,1,12.3,14.395,61,16.9979,6,39,45
9797,1,1,2,1,0,6,0,1,11.48,14.395,65,7.0015,3,15,18
9798,1,1,2,1,0,6,0,1,10.66,15.15,70,0,3,4,7
9799,1,1,2,1,0,6,0,1,9.84,12.88,70,6.0032,0,1,1
9800,1,1,2,1,0,6,0,1,9.84,14.395,70,0,1,8,9
9801,1,1,2,2,0,6,0,1,9.84,14.395,70,0,8,33,41
9802,1,1,2,2,0,6,0,1,9.02,13.635,87,0,10,92,102
9803,1,1,2,2,0,6,0,1,9.02,12.12,80,7.0015,22,116,138
9804,1,1,2,3,0,6,0,1,10.66,13.635,81,7.0015,48,157,205
9805,1,1,2,3,0,6,0,1,13.12,16.665,57,8.9981,102,184,286
9806,1,1,2,3,0,6,0,1,14.76,17.425,43,12.998,128,241,369
9807,1,1,2,3,0,6,0,1,16.4,20.455,43,19.0012,165,219,384
9808,1,1,2,3,0,6,0,1,18.04,21.97,35,23.9994,183,244,427
9809,1,1,2,3,0,6,0,1,17.22,21.21,41,16.9979,229,270,499
9810,1,1,2,3,0,6,0,1,18.04,21.97,44,22.0028,186,218,404
9811,1,1,2,3,0,6,0,1,19.68,23.485,36,19.0012,142,222,364
9812,1,1,2,4,0,6,0,1,18.86,22.725,38,19.9995,70,176,246
9813,1,1,2,4,0,6,0,1,18.04,21.97,44,11.0014,38,150,188
9814,1,1,2,4,0,6,0,1,18.04,21.97,44,11.0014,25,123,148
9815,1,1,2,4,0,6,0,1,18.04,21.97,33,19.9995,25,89,114
9816,1,1,2,1,0,6,0,1,16.4,20.455,40,30.0026,17,101,118
9817,1,1,2,1,0,6,0,2,14.76,16.665,40,26.0027,12,62,74
9818,1,1,2,1,0,0,0,2,13.94,15.15,39,23.9994,9,65,74
9819,1,1,2,1,0,0,0,2,13.12,15.15,39,16.9979,10,62,72
9820,1,1,2,1,0,0,0,2,12.3,14.395,36,19.0012,3,45,48
9821,1,1,2,1,0,0,0,2,12.3,14.395,36,15.0013,3,12,15
9822,1,1,2,1,0,0,0,2,11.48,12.88,41,26.0027,0,3,3
9823,1,1,2,1,0,0,0,2,10.66,11.365,48,19.9995,1,1,2
9824,1,1,2,1,0,0,0,1,9.84,10.605,52,22.0028,0,5,5
9825,1,1,2,2,0,0,0,2,9.84,10.605,52,19.0012,2,12,14
9826,1,1,2,2,0,0,0,2,9.84,11.365,56,12.998,8,48,56
9827,1,1,2,2,0,0,0,2,9.84,11.365,56,16.9979,20,73,93
9828,1,1,2,3,0,0,0,2,10.66,12.12,52,16.9979,49,142,191
9829,1,1,2,3,0,0,0,2,10.66,11.365,56,22.0028,82,144,226
9830,1,1,2,3,0,0,0,2,11.48,13.635,52,16.9979,71,184,255
9831,1,1,2,3,0,0,0,1,12.3,15.15,49,11.0014,64,197,261
9832,1,1,2,3,0,0,0,2,13.12,15.91,45,12.998,48,189,237
9833,1,1,2,3,0,0,0,2,12.3,14.395,49,12.998,85,168,253
9834,1,1,2,3,0,0,0,2,13.12,15.15,45,19.0012,62,150,212
9835,1,1,2,3,0,0,0,2,12.3,14.395,49,16.9979,22,135,157
9836,1,1,2,4,0,0,0,2,12.3,13.635,49,22.0028,23,144,167
9837,1,1,2,4,0,0,0,2,12.3,14.395,52,16.9979,18,101,119
9838,1,1,2,4,0,0,0,2,12.3,14.395,52,19.0012,22,81,103
9839,1,1,2,4,0,0,0,3,10.66,12.88,65,11.0014,3,33,36
9840,1,1,2,1,0,0,0,3,9.84,12.88,75,6.0032,8,47,55
9841,1,1,2,1,0,0,0,2,9.02,11.365,93,11.0014,5,30,35
9842,1,1,2,1,1,1,0,2,9.84,12.88,87,6.0032,5,36,41
9843,1,1,2,1,1,1,0,2,9.84,12.88,87,6.0032,3,12,15
9844,1,1,2,1,1,1,0,2,9.84,12.88,87,6.0032,1,19,20
9845,1,1,2,1,1,1,0,2,9.84,11.365,81,12.998,0,8,8
9846,1,1,2,1,1,1,0,2,9.84,10.605,60,23.9994,0,6,6
9847,1,1,2,1,1,1,0,1,9.84,9.85,52,27.9993,1,9,10
9848,1,1,2,2,1,1,0,2,9.02,9.85,55,22.0028,2,42,44
9849,1,1,2,2,1,1,0,1,8.2,9.09,59,23.9994,9,111,120
9850,1,1,2,2,1,1,0,1,8.2,9.09,59,23.9994,12,98,110
9851,1,1,2,3,1,1,0,1,9.02,9.85,55,30.0026,30,113,143
9852,1,1,2,3,1,1,0,1,10.66,11.365,48,23.9994,45,163,208
9853,1,1,2,3,1,1,0,1,11.48,13.635,45,15.0013,65,216,281
9854,1,1,2,3,1,1,0,1,12.3,14.395,42,19.0012,66,246,312
9855,1,1,2,3,1,1,0,1,13.12,15.91,36,12.998,57,206,263
9856,1,1,2,3,1,1,0,1,13.94,15.91,34,15.0013,54,235,289
9857,1,1,2,3,1,1,0,1,14.76,18.94,29,7.0015,64,216,280
9858,1,1,2,3,1,1,0,1,15.58,19.695,27,16.9979,27,226,253
9859,1,1,2,4,1,1,0,1,13.94,15.91,34,15.0013,27,215,242
9860,1,1,2,4,1,1,0,1,13.94,15.91,34,15.0013,8,164,172
9861,1,1,2,4,1,1,0,1,13.94,16.665,34,12.998,9,117,126
9862,1,1,2,4,1,1,0,1,12.3,15.15,39,11.0014,8,90,98
9863,1,1,2,1,1,1,0,1,12.3,15.91,45,6.0032,9,53,62
9864,1,1,2,1,1,1,0,1,12.3,16.665,39,0,0,26,26
9865,1,1,2,1,0,2,1,1,10.66,15.15,65,0,1,11,12
9866,1,1,2,1,0,2,1,1,10.66,15.15,56,0,0,7,7
9867,1,1,2,1,0,2,1,1,9.84,14.395,60,0,0,3,3
9868,1,1,2,1,0,2,1,1,9.02,13.635,64,0,0,2,2
9869,1,1,2,1,0,2,1,1,8.2,12.88,69,0,0,15,15
9870,1,1,2,1,0,2,1,1,8.2,12.88,75,0,3,83,86
9871,1,1,2,2,0,2,1,1,9.02,13.635,64,0,6,273,279
9872,1,1,2,2,0,2,1,1,8.2,11.365,69,6.0032,5,459,464
9873,1,1,2,2,0,2,1,1,8.2,11.365,75,7.0015,6,211,217
9874,1,1,2,3,0,2,1,1,9.84,11.365,70,12.998,8,77,85
9875,1,1,2,3,0,2,1,2,10.66,12.12,70,19.0012,5,81,86
9876,1,1,2,3,0,2,1,2,12.3,13.635,56,26.0027,16,147,163
9877,1,1,2,3,0,2,1,1,13.94,15.15,49,27.9993,8,123,131
9878,1,1,2,3,0,2,1,2,13.12,14.395,53,26.0027,16,108,124
9879,1,1,2,3,0,2,1,1,13.94,15.15,49,27.9993,23,137,160
9880,1,1,2,3,0,2,1,1,14.76,16.665,46,27.9993,14,240,254
9881,1,1,2,3,0,2,1,1,15.58,19.695,40,30.0026,21,411,432
9882,1,1,2,4,0,2,1,1,15.58,19.695,40,30.0026,11,414,425
9883,1,1,2,4,0,2,1,1,14.76,16.665,46,19.9995,5,299,304
9884,1,1,2,4,0,2,1,1,13.94,15.91,53,16.9979,4,223,227
9885,1,1,2,4,0,2,1,1,13.94,16.665,61,11.0014,7,147,154
9886,1,1,2,1,0,2,1,2,13.94,16.665,71,12.998,3,97,100
9887,1,1,2,1,0,2,1,1,13.12,15.15,66,15.0013,1,46,47
9888,1,1,2,1,0,3,1,1,13.12,15.15,66,15.0013,5,19,24
9889,1,1,2,1,0,3,1,1,13.12,16.665,70,8.9981,3,4,7
9890,1,1,2,1,0,3,1,1,13.94,15.91,66,19.0012,1,5,6
9891,1,1,2,1,0,3,1,2,13.94,15.91,71,15.0013,1,3,4
9892,1,1,2,1,0,3,1,1,13.94,16.665,71,11.0014,0,2,2
9893,1,1,2,1,0,3,1,1,13.12,16.665,70,7.0015,1,29,30
9894,1,1,2,1,0,3,1,1,13.12,15.91,76,11.0014,5,85,90
9895,1,1,2,2,0,3,1,1,13.12,16.665,76,6.0032,10,292,302
9896,1,1,2,2,0,3,1,1,12.3,15.91,75,6.0032,9,567,576
9897,1,1,2,2,0,3,1,1,13.12,16.665,70,6.0032,11,241,252
9898,1,1,2,3,0,3,1,1,13.94,17.425,71,6.0032,17,122,139
9899,1,1,2,3,0,3,1,1,14.76,17.425,66,11.0014,22,149,171
9900,1,1,2,3,0,3,1,1,16.4,20.455,62,19.0012,21,186,207
9901,1,1,2,3,0,3,1,1,17.22,21.21,54,19.9995,15,175,190
9902,1,1,2,3,0,3,1,1,18.04,21.97,54,22.0028,35,142,177
9903,1,1,2,3,0,3,1,1,20.5,24.24,31,27.9993,34,161,195
9904,1,1,2,3,0,3,1,1,21.32,25,29,31.0009,30,268,298
9905,1,1,2,3,0,3,1,1,21.32,25,32,26.0027,43,486,529
9906,1,1,2,4,0,3,1,2,19.68,23.485,41,22.0028,42,483,525
9907,1,1,2,4,0,3,1,2,18.86,22.725,44,19.0012,22,305,327
9908,1,1,2,4,0,3,1,2,18.04,21.97,47,12.998,25,249,274
9909,1,1,2,4,0,3,1,2,19.68,23.485,33,19.0012,19,220,239
9910,1,1,2,1,0,3,1,2,18.04,21.97,47,16.9979,18,129,147
9911,1,1,2,1,0,3,1,2,18.86,22.725,41,19.0012,5,57,62
9912,1,1,2,1,0,4,1,2,18.04,21.97,47,16.9979,12,30,42
9913,1,1,2,1,0,4,1,2,18.04,21.97,58,19.0012,3,12,15
9914,1,1,2,1,0,4,1,2,18.04,21.97,62,15.0013,5,4,9
9915,1,1,2,1,0,4,1,3,18.04,21.97,67,12.998,2,4,6
9916,1,1,2,1,0,4,1,1,16.4,20.455,76,15.0013,0,1,1
9917,1,1,2,1,0,4,1,1,16.4,20.455,76,15.0013,2,30,32
9918,1,1,2,1,0,4,1,1,14.76,17.425,87,12.998,3,88,91
9919,1,1,2,2,0,4,1,1,14.76,17.425,81,15.0013,9,317,326
9920,1,1,2,2,0,4,1,1,13.94,16.665,87,12.998,11,549,560
9921,1,1,2,2,0,4,1,1,14.76,16.665,81,16.9979,14,228,242
9922,1,1,2,3,0,4,1,1,17.22,21.21,67,12.998,41,107,148
9923,1,1,2,3,0,4,1,1,19.68,23.485,48,19.0012,54,128,182
9924,1,1,2,3,0,4,1,1,20.5,24.24,42,16.9979,25,199,224
9925,1,1,2,3,0,4,1,1,21.32,25,39,12.998,30,188,218
9926,1,1,2,3,0,4,1,1,22.14,25.76,37,16.9979,36,156,192
9927,1,1,2,3,0,4,1,1,22.14,25.76,33,8.9981,46,171,217
9928,1,1,2,3,0,4,1,1,22.96,26.515,32,0,45,298,343
9929,1,1,2,3,0,4,1,1,22.14,25.76,32,11.0014,49,561,610
9930,1,1,2,4,0,4,1,1,22.14,25.76,37,8.9981,36,486,522
9931,1,1,2,4,0,4,1,1,20.5,24.24,39,6.0032,20,349,369
9932,1,1,2,4,0,4,1,1,18.86,22.725,44,8.9981,23,246,269
9933,1,1,2,4,0,4,1,1,18.04,21.97,51,15.0013,17,205,222
9934,1,1,2,1,0,4,1,1,18.04,21.97,54,16.9979,19,118,137
9935,1,1,2,1,0,4,1,1,18.04,21.97,54,0,14,71,85
9936,1,1,2,1,0,5,1,2,18.04,21.97,58,6.0032,12,34,46
9937,1,1,2,1,0,5,1,1,18.04,21.97,62,12.998,3,15,18
9938,1,1,2,1,0,5,1,3,17.22,21.21,77,19.0012,1,4,5
9939,1,1,2,1,0,5,1,1,17.22,21.21,82,8.9981,0,5,5
9940,1,1,2,1,0,5,1,1,16.4,20.455,87,8.9981,0,2,2
9941,1,1,2,1,0,5,1,2,16.4,20.455,87,12.998,1,25,26
9942,1,1,2,1,0,5,1,2,16.4,20.455,87,11.0014,2,80,82
9943,1,1,2,2,0,5,1,2,16.4,20.455,76,15.0013,7,265,272
9944,1,1,2,2,0,5,1,2,15.58,19.695,76,22.0028,17,452,469
9945,1,1,2,2,0,5,1,3,14.76,16.665,81,16.9979,15,229,244
9946,1,1,2,3,0,5,1,3,14.76,17.425,81,11.0014,22,119,141
9947,1,1,2,3,0,5,1,2,14.76,18.18,81,7.0015,27,136,163
9948,1,1,2,3,0,5,1,2,16.4,20.455,76,8.9981,27,201,228
9949,1,1,2,3,0,5,1,2,17.22,21.21,71,7.0015,30,153,183
9950,1,1,2,3,0,5,1,2,18.86,22.725,67,7.0015,5,26,31
9951,1,1,2,3,0,5,1,3,16.4,20.455,87,12.998,11,83,94
9952,1,1,2,3,0,5,1,3,16.4,20.455,87,12.998,12,166,178
9953,1,1,2,3,0,5,1,3,17.22,21.21,94,7.0015,14,242,256
9954,1,1,2,4,0,5,1,2,17.22,21.21,94,0,11,289,300
9955,1,1,2,4,0,5,1,2,18.04,21.97,88,7.0015,6,227,233
9956,1,1,2,4,0,5,1,1,18.04,21.97,62,27.9993,8,159,167
9957,1,1,2,4,0,5,1,1,17.22,21.21,35,54.002,1,151,152
9958,1,1,2,1,0,5,1,1,16.4,20.455,37,39.0007,4,102,106
9959,1,1,2,1,0,5,1,1,15.58,19.695,37,46.0022,10,76,86
9960,1,1,2,1,0,6,0,1,14.76,16.665,43,26.0027,5,56,61
9961,1,1,2,1,0,6,0,1,13.94,15.15,42,23.9994,4,42,46
9962,1,1,2,1,0,6,0,1,13.12,15.15,45,16.9979,1,37,38
9963,1,1,2,1,0,6,0,1,12.3,13.635,45,19.9995,0,7,7
9964,1,1,2,1,0,6,0,1,12.3,13.635,42,22.0028,0,2,2
9965,1,1,2,1,0,6,0,2,12.3,13.635,42,19.9995,0,3,3
9966,1,1,2,1,0,6,0,2,12.3,13.635,42,19.9995,1,12,13
9967,1,1,2,2,0,6,0,1,11.48,12.12,45,30.0026,3,20,23
9968,1,1,2,2,0,6,0,1,10.66,11.365,48,19.9995,3,90,93
9969,1,1,2,2,0,6,0,3,9.02,9.85,75,22.0028,15,107,122
9970,1,1,2,3,0,6,0,1,10.66,11.365,60,23.9994,24,159,183
9971,1,1,2,3,0,6,0,1,12.3,12.88,39,40.9973,23,187,210
9972,1,1,2,3,0,6,0,1,13.12,13.635,29,43.9989,41,217,258
9973,1,1,2,3,0,6,0,1,13.12,14.395,31,32.9975,48,178,226
9974,1,1,2,3,0,6,0,1,13.12,13.635,29,36.9974,35,181,216
9975,1,1,2,3,0,6,0,1,13.12,14.395,29,27.9993,21,211,232
9976,1,1,2,3,0,6,0,1,13.12,13.635,26,39.0007,32,163,195
9977,1,1,2,3,0,6,0,1,12.3,13.635,33,23.9994,16,143,159
9978,1,1,2,4,0,6,0,1,12.3,12.88,28,39.0007,7,126,133
9979,1,1,2,4,0,6,0,1,10.66,10.605,33,30.0026,12,137,149
9980,1,1,2,4,0,6,0,1,10.66,10.605,30,36.9974,10,95,105
9981,1,1,2,4,0,6,0,1,9.84,10.605,35,22.0028,5,80,85
9982,1,1,2,1,0,6,0,1,9.84,9.85,38,31.0009,4,78,82
9983,1,1,2,1,0,6,0,1,9.84,9.85,41,27.9993,7,84,91
9984,1,1,2,1,0,0,0,1,9.84,10.605,41,23.9994,7,63,70
9985,1,1,2,1,0,0,0,1,9.84,10.605,44,22.0028,5,50,55
9986,1,1,2,1,0,0,0,1,9.84,10.605,44,22.0028,5,37,42
9987,1,1,2,1,0,0,0,1,9.84,11.365,41,12.998,0,21,21
9988,1,1,2,1,0,0,0,1,9.84,11.365,41,12.998,1,5,6
9989,1,1,2,1,0,0,0,1,9.02,10.605,44,15.0013,0,5,5
9990,1,1,2,1,0,0,0,1,9.02,9.85,44,22.0028,0,2,2
9991,1,1,2,2,0,0,0,1,8.2,9.09,51,19.9995,2,20,22
9992,1,1,2,2,0,0,0,1,8.2,9.85,51,16.9979,2,57,59
9993,1,1,2,2,0,0,0,1,9.02,10.605,47,15.0013,11,76,87
9994,1,1,2,3,0,0,0,1,10.66,12.88,41,11.0014,27,161,188
9995,1,1,2,3,0,0,0,1,11.48,12.88,41,19.0012,43,184,227
9996,1,1,2,3,0,0,0,1,12.3,15.15,39,8.9981,49,256,305
9997,1,1,2,3,0,0,0,1,13.12,16.665,36,0,58,267,325
9998,1,1,2,3,0,0,0,1,13.94,17.425,31,0,68,263,331
9999,1,1,2,3,0,0,0,1,14.76,17.425,29,0,72,281,353
10000,1,1,2,3,0,0,0,1,14.76,16.665,32,16.9979,64,275,339
10001,1,1,2,3,0,0,0,1,14.76,17.425,32,15.0013,46,241,287
10002,1,1,2,4,0,0,0,1,13.94,15.91,36,19.0012,17,199,216
10003,1,1,2,4,0,0,0,1,13.94,16.665,34,11.0014,13,130,143
10004,1,1,2,4,0,0,0,1,13.12,15.91,42,11.0014,9,79,88
10005,1,1,2,4,0,0,0,1,12.3,15.15,45,8.9981,8,75,83
10006,1,1,2,1,0,0,0,1,12.3,14.395,42,15.0013,3,68,71
10007,1,1,2,1,0,0,0,1,10.66,12.88,56,11.0014,5,59,64
10008,1,1,2,1,0,1,1,1,10.66,12.12,60,16.9979,2,27,29
10009,1,1,2,1,0,1,1,1,10.66,12.88,65,15.0013,0,6,6
10010,1,1,2,1,0,1,1,1,10.66,11.365,70,19.9995,0,4,4
10011,1,1,2,1,0,1,1,1,9.84,12.12,75,11.0014,0,2,2
10012,1,1,2,1,0,1,1,1,9.02,11.365,80,8.9981,0,1,1
10013,1,1,2,1,0,1,1,1,9.02,11.365,80,8.9981,0,16,16
10014,1,1,2,1,0,1,1,1,9.84,11.365,70,16.9979,1,89,90
10015,1,1,2,2,0,1,1,1,9.84,11.365,60,15.0013,2,278,280
10016,1,1,2,2,0,1,1,1,9.84,12.12,60,0,14,514,528
10017,1,1,2,2,0,1,1,1,10.66,12.88,60,12.998,11,219,230
10018,1,1,2,3,0,1,1,1,13.12,15.15,45,16.9979,16,88,104
10019,1,1,2,3,0,1,1,1,14.76,16.665,43,16.9979,11,92,103
10020,1,1,2,3,0,1,1,1,16.4,20.455,37,19.9995,13,164,177
10021,1,1,2,3,0,1,1,1,16.4,20.455,43,19.0012,23,159,182
10022,1,1,2,3,0,1,1,1,18.86,22.725,36,19.0012,24,134,158
10023,1,1,2,3,0,1,1,1,21.32,25,25,27.9993,24,150,174
10024,1,1,2,3,0,1,1,1,22.14,25.76,26,30.0026,20,266,286
10025,1,1,2,3,0,1,1,1,22.14,25.76,24,30.0026,26,503,529
10026,1,1,2,4,0,1,1,1,21.32,25,27,27.9993,10,517,527
10027,1,1,2,4,0,1,1,1,20.5,24.24,29,26.0027,16,318,334
10028,1,1,2,4,0,1,1,1,19.68,23.485,33,23.9994,11,208,219
10029,1,1,2,4,0,1,1,1,18.86,22.725,36,19.0012,14,181,195
10030,1,1,2,1,0,1,1,1,18.04,21.97,44,16.9979,9,83,92
10031,1,1,2,1,0,1,1,1,17.22,21.21,50,11.0014,6,50,56
10032,1,1,2,1,0,2,1,1,17.22,21.21,54,8.9981,0,10,10
10033,1,1,2,1,0,2,1,1,15.58,19.695,62,11.0014,0,6,6
10034,1,1,2,1,0,2,1,1,16.4,20.455,54,7.0015,1,2,3
10035,1,1,2,1,0,2,1,1,16.4,20.455,32,23.9994,0,6,6
10036,1,1,2,1,0,2,1,1,13.12,14.395,42,23.9994,0,2,2
10037,1,1,2,1,0,2,1,1,13.12,14.395,42,23.9994,1,20,21
10038,1,1,2,1,0,2,1,1,12.3,13.635,45,22.0028,1,100,101
10039,1,1,2,2,0,2,1,1,11.48,12.88,45,19.9995,12,313,325
10040,1,1,2,2,0,2,1,1,10.66,12.12,48,19.0012,16,543,559
10041,1,1,2,2,0,2,1,1,11.48,12.88,45,23.9994,7,225,232
10042,1,1,2,3,0,2,1,1,12.3,13.635,42,19.9995,14,118,132
10043,1,1,2,3,0,2,1,1,13.94,15.91,36,16.9979,8,155,163
10044,1,1,2,3,0,2,1,1,14.76,17.425,34,8.9981,19,164,183
10045,1,1,2,3,0,2,1,1,14.76,18.18,32,7.0015,16,174,190
10046,1,1,2,3,0,2,1,1,16.4,20.455,28,7.0015,13,121,134
10047,1,1,2,3,0,2,1,1,17.22,21.21,26,6.0032,17,149,166
10048,1,1,2,3,0,2,1,1,17.22,21.21,28,6.0032,17,270,287
10049,1,1,2,3,0,2,1,1,17.22,21.21,26,6.0032,33,497,530
10050,1,1,2,4,0,2,1,1,17.22,21.21,28,11.0014,17,432,449
10051,1,1,2,4,0,2,1,1,17.22,21.21,26,0,15,291,306
10052,1,1,2,4,0,2,1,1,16.4,20.455,30,8.9981,2,202,204
10053,1,1,2,4,0,2,1,1,13.94,17.425,46,7.0015,10,178,188
10054,1,1,2,1,0,2,1,1,13.94,17.425,46,7.0015,6,95,101
10055,1,1,2,1,0,2,1,1,13.12,15.15,53,15.0013,4,61,65
10056,1,1,2,1,0,3,1,1,13.12,16.665,53,7.0015,2,30,32
10057,1,1,2,1,0,3,1,1,13.12,16.665,49,7.0015,0,6,6
10058,1,1,2,1,0,3,1,1,12.3,14.395,56,15.0013,0,4,4
10059,1,1,2,1,0,3,1,1,11.48,15.15,70,6.0032,0,2,2
10060,1,1,2,1,0,3,1,1,10.66,14.395,75,6.0032,0,29,29
10061,1,1,2,1,0,3,1,2,11.48,15.15,75,6.0032,4,100,104
10062,1,1,2,2,0,3,1,2,10.66,13.635,81,8.9981,11,242,253
10063,1,1,2,2,0,3,1,2,11.48,14.395,75,7.0015,2,114,116
10064,1,1,2,2,0,3,1,3,12.3,15.15,81,11.0014,5,33,38
10065,1,1,2,3,0,3,1,3,12.3,15.15,81,11.0014,0,10,10
10066,1,1,2,3,0,3,1,3,12.3,14.395,87,12.998,1,9,10
10067,1,1,2,3,0,3,1,3,13.12,15.15,93,22.0028,1,69,70
10068,1,1,2,3,0,3,1,2,14.76,16.665,93,23.9994,4,72,76
10069,1,1,2,3,0,3,1,2,14.76,16.665,93,23.9994,2,54,56
10070,1,1,2,3,0,3,1,2,16.4,20.455,82,19.0012,3,87,90
10071,1,1,2,3,0,3,1,3,16.4,20.455,82,15.0013,5,162,167
10072,1,1,2,3,0,3,1,2,16.4,20.455,87,11.0014,7,246,253
10073,1,1,2,4,0,3,1,3,16.4,20.455,87,0,11,181,192
10074,1,1,2,4,0,3,1,2,16.4,20.455,87,7.0015,0,102,102
10075,1,1,2,4,0,3,1,3,17.22,21.21,88,11.0014,2,95,97
10076,1,1,2,4,0,3,1,3,17.22,21.21,88,11.0014,0,39,39
10077,1,1,2,1,0,3,1,3,17.22,21.21,94,16.9979,2,53,55
10078,1,1,2,1,0,3,1,3,17.22,21.21,94,16.9979,3,30,33
10079,1,1,3,1,0,4,1,2,17.22,21.21,94,0,1,10,11
10080,1,1,3,1,0,4,1,3,18.86,22.725,94,7.0015,0,12,12
10081,1,1,3,1,0,4,1,2,18.86,22.725,94,19.0012,0,6,6
10082,1,1,3,1,0,4,1,1,18.86,22.725,94,15.0013,0,3,3
10083,1,1,3,1,0,4,1,1,19.68,23.485,88,12.998,0,5,5
10084,1,1,3,1,0,4,1,1,19.68,23.485,88,11.0014,0,18,18
10085,1,1,3,1,0,4,1,2,17.22,21.21,94,0,2,107,109
10086,1,1,3,2,0,4,1,2,18.04,21.97,94,8.9981,8,296,304
10087,1,1,3,2,0,4,1,1,17.22,21.21,94,8.9981,15,579,594
10088,1,1,3,2,0,4,1,1,18.86,22.725,77,16.9979,5,281,286
10089,1,1,3,3,0,4,1,1,21.32,25,55,11.0014,11,122,133
10090,1,1,3,3,0,4,1,1,22.96,26.515,43,12.998,19,149,168
10091,1,1,3,3,0,4,1,1,22.96,26.515,37,15.0013,16,204,220
10092,1,1,3,3,0,4,1,1,23.78,27.275,32,16.9979,24,187,211
10093,1,1,3,3,0,4,1,1,23.78,27.275,35,15.0013,37,174,211
10094,1,1,3,3,0,4,1,1,24.6,31.06,31,16.9979,31,192,223
10095,1,1,3,3,0,4,1,1,23.78,27.275,32,19.9995,38,323,361
10096,1,1,3,3,0,4,1,1,22.96,26.515,35,19.9995,49,551,600
10097,1,1,3,4,0,4,1,1,22.14,25.76,34,23.9994,27,498,525
10098,1,1,3,4,0,4,1,1,19.68,23.485,41,22.0028,11,317,328
10099,1,1,3,4,0,4,1,1,18.04,21.97,44,27.9993,12,242,254
10100,1,1,3,4,0,4,1,1,17.22,21.21,47,31.0009,7,190,197
10101,1,1,3,1,0,4,1,1,15.58,19.695,50,16.9979,3,123,126
10102,1,1,3,1,0,4,1,1,14.76,17.425,50,15.0013,9,76,85
10103,1,1,3,1,0,5,1,1,13.94,16.665,53,11.0014,1,45,46
10104,1,1,3,1,0,5,1,1,13.94,15.91,49,15.0013,2,18,20
10105,1,1,3,1,0,5,1,1,13.94,15.91,53,19.0012,2,4,6
10106,1,1,3,1,0,5,1,1,13.12,15.91,57,12.998,0,3,3
10107,1,1,3,1,0,5,1,1,13.12,17.425,61,0,0,2,2
10108,1,1,3,1,0,5,1,1,12.3,16.665,70,0,0,24,24
10109,1,1,3,1,0,5,1,1,12.3,16.665,70,0,4,88,92
10110,1,1,3,2,0,5,1,1,12.3,16.665,70,0,4,258,262
10111,1,1,3,2,0,5,1,1,11.48,15.15,75,6.0032,16,533,549
10112,1,1,3,2,0,5,1,1,12.3,16.665,81,0,15,299,314
10113,1,1,3,3,0,5,1,1,14.76,17.425,50,11.0014,14,118,132
10114,1,1,3,3,0,5,1,1,15.58,19.695,46,12.998,40,154,194
10115,1,1,3,3,0,5,1,1,16.4,20.455,43,11.0014,40,194,234
10116,1,1,3,3,0,5,1,1,17.22,21.21,44,15.0013,31,191,222
10117,1,1,3,3,0,5,1,2,18.04,21.97,44,19.0012,29,176,205
10118,1,1,3,3,0,5,1,2,17.22,21.21,50,19.9995,5,73,78
10119,1,1,3,3,0,5,1,3,16.4,20.455,58,19.9995,1,49,50
10120,1,1,3,3,0,5,1,3,14.76,17.425,81,15.0013,5,123,128
10121,1,1,3,4,0,5,1,3,14.76,17.425,87,12.998,6,154,160
10122,1,1,3,4,0,5,1,3,14.76,17.425,87,12.998,12,162,174
10123,1,1,3,4,0,5,1,2,14.76,17.425,87,12.998,7,93,100
10124,1,1,3,4,0,5,1,3,14.76,18.18,87,6.0032,2,99,101
10125,1,1,3,1,0,5,1,2,14.76,18.94,87,0,6,69,75
10126,1,1,3,1,0,5,1,2,14.76,18.94,87,0,4,19,23
10127,1,1,3,1,0,6,0,3,14.76,18.18,93,6.0032,1,21,22
10128,1,1,3,1,0,6,0,3,14.76,18.94,93,0,0,44,44
10129,1,1,3,1,0,6,0,3,14.76,18.18,93,6.0032,4,34,38
10130,1,1,3,1,0,6,0,2,14.76,17.425,93,11.0014,1,20,21
10131,1,1,3,1,0,6,0,2,14.76,17.425,93,12.998,0,2,2
10132,1,1,3,1,0,6,0,2,14.76,18.18,93,6.0032,1,1,2
10133,1,1,3,1,0,6,0,2,14.76,18.18,93,6.0032,1,6,7
10134,1,1,3,2,0,6,0,2,14.76,17.425,93,8.9981,2,14,16
10135,1,1,3,2,0,6,0,3,14.76,18.94,93,0,2,46,48
10136,1,1,3,2,0,6,0,3,15.58,19.695,87,6.0032,7,87,94
10137,1,1,3,3,0,6,0,2,16.4,20.455,87,0,31,137,168
10138,1,1,3,3,0,6,0,2,16.4,20.455,87,6.0032,33,181,214
10139,1,1,3,3,0,6,0,2,17.22,21.21,67,16.9979,47,252,299
10140,1,1,3,3,0,6,0,1,18.04,21.97,51,19.0012,87,252,339
10141,1,1,3,3,0,6,0,2,18.86,22.725,44,23.9994,151,279,430
10142,1,1,3,3,0,6,0,1,19.68,23.485,29,19.9995,145,254,399
10143,1,1,3,3,0,6,0,1,20.5,24.24,27,19.9995,167,300,467
10144,1,1,3,3,0,6,0,1,20.5,24.24,23,22.0028,106,279,385
10145,1,1,3,4,0,6,0,1,20.5,24.24,25,16.9979,53,250,303
10146,1,1,3,4,0,6,0,1,18.86,22.725,33,11.0014,34,191,225
10147,1,1,3,4,0,6,0,1,18.04,21.97,30,8.9981,28,121,149
10148,1,1,3,4,0,6,0,1,18.86,22.725,19,22.0028,24,130,154
10149,1,1,3,1,0,6,0,1,18.04,21.97,21,8.9981,19,115,134
10150,1,1,3,1,0,6,0,1,17.22,21.21,24,0,12,94,106
10151,1,1,3,1,0,0,0,2,16.4,20.455,30,23.9994,5,67,72
10152,1,1,3,1,0,0,0,2,15.58,19.695,34,12.998,16,60,76
10153,1,1,3,1,0,0,0,2,14.76,17.425,40,11.0014,14,66,80
10154,1,1,3,1,0,0,0,2,14.76,17.425,43,8.9981,5,21,26
10155,1,1,3,1,0,0,0,2,13.94,16.665,46,12.998,3,11,14
10156,1,1,3,1,0,0,0,2,13.94,15.91,46,15.0013,0,5,5
10157,1,1,3,1,0,0,0,2,12.3,13.635,52,19.9995,0,5,5
10158,1,1,3,2,0,0,0,2,12.3,13.635,52,19.9995,2,21,23
10159,1,1,3,2,0,0,0,1,12.3,13.635,52,22.0028,12,54,66
10160,1,1,3,2,0,0,0,1,12.3,13.635,49,30.0026,14,104,118
10161,1,1,3,3,0,0,0,1,12.3,13.635,49,22.0028,31,161,192
10162,1,1,3,3,0,0,0,1,13.12,14.395,45,26.0027,64,192,256
10163,1,1,3,3,0,0,0,1,13.94,15.15,42,23.9994,71,256,327
10164,1,1,3,3,0,0,0,1,14.76,16.665,37,23.9994,108,256,364
10165,1,1,3,3,0,0,0,1,14.76,16.665,34,23.9994,106,226,332
10166,1,1,3,3,0,0,0,1,14.76,15.91,32,35.0008,82,252,334
10167,1,1,3,3,0,0,0,1,14.76,15.91,29,32.9975,68,231,299
10168,1,1,3,3,0,0,0,1,13.94,14.395,31,36.9974,49,214,263
10169,1,1,3,4,0,0,0,1,13.12,13.635,33,40.9973,20,164,184
10170,1,1,3,4,0,0,0,1,12.3,12.88,36,32.9975,12,120,132
10171,1,1,3,4,0,0,0,1,11.48,13.635,38,16.9979,8,80,88
10172,1,1,3,4,0,0,0,1,11.48,13.635,36,15.0013,9,70,79
10173,1,1,3,1,0,0,0,1,10.66,12.12,41,16.9979,9,53,62
10174,1,1,3,1,0,0,0,1,10.66,12.88,41,12.998,2,24,26
10175,1,1,3,1,0,1,1,1,9.84,11.365,44,12.998,2,15,17
10176,1,1,3,1,0,1,1,1,9.84,12.12,48,8.9981,3,3,6
10177,1,1,3,1,0,1,1,1,9.84,12.12,48,8.9981,1,3,4
10178,1,1,3,1,0,1,1,1,9.02,11.365,51,11.0014,0,1,1
10179,1,1,3,1,0,1,1,1,8.2,11.365,55,6.0032,0,1,1
10180,1,1,3,1,0,1,1,1,8.2,11.365,55,6.0032,1,17,18
10181,1,1,3,1,0,1,1,1,7.38,9.85,59,8.9981,2,89,91
10182,1,1,3,2,0,1,1,1,7.38,9.85,59,8.9981,7,253,260
10183,1,1,3,2,0,1,1,1,8.2,11.365,59,7.0015,13,415,428
10184,1,1,3,2,0,1,1,2,9.02,12.88,60,6.0032,11,186,197
10185,1,1,3,3,0,1,1,2,9.84,12.88,60,0,12,74,86
10186,1,1,3,3,0,1,1,2,10.66,13.635,56,8.9981,17,86,103
10187,1,1,3,3,0,1,1,2,10.66,15.15,52,0,15,122,137
10188,1,1,3,3,0,1,1,2,10.66,12.88,55,19.9995,11,109,120
10189,1,1,3,3,0,1,1,2,11.48,12.88,57,23.9994,13,115,128
10190,1,1,3,3,0,1,1,2,12.3,14.395,53,12.998,20,110,130
10191,1,1,3,3,0,1,1,1,12.3,13.635,45,19.9995,30,180,210
10192,1,1,3,3,0,1,1,3,12.3,13.635,45,19.9995,11,376,387
10193,1,1,3,4,0,1,1,3,11.48,11.365,55,43.9989,12,363,375
10194,1,1,3,4,0,1,1,1,10.66,12.88,53,15.0013,6,220,226
10195,1,1,3,4,0,1,1,1,10.66,11.365,37,31.0009,8,171,179
10196,1,1,3,4,0,1,1,1,10.66,11.365,37,26.0027,4,116,120
10197,1,1,3,1,0,1,1,1,9.84,10.605,35,22.0028,2,76,78
10198,1,1,3,1,0,1,1,1,9.02,9.09,37,39.0007,2,29,31
10199,1,1,3,1,0,2,1,1,9.02,10.605,37,19.9995,0,8,8
10200,1,1,3,1,0,2,1,1,8.2,9.85,44,16.9979,0,6,6
10201,1,1,3,1,0,2,1,1,8.2,9.85,44,15.0013,0,4,4
10202,1,1,3,1,0,2,1,1,7.38,8.335,51,19.0012,0,1,1
10203,1,1,3,1,0,2,1,1,7.38,8.335,51,19.9995,0,3,3
10204,1,1,3,1,0,2,1,1,7.38,9.09,51,15.0013,0,25,25
10205,1,1,3,1,0,2,1,1,7.38,10.605,51,7.0015,3,99,102
10206,1,1,3,2,0,2,1,1,6.56,9.09,55,8.9981,5,270,275
10207,1,1,3,2,0,2,1,1,6.56,9.09,59,7.0015,14,487,501
10208,1,1,3,2,0,2,1,1,9.02,13.635,47,0,11,222,233
10209,1,1,3,3,0,2,1,1,9.84,12.88,44,0,16,113,129
10210,1,1,3,3,0,2,1,1,10.66,12.88,41,11.0014,20,110,130
10211,1,1,3,3,0,2,1,1,10.66,13.635,41,7.0015,9,129,138
10212,1,1,3,3,0,2,1,1,12.3,15.15,39,8.9981,16,148,164
10213,1,1,3,3,0,2,1,1,13.12,15.15,36,15.0013,20,116,136
10214,1,1,3,3,0,2,1,1,13.94,15.15,36,19.9995,24,142,166
10215,1,1,3,3,0,2,1,1,14.76,16.665,32,19.0012,22,228,250
10216,1,1,3,3,0,2,1,1,14.76,16.665,34,19.0012,21,425,446
10217,1,1,3,4,0,2,1,1,13.94,15.15,42,22.0028,15,442,457
10218,1,1,3,4,0,2,1,1,13.94,15.15,46,19.9995,9,278,287
10219,1,1,3,4,0,2,1,1,13.12,15.91,49,12.998,3,184,187
10220,1,1,3,4,0,2,1,1,13.12,15.91,49,12.998,5,143,148
10221,1,1,3,1,0,2,1,1,11.48,13.635,56,11.0014,5,101,106
10222,1,1,3,1,0,2,1,1,11.48,13.635,61,15.0013,3,51,54
10223,1,1,3,1,0,3,1,1,11.48,12.88,65,19.0012,3,12,15
10224,1,1,3,1,0,3,1,1,12.3,13.635,61,19.9995,1,4,5
10225,1,1,3,1,0,3,1,1,12.3,14.395,56,19.0012,0,4,4
10226,1,1,3,1,0,3,1,1,12.3,13.635,56,23.9994,1,2,3
10227,1,1,3,1,0,3,1,1,11.48,12.88,61,22.0028,0,3,3
10228,1,1,3,1,0,3,1,1,11.48,12.88,56,19.9995,0,18,18
10229,1,1,3,1,0,3,1,1,11.48,12.88,61,26.0027,4,104,108
10230,1,1,3,2,0,3,1,1,10.66,11.365,65,26.0027,12,332,344
10231,1,1,3,2,0,3,1,1,11.48,12.88,61,19.9995,12,554,566
10232,1,1,3,2,0,3,1,1,12.3,13.635,61,22.0028,12,252,264
10233,1,1,3,3,0,3,1,1,14.76,16.665,50,19.9995,20,127,147
10234,1,1,3,3,0,3,1,1,17.22,21.21,38,19.9995,33,128,161
10235,1,1,3,3,0,3,1,1,18.04,21.97,38,26.0027,40,175,215
10236,1,1,3,3,0,3,1,1,20.5,24.24,34,27.9993,26,179,205
10237,1,1,3,3,0,3,1,1,21.32,25,36,22.0028,38,137,175
10238,1,1,3,3,0,3,1,1,22.14,25.76,37,30.0026,44,165,209
10239,1,1,3,3,0,3,1,1,22.96,26.515,37,27.9993,34,254,288
10240,1,1,3,3,0,3,1,1,22.96,26.515,43,32.9975,58,554,612
10241,1,1,3,4,0,3,1,1,22.96,26.515,40,31.0009,35,509,544
10242,1,1,3,4,0,3,1,1,22.14,25.76,42,23.9994,16,345,361
10243,1,1,3,4,0,3,1,1,20.5,24.24,51,16.9979,18,242,260
10244,1,1,3,4,0,3,1,1,18.04,21.97,62,16.9979,11,177,188
10245,1,1,3,1,0,3,1,1,18.86,22.725,59,19.9995,10,149,159
10246,1,1,3,1,0,3,1,1,18.04,21.97,62,22.0028,4,58,62
10247,1,1,3,1,0,4,1,1,18.04,21.97,62,22.0028,11,35,46
10248,1,1,3,1,0,4,1,1,18.86,22.725,63,22.0028,4,17,21
10249,1,1,3,1,0,4,1,1,18.86,22.725,63,26.0027,6,5,11
10250,1,1,3,1,0,4,1,1,18.86,22.725,63,26.0027,0,3,3
10251,1,1,3,1,0,4,1,1,18.04,21.97,72,19.0012,0,2,2
10252,1,1,3,1,0,4,1,1,17.22,21.21,77,15.0013,1,28,29
10253,1,1,3,1,0,4,1,1,17.22,21.21,77,16.9979,4,105,109
10254,1,1,3,2,0,4,1,1,17.22,21.21,77,23.9994,8,326,334
10255,1,1,3,2,0,4,1,1,18.04,21.97,77,26.0027,12,573,585
10256,1,1,3,2,0,4,1,1,18.86,22.725,72,31.0009,19,282,301
10257,1,1,3,3,0,4,1,1,20.5,24.24,68,31.0009,19,119,138
10258,1,1,3,3,0,4,1,2,22.14,25.76,60,31.0009,48,156,204
10259,1,1,3,3,0,4,1,2,22.96,26.515,60,30.0026,27,224,251
10260,1,1,3,3,0,4,1,2,24.6,31.06,49,43.0006,35,198,233
10261,1,1,3,3,0,4,1,2,25.42,31.06,43,43.0006,48,155,203
10262,1,1,3,3,0,4,1,1,26.24,31.06,38,46.0022,24,161,185
10263,1,1,3,3,0,4,1,2,25.42,31.06,41,43.0006,37,305,342
10264,1,1,3,3,0,4,1,1,25.42,31.06,38,43.9989,52,545,597
10265,1,1,3,4,0,4,1,2,25.42,31.06,38,36.9974,45,545,590
10266,1,1,3,4,0,4,1,2,24.6,31.06,40,30.0026,21,395,416
10267,1,1,3,4,0,4,1,2,24.6,31.06,43,26.0027,20,282,302
10268,1,1,3,4,0,4,1,1,24.6,31.06,43,26.0027,27,206,233
10269,1,1,3,1,0,4,1,1,22.96,26.515,49,22.0028,12,141,153
10270,1,1,3,1,0,4,1,2,22.96,26.515,49,30.0026,6,88,94
10271,1,1,3,1,0,5,1,2,23.78,27.275,49,31.0009,3,51,54
10272,1,1,3,1,0,5,1,3,22.96,26.515,52,32.9975,4,22,26
10273,1,1,3,1,0,5,1,3,19.68,23.485,77,27.9993,2,9,11
10274,1,1,3,1,0,5,1,1,18.86,22.725,77,35.0008,0,7,7
10275,1,1,3,1,0,5,1,3,16.4,20.455,66,19.0012,0,1,1
10276,1,1,3,1,0,5,1,3,16.4,20.455,66,19.0012,2,27,29
10277,1,1,3,1,0,5,1,2,16.4,20.455,50,23.9994,2,83,85
10278,1,1,3,2,0,5,1,2,15.58,19.695,40,19.9995,6,262,268
10279,1,1,3,2,0,5,1,2,13.94,14.395,42,35.0008,17,484,501
10280,1,1,3,2,0,5,1,2,13.94,14.395,42,35.0008,17,267,284
10281,1,1,3,3,0,5,1,2,13.94,14.395,36,32.9975,14,145,159
10282,1,1,3,3,0,5,1,2,14.76,16.665,34,23.9994,17,170,187
10283,1,1,3,3,0,5,1,1,14.76,16.665,34,27.9993,27,174,201
10284,1,1,3,3,0,5,1,2,15.58,19.695,29,26.0027,49,175,224
10285,1,1,3,3,0,5,1,1,17.22,21.21,28,31.0009,49,129,178
10286,1,1,3,3,0,5,1,1,18.86,22.725,24,16.9979,50,188,238
10287,1,1,3,3,0,5,1,1,19.68,23.485,23,27.9993,51,292,343
10288,1,1,3,3,0,5,1,1,18.86,22.725,24,26.0027,68,498,566
10289,1,1,3,4,0,5,1,1,18.04,21.97,26,35.0008,30,440,470
10290,1,1,3,4,0,5,1,1,17.22,21.21,28,40.9973,12,232,244
10291,1,1,3,4,0,5,1,1,15.58,19.695,32,23.9994,3,156,159
10292,1,1,3,4,0,5,1,1,14.76,16.665,34,22.0028,8,133,141
10293,1,1,3,1,0,5,1,1,13.94,14.395,31,32.9975,7,100,107
10294,1,1,3,1,0,5,1,1,13.12,15.15,33,19.9995,9,77,86
10295,1,1,3,1,0,6,0,1,12.3,13.635,36,23.9994,9,68,77
10296,1,1,3,1,0,6,0,1,12.3,14.395,36,16.9979,1,50,51
10297,1,1,3,1,0,6,0,1,10.66,12.12,41,16.9979,12,30,42
10298,1,1,3,1,0,6,0,1,10.66,11.365,41,19.9995,0,16,16
10299,1,1,3,1,0,6,0,1,9.84,10.605,41,23.9994,1,3,4
10300,1,1,3,1,0,6,0,1,9.02,10.605,42,19.0012,3,7,10
10301,1,1,3,1,0,6,0,1,9.02,10.605,44,19.0012,1,11,12
10302,1,1,3,2,0,6,0,1,9.02,10.605,44,16.9979,4,36,40
10303,1,1,3,2,0,6,0,1,9.02,10.605,44,19.9995,15,96,111
10304,1,1,3,2,0,6,0,1,9.84,10.605,41,22.0028,21,127,148
10305,1,1,3,3,0,6,0,1,10.66,11.365,35,27.9993,47,176,223
10306,1,1,3,3,0,6,0,1,12.3,13.635,33,22.0028,56,218,274
10307,1,1,3,3,0,6,0,1,12.3,13.635,33,22.0028,88,241,329
10308,1,1,3,3,0,6,0,1,13.12,15.15,29,19.0012,89,268,357
10309,1,1,3,3,0,6,0,1,13.94,15.91,27,19.0012,117,262,379
10310,1,1,3,3,0,6,0,1,13.94,18.18,25,0,132,274,406
10311,1,1,3,3,0,6,0,1,14.76,18.18,23,0,115,275,390
10312,1,1,3,3,0,6,0,1,14.76,18.94,23,0,104,250,354
10313,1,1,3,4,0,6,0,1,14.76,18.18,21,6.0032,67,230,297
10314,1,1,3,4,0,6,0,1,13.94,18.18,25,0,25,159,184
10315,1,1,3,4,0,6,0,1,13.12,16.665,33,8.9981,20,101,121
10316,1,1,3,4,0,6,0,1,12.3,14.395,39,15.0013,16,94,110
10317,1,1,3,1,0,6,0,1,10.66,12.88,44,11.0014,19,81,100
10318,1,1,3,1,0,6,0,1,10.66,12.88,41,12.998,6,77,83
10319,1,1,3,1,0,0,0,1,10.66,14.395,44,6.0032,7,62,69
10320,1,1,3,1,0,0,0,1,9.84,12.12,52,11.0014,4,57,61
10321,1,1,3,1,0,0,0,1,9.84,12.12,60,8.9981,15,51,66
10322,1,1,3,1,0,0,0,1,9.84,12.12,60,8.9981,7,15,22
10323,1,1,3,1,0,0,0,1,9.84,12.12,60,11.0014,2,5,7
10324,1,1,3,1,0,0,0,1,9.84,12.12,70,11.0014,2,8,10
10325,1,1,3,2,0,0,0,1,9.02,11.365,69,8.9981,2,15,17
10326,1,1,3,2,0,0,0,1,9.02,11.365,69,8.9981,4,68,72
10327,1,1,3,2,0,0,0,1,10.66,12.88,60,15.0013,20,70,90
10328,1,1,3,3,0,0,0,1,13.12,15.15,49,19.0012,71,147,218
10329,1,1,3,3,0,0,0,1,14.76,16.665,43,19.0012,90,209,299
10330,1,1,3,3,0,0,0,1,16.4,20.455,37,19.9995,146,264,410
10331,1,1,3,3,0,0,0,1,17.22,21.21,41,19.9995,176,288,464
10332,1,1,3,3,0,0,0,1,18.86,22.725,31,19.0012,212,289,501
10333,1,1,3,3,0,0,0,1,20.5,24.24,29,19.9995,201,286,487
10334,1,1,3,3,0,0,0,1,20.5,24.24,31,23.9994,208,301,509
10335,1,1,3,3,0,0,0,1,21.32,25,27,19.9995,199,299,498
10336,1,1,3,4,0,0,0,1,21.32,25,29,19.0012,133,256,389
10337,1,1,3,4,0,0,0,1,20.5,24.24,31,19.0012,55,203,258
10338,1,1,3,4,0,0,0,1,18.04,21.97,47,15.0013,42,129,171
10339,1,1,3,4,0,0,0,1,17.22,21.21,54,15.0013,37,110,147
10340,1,1,3,1,0,0,0,1,16.4,20.455,54,12.998,13,81,94
10341,1,1,3,1,0,0,0,1,16.4,20.455,50,11.0014,12,40,52
10342,1,1,3,1,0,1,1,1,15.58,19.695,54,12.998,4,20,24
10343,1,1,3,1,0,1,1,1,15.58,19.695,50,8.9981,1,9,10
10344,1,1,3,1,0,1,1,1,15.58,19.695,54,7.0015,4,5,9
10345,1,1,3,1,0,1,1,1,14.76,17.425,50,8.9981,0,2,2
10346,1,1,3,1,0,1,1,1,13.94,16.665,61,12.998,0,3,3
10347,1,1,3,1,0,1,1,1,13.94,16.665,61,12.998,1,15,16
10348,1,1,3,1,0,1,1,1,13.94,17.425,57,7.0015,2,86,88
10349,1,1,3,2,0,1,1,1,13.94,17.425,53,7.0015,9,259,268
10350,1,1,3,2,0,1,1,1,13.94,16.665,61,8.9981,17,547,564
10351,1,1,3,2,0,1,1,1,15.58,19.695,54,11.0014,21,260,281
10352,1,1,3,3,0,1,1,1,16.4,20.455,50,15.0013,39,98,137
10353,1,1,3,3,0,1,1,1,18.04,21.97,44,15.0013,39,111,150
10354,1,1,3,3,0,1,1,1,19.68,23.485,39,15.0013,59,162,221
10355,1,1,3,3,0,1,1,2,22.14,25.76,32,16.9979,74,176,250
10356,1,1,3,3,0,1,1,2,23.78,27.275,32,19.0012,76,145,221
10357,1,1,3,3,0,1,1,1,22.96,26.515,40,8.9981,74,159,233
10358,1,1,3,3,0,1,1,1,25.42,31.06,35,30.0026,77,255,332
10359,1,1,3,3,0,1,1,2,25.42,31.06,38,27.9993,87,557,644
10360,1,1,3,4,0,1,1,2,24.6,31.06,43,12.998,89,623,712
10361,1,1,3,4,0,1,1,2,22.96,26.515,49,15.0013,67,379,446
10362,1,1,3,4,0,1,1,2,22.96,26.515,49,15.0013,49,237,286
10363,1,1,3,4,0,1,1,2,22.14,25.76,56,15.0013,22,183,205
10364,1,1,3,1,0,1,1,2,22.96,26.515,56,15.0013,17,116,133
10365,1,1,3,1,0,1,1,1,22.96,26.515,56,15.0013,10,53,63
10366,1,1,3,1,0,2,1,2,22.96,26.515,52,12.998,5,21,26
10367,1,1,3,1,0,2,1,2,21.32,25,59,15.0013,2,14,16
10368,1,1,3,1,0,2,1,3,21.32,25,72,19.9995,0,1,1
10369,1,1,3,1,0,2,1,3,21.32,25,72,19.9995,0,2,2
10370,1,1,3,1,0,2,1,2,18.86,22.725,82,12.998,0,1,1
10371,1,1,3,1,0,2,1,2,18.86,22.725,82,12.998,0,24,24
10372,1,1,3,1,0,2,1,3,18.86,22.725,82,12.998,5,108,113
10373,1,1,3,2,0,2,1,2,18.86,22.725,82,19.0012,16,292,308
10374,1,1,3,2,0,2,1,1,18.86,22.725,82,19.0012,22,571,593
10375,1,1,3,2,0,2,1,1,19.68,23.485,82,19.0012,18,324,342
10376,1,1,3,3,0,2,1,1,21.32,25,77,15.0013,28,115,143
10377,1,1,3,3,0,2,1,1,22.14,25.76,73,19.0012,64,155,219
10378,1,1,3,3,0,2,1,1,24.6,30.305,60,19.0012,47,197,244
10379,1,1,3,3,0,2,1,1,24.6,30.305,60,26.0027,53,180,233
10380,1,1,3,3,0,2,1,1,26.24,31.06,53,22.0028,52,160,212
10381,1,1,3,3,0,2,1,1,28.7,31.82,39,15.0013,68,196,264
10382,1,1,3,3,0,2,1,1,29.52,32.575,34,26.0027,53,312,365
10383,1,1,3,3,0,2,1,1,28.7,31.82,37,7.0015,62,614,676
10384,1,1,3,4,0,2,1,1,28.7,31.82,34,19.9995,96,638,734
10385,1,1,3,4,0,2,1,1,26.24,31.06,47,15.0013,50,429,479
10386,1,1,3,4,0,2,1,1,24.6,31.06,49,11.0014,45,306,351
10387,1,1,3,4,0,2,1,1,23.78,27.275,56,7.0015,44,200,244
10388,1,1,3,1,0,2,1,1,22.96,26.515,60,6.0032,24,146,170
10389,1,1,3,1,0,2,1,1,22.96,26.515,56,8.9981,8,79,87
10390,1,1,3,1,0,3,1,1,22.14,25.76,60,7.0015,5,34,39
10391,1,1,3,1,0,3,1,1,21.32,25,63,6.0032,2,25,27
10392,1,1,3,1,0,3,1,1,20.5,24.24,68,12.998,0,2,2
10393,1,1,3,1,0,3,1,1,19.68,23.485,72,12.998,1,3,4
10394,1,1,3,1,0,3,1,1,19.68,23.485,67,6.0032,1,4,5
10395,1,1,3,1,0,3,1,1,18.04,21.97,82,8.9981,2,25,27
10396,1,1,3,1,0,3,1,1,18.04,21.97,82,6.0032,1,120,121
10397,1,1,3,2,0,3,1,1,18.04,21.97,82,7.0015,20,348,368
10398,1,1,3,2,0,3,1,1,18.04,21.97,82,0,34,628,662
10399,1,1,3,2,0,3,1,1,21.32,25,68,0,26,325,351
10400,1,1,3,3,0,3,1,1,22.96,26.515,56,7.0015,38,150,188
10401,1,1,3,3,0,3,1,2,25.42,31.06,41,11.0014,65,155,220
10402,1,1,3,3,0,3,1,2,26.24,31.06,29,0,55,212,267
10403,1,1,3,3,0,3,1,1,27.06,31.06,27,15.0013,57,197,254
10404,1,1,3,3,0,3,1,1,28.7,31.82,23,22.0028,61,163,224
10405,1,1,3,3,0,3,1,1,28.7,31.82,24,0,86,197,283
10406,1,1,3,3,0,3,1,1,29.52,31.82,25,12.998,78,278,356
10407,1,1,3,3,0,3,1,1,28.7,31.82,28,6.0032,140,642,782
10408,1,1,3,4,0,3,1,1,28.7,31.82,32,0,102,647,749
10409,1,1,3,4,0,3,1,1,26.24,31.06,33,11.0014,70,402,472
10410,1,1,3,4,0,3,1,1,25.42,31.06,35,7.0015,44,286,330
10411,1,1,3,4,0,3,1,1,24.6,31.06,40,6.0032,47,241,288
10412,1,1,3,1,0,3,1,1,21.32,25,55,8.9981,43,159,202
10413,1,1,3,1,0,3,1,1,22.96,26.515,43,11.0014,19,72,91
10414,1,1,3,1,0,4,1,1,22.14,25.76,49,8.9981,14,46,60
10415,1,1,3,1,0,4,1,1,20.5,24.24,59,7.0015,15,8,23
10416,1,1,3,1,0,4,1,1,20.5,24.24,59,0,14,5,19
10417,1,1,3,1,0,4,1,1,20.5,24.24,63,0,0,7,7
10418,1,1,3,1,0,4,1,1,18.04,21.97,77,7.0015,11,3,14
10419,1,1,3,1,0,4,1,1,18.86,22.725,67,0,2,24,26
10420,1,1,3,1,0,4,1,1,18.04,21.97,72,6.0032,4,113,117
10421,1,1,3,2,0,4,1,1,18.04,21.97,72,6.0032,14,367,381
10422,1,1,3,2,0,4,1,1,18.04,21.97,77,7.0015,21,602,623
10423,1,1,3,2,0,4,1,1,19.68,23.485,77,6.0032,30,285,315
10424,1,1,3,3,0,4,1,1,21.32,25,68,7.0015,34,130,164
10425,1,1,3,3,0,4,1,1,22.96,26.515,60,8.9981,60,151,211
10426,1,1,3,3,0,4,1,2,25.42,31.06,50,8.9981,59,206,265
10427,1,1,3,3,0,4,1,2,27.06,31.06,41,6.0032,62,211,273
10428,1,1,3,3,0,4,1,2,29.52,32.575,30,7.0015,81,177,258
10429,1,1,3,3,0,4,1,1,29.52,32.575,32,15.0013,100,187,287
10430,1,1,3,3,0,4,1,1,29.52,32.575,37,26.0027,95,331,426
10431,1,1,3,3,0,4,1,1,28.7,31.82,39,16.9979,79,634,713
10432,1,1,3,4,0,4,1,1,27.06,31.06,44,19.0012,98,648,746
10433,1,1,3,4,0,4,1,2,26.24,31.06,50,12.998,72,353,425
10434,1,1,3,4,0,4,1,2,23.78,27.275,60,23.9994,60,270,330
10435,1,1,3,4,0,4,1,1,22.14,25.76,68,19.0012,36,207,243
10436,1,1,3,1,0,4,1,1,21.32,25,68,8.9981,32,137,169
10437,1,1,3,1,0,4,1,1,19.68,23.485,72,12.998,12,85,97
10438,1,1,3,1,0,5,1,1,18.04,21.97,77,16.9979,8,49,57
10439,1,1,3,1,0,5,1,2,17.22,21.21,82,22.0028,4,22,26
10440,1,1,3,1,0,5,1,2,17.22,21.21,82,12.998,0,4,4
10441,1,1,3,1,0,5,1,2,16.4,20.455,87,19.0012,0,3,3
10442,1,1,3,1,0,5,1,2,16.4,20.455,87,16.9979,0,3,3
10443,1,1,3,1,0,5,1,2,16.4,20.455,87,15.0013,2,30,32
10444,1,1,3,1,0,5,1,2,16.4,20.455,87,11.0014,3,96,99
10445,1,1,3,2,0,5,1,2,16.4,20.455,87,12.998,13,265,278
10446,1,1,3,2,0,5,1,2,16.4,20.455,87,15.0013,28,534,562
10447,1,1,3,2,0,5,1,2,17.22,21.21,82,0,35,277,312
10448,1,1,3,3,0,5,1,2,16.4,20.455,87,6.0032,44,136,180
10449,1,1,3,3,0,5,1,2,18.04,21.97,77,0,40,167,207
10450,1,1,3,3,0,5,1,2,18.04,21.97,82,8.9981,72,222,294
10451,1,1,3,3,0,5,1,2,18.86,22.725,77,6.0032,52,208,260
10452,1,1,3,3,0,5,1,2,19.68,23.485,72,0,56,146,202
10453,1,1,3,3,0,5,1,3,18.86,22.725,82,7.0015,19,88,107
10454,1,1,3,3,0,5,1,3,19.68,23.485,77,0,18,111,129
10455,1,1,3,3,0,5,1,3,19.68,23.485,82,6.0032,23,235,258
10456,1,1,3,4,0,5,1,3,19.68,23.485,82,6.0032,31,377,408
10457,1,1,3,4,0,5,1,2,18.86,22.725,88,0,23,273,296
10458,1,1,3,4,0,5,1,1,18.86,22.725,88,0,31,204,235
10459,1,1,3,4,0,5,1,2,18.04,21.97,94,0,8,144,152
10460,1,1,3,1,0,5,1,2,18.04,21.97,94,0,16,132,148
10461,1,1,3,1,0,5,1,2,18.04,21.97,94,0,22,104,126
10462,1,1,3,1,0,6,0,2,18.04,21.97,94,6.0032,13,87,100
10463,1,1,3,1,0,6,0,2,18.04,21.97,94,0,12,57,69
10464,1,1,3,1,0,6,0,2,18.04,21.97,88,0,10,32,42
10465,1,1,3,1,0,6,0,2,18.04,21.97,88,0,2,24,26
10466,1,1,3,1,0,6,0,2,17.22,21.21,94,0,0,2,2
10467,1,1,3,1,0,6,0,2,17.22,21.21,94,6.0032,5,3,8
10468,1,1,3,1,0,6,0,2,17.22,21.21,94,12.998,1,29,30
10469,1,1,3,2,0,6,0,2,16.4,20.455,100,8.9981,29,57,86
10470,1,1,3,2,0,6,0,2,17.22,21.21,94,7.0015,63,155,218
10471,1,1,3,2,0,6,0,2,18.04,21.97,88,6.0032,104,217,321
10472,1,1,3,3,0,6,0,2,20.5,24.24,77,6.0032,140,303,443
10473,1,1,3,3,0,6,0,2,21.32,25,77,8.9981,226,359,585
10474,1,1,3,3,0,6,0,1,22.96,26.515,68,11.0014,286,365,651
10475,1,1,3,3,0,6,0,1,24.6,30.305,60,7.0015,286,400,686
10476,1,1,3,3,0,6,0,1,25.42,31.06,53,6.0032,352,338,690
10477,1,1,3,3,0,6,0,1,26.24,31.06,53,8.9981,357,322,679
10478,1,1,3,3,0,6,0,1,26.24,31.06,50,0,367,318,685
10479,1,1,3,3,0,6,0,1,26.24,31.06,50,8.9981,291,357,648
10480,1,1,3,4,0,6,0,1,25.42,31.06,57,19.9995,221,339,560
10481,1,1,3,4,0,6,0,1,23.78,27.275,64,19.0012,155,262,417
10482,1,1,3,4,0,6,0,1,22.96,26.515,64,12.998,89,182,271
10483,1,1,3,4,0,6,0,1,22.14,25.76,68,11.0014,54,169,223
10484,1,1,3,1,0,6,0,1,22.14,25.76,68,0,58,153,211
10485,1,1,3,1,0,6,0,1,20.5,24.24,77,11.0014,34,151,185
10486,1,1,3,1,0,0,0,1,18.86,22.725,88,12.998,27,80,107
10487,1,1,3,1,0,0,0,1,18.86,22.725,82,8.9981,25,88,113
10488,1,1,3,1,0,0,0,2,18.86,22.725,82,7.0015,15,41,56
10489,1,1,3,1,0,0,0,2,18.04,21.97,88,8.9981,3,15,18
10490,1,1,3,1,0,0,0,2,17.22,21.21,94,11.0014,6,8,14
10491,1,1,3,1,0,0,0,2,16.4,20.455,94,7.0015,0,6,6
10492,1,1,3,1,0,0,0,2,16.4,20.455,94,7.0015,2,9,11
10493,1,1,3,2,0,0,0,3,17.22,21.21,88,11.0014,17,25,42
10494,1,1,3,2,0,0,0,2,17.22,21.21,88,7.0015,25,71,96
10495,1,1,3,2,0,0,0,2,17.22,21.21,88,6.0032,65,113,178
10496,1,1,3,3,0,0,0,2,17.22,21.21,88,7.0015,139,212,351
10497,1,1,3,3,0,0,0,2,18.04,21.97,82,11.0014,129,239,368
10498,1,1,3,3,0,0,0,2,18.04,21.97,88,8.9981,222,281,503
10499,1,1,3,3,0,0,0,2,18.86,22.725,82,11.0014,198,346,544
10500,1,1,3,3,0,0,0,2,20.5,24.24,77,6.0032,218,303,521
10501,1,1,3,3,0,0,0,1,22.14,25.76,68,6.0032,240,314,554
10502,1,1,3,3,0,0,0,1,22.14,25.76,73,6.0032,229,312,541
10503,1,1,3,3,0,0,0,1,22.96,26.515,64,6.0032,233,308,541
10504,1,1,3,4,0,0,0,1,22.96,26.515,64,11.0014,165,294,459
10505,1,1,3,4,0,0,0,1,22.96,26.515,64,11.0014,118,234,352
10506,1,1,3,4,0,0,0,1,21.32,25,77,8.9981,59,139,198
10507,1,1,3,4,0,0,0,1,21.32,25,72,6.0032,44,129,173
10508,1,1,3,1,0,0,0,1,20.5,24.24,77,7.0015,21,79,100
10509,1,1,3,1,0,0,0,1,19.68,23.485,82,11.0014,7,39,46
10510,1,1,3,1,0,1,1,1,19.68,23.485,82,7.0015,4,19,23
10511,1,1,3,1,0,1,1,1,18.86,22.725,88,7.0015,0,15,15
10512,1,1,3,1,0,1,1,1,18.86,22.725,88,11.0014,1,7,8
10513,1,1,3,1,0,1,1,1,18.86,22.725,88,6.0032,0,2,2
10514,1,1,3,1,0,1,1,1,18.04,21.97,94,0,0,3,3
10515,1,1,3,1,0,1,1,1,18.04,21.97,94,0,0,31,31
10516,1,1,3,1,0,1,1,1,18.86,22.725,88,8.9981,2,118,120
10517,1,1,3,2,0,1,1,1,18.86,22.725,88,12.998,25,329,354
10518,1,1,3,2,0,1,1,1,18.86,22.725,88,7.0015,16,563,579
10519,1,1,3,2,0,1,1,1,20.5,24.24,72,11.0014,55,276,331
10520,1,1,3,3,0,1,1,1,21.32,25,72,8.9981,56,128,184
10521,1,1,3,3,0,1,1,1,22.96,26.515,68,11.0014,56,145,201
10522,1,1,3,3,0,1,1,1,24.6,30.305,64,16.9979,71,211,282
10523,1,1,3,3,0,1,1,1,25.42,30.305,61,16.9979,69,194,263
10524,1,1,3,3,0,1,1,2,26.24,31.06,57,12.998,60,200,260
10525,1,1,3,3,0,1,1,1,26.24,31.06,57,15.0013,97,189,286
10526,1,1,3,3,0,1,1,1,27.06,31.06,50,15.0013,65,320,385
10527,1,1,3,3,0,1,1,1,26.24,31.06,53,15.0013,106,615,721
10528,1,1,3,4,0,1,1,1,26.24,31.06,57,16.9979,120,681,801
10529,1,1,3,4,0,1,1,1,25.42,30.305,61,15.0013,86,463,549
10530,1,1,3,4,0,1,1,1,24.6,30.305,64,15.0013,34,296,330
10531,1,1,3,4,0,1,1,1,24.6,30.305,64,11.0014,33,190,223
10532,1,1,3,1,0,1,1,2,22.96,26.515,73,11.0014,17,131,148
10533,1,1,3,1,0,1,1,2,22.96,26.515,78,8.9981,9,45,54
10534,1,1,3,1,0,2,1,2,22.96,26.515,78,6.0032,5,24,29
10535,1,1,3,1,0,2,1,1,22.14,25.76,88,0,6,9,15
10536,1,1,3,1,0,2,1,1,22.14,25.76,88,6.0032,2,8,10
10537,1,1,3,1,0,2,1,2,22.14,25.76,88,0,0,3,3
10538,1,1,3,1,0,2,1,2,21.32,25,88,8.9981,0,6,6
10539,1,1,3,1,0,2,1,2,21.32,25,94,0,0,20,20
10540,1,1,3,1,0,2,1,2,21.32,25,94,11.0014,6,94,100
10541,1,1,3,2,0,2,1,3,21.32,25,94,15.0013,3,167,170
10542,1,1,3,2,0,2,1,2,21.32,25,88,7.0015,28,488,516
10543,1,1,3,2,0,2,1,2,22.14,25.76,88,11.0014,41,284,325
10544,1,1,3,3,0,2,1,1,22.14,25.76,88,12.998,44,119,163
10545,1,1,3,3,0,2,1,1,23.78,27.275,83,8.9981,74,156,230
10546,1,1,3,3,0,2,1,1,24.6,28.79,78,16.9979,56,205,261
10547,1,1,3,3,0,2,1,1,24.6,28.79,78,12.998,77,207,284
10548,1,1,3,3,0,2,1,2,24.6,29.545,73,11.0014,66,182,248
10549,1,1,3,3,0,2,1,2,25.42,30.305,69,7.0015,67,177,244
10550,1,1,3,3,0,2,1,1,25.42,30.305,66,15.0013,99,332,431
10551,1,1,3,3,0,2,1,1,24.6,29.545,73,12.998,108,642,750
10552,1,1,3,4,0,2,1,1,24.6,29.545,69,16.9979,136,665,801
10553,1,1,3,4,0,2,1,1,23.78,27.275,73,8.9981,75,480,555
10554,1,1,3,4,0,2,1,1,23.78,27.275,68,6.0032,78,299,377
10555,1,1,3,4,0,2,1,1,22.96,26.515,73,0,38,239,277
10556,1,1,3,1,0,2,1,1,22.14,25.76,77,0,32,156,188
10557,1,1,3,1,0,2,1,1,21.32,25,83,0,10,80,90
10558,2,1,3,1,0,3,1,1,21.32,25,88,0,4,29,33
10559,2,1,3,1,0,3,1,1,21.32,25,83,6.0032,4,22,26
10560,2,1,3,1,0,3,1,1,20.5,24.24,88,8.9981,2,8,10
10561,2,1,3,1,0,3,1,2,20.5,24.24,88,12.998,1,7,8
10562,2,1,3,1,0,3,1,2,20.5,24.24,88,8.9981,0,4,4
10563,2,1,3,1,0,3,1,2,20.5,24.24,88,8.9981,4,35,39
10564,2,1,3,1,0,3,1,2,19.68,23.485,94,15.0013,10,139,149
10565,2,1,3,2,0,3,1,3,19.68,23.485,94,12.998,34,338,372
10566,2,1,3,2,0,3,1,3,19.68,23.485,94,7.0015,33,502,535
10567,2,1,3,2,0,3,1,2,20.5,24.24,88,11.0014,38,255,293
10568,2,1,3,3,0,3,1,2,21.32,25,83,11.0014,30,124,154
10569,2,1,3,3,0,3,1,2,21.32,25,83,11.0014,38,154,192
10570,2,1,3,3,0,3,1,2,22.14,25.76,77,0,58,171,229
10571,2,1,3,3,0,3,1,2,22.14,25.76,83,0,81,222,303
10572,2,1,3,3,0,3,1,2,22.96,26.515,78,0,74,151,225
10573,2,1,3,3,0,3,1,2,22.96,26.515,78,0,68,175,243
10574,2,1,3,3,0,3,1,1,23.78,27.275,73,0,91,287,378
10575,2,1,3,3,0,3,1,1,24.6,29.545,69,6.0032,113,616,729
10576,2,1,3,4,0,3,1,1,24.6,29.545,69,0,152,627,779
10577,2,1,3,4,0,3,1,1,24.6,30.305,64,0,86,496,582
10578,2,1,3,4,0,3,1,1,22.96,26.515,78,6.0032,76,298,374
10579,2,1,3,4,0,3,1,1,22.14,25.76,83,7.0015,47,204,251
10580,2,1,3,1,0,3,1,1,21.32,25,83,11.0014,41,156,197
10581,2,1,3,1,0,3,1,1,22.14,25.76,77,0,37,88,125
10582,2,1,3,1,0,4,1,1,21.32,25,83,6.0032,9,32,41
10583,2,1,3,1,0,4,1,1,21.32,25,83,6.0032,14,16,30
10584,2,1,3,1,0,4,1,1,21.32,25,83,6.0032,1,5,6
10585,2,1,3,1,0,4,1,1,21.32,25,83,6.0032,0,7,7
10586,2,1,3,1,0,4,1,2,19.68,23.485,100,6.0032,0,6,6
10587,2,1,3,1,0,4,1,2,19.68,23.485,100,6.0032,2,32,34
10588,2,1,3,1,0,4,1,2,19.68,23.485,100,6.0032,10,126,136
10589,2,1,3,2,0,4,1,2,19.68,23.485,100,6.0032,29,332,361
10590,2,1,3,2,0,4,1,2,20.5,24.24,94,6.0032,51,598,649
10591,2,1,3,2,0,4,1,2,20.5,24.24,94,6.0032,41,277,318
10592,2,1,3,3,0,4,1,2,20.5,24.24,100,6.0032,32,110,142
10593,2,1,3,3,0,4,1,2,21.32,25,94,0,53,166,219
10594,2,1,3,3,0,4,1,2,22.14,25.76,88,12.998,48,224,272
10595,2,1,3,3,0,4,1,1,23.78,27.275,78,6.0032,83,215,298
10596,2,1,3,3,0,4,1,1,24.6,29.545,73,7.0015,96,161,257
10597,2,1,3,3,0,4,1,1,25.42,30.305,69,12.998,102,202,304
10598,2,1,3,3,0,4,1,1,26.24,30.305,65,12.998,125,300,425
10599,2,1,3,3,0,4,1,1,27.06,31.06,65,11.0014,154,656,810
10600,2,1,3,4,0,4,1,1,27.06,31.06,65,11.0014,147,654,801
10601,2,1,3,4,0,4,1,1,27.06,31.06,61,0,117,469,586
10602,2,1,3,4,0,4,1,1,25.42,29.545,73,19.0012,64,360,424
10603,2,1,3,4,0,4,1,1,23.78,27.275,78,11.0014,66,308,374
10604,2,1,3,1,0,4,1,1,22.96,26.515,83,12.998,56,164,220
10605,2,1,3,1,0,4,1,1,22.96,26.515,83,6.0032,34,117,151
10606,2,1,3,1,0,5,1,1,22.96,26.515,83,0,30,65,95
10607,2,1,3,1,0,5,1,1,22.14,25.76,88,0,18,32,50
10608,2,1,3,1,0,5,1,1,22.14,25.76,88,6.0032,12,20,32
10609,2,1,3,1,0,5,1,1,21.32,25,88,7.0015,4,6,10
10610,2,1,3,1,0,5,1,2,20.5,24.24,94,7.0015,0,3,3
10611,2,1,3,1,0,5,1,2,20.5,24.24,94,0,5,29,34
10612,2,1,3,1,0,5,1,2,20.5,24.24,88,0,6,110,116
10613,2,1,3,2,0,5,1,2,20.5,24.24,93,8.9981,28,318,346
10614,2,1,3,2,0,5,1,2,20.5,24.24,94,8.9981,47,615,662
10615,2,1,3,2,0,5,1,2,21.32,25,90,6.0032,75,305,380
10616,2,1,3,3,0,5,1,2,22.96,26.515,88,7.0015,125,150,275
10617,2,1,3,3,0,5,1,2,25.42,29.545,73,7.0015,131,187,318
10618,2,1,3,3,0,5,1,2,27.06,31.06,61,15.0013,199,272,471
10619,2,1,3,3,0,5,1,2,28.7,32.575,48,0,172,256,428
10620,2,1,3,3,0,5,1,2,29.52,32.575,42,7.0015,208,224,432
10621,2,1,3,3,0,5,1,2,29.52,32.575,42,8.9981,191,281,472
10622,2,1,3,3,0,5,1,2,29.52,32.575,42,11.0014,219,370,589
10623,2,1,3,3,0,5,1,2,29.52,32.575,42,11.0014,264,693,957
10624,2,1,3,4,0,5,1,1,28.7,31.82,45,11.0014,237,593,830
10625,2,1,3,4,0,5,1,1,27.06,31.06,50,12.998,213,473,686
10626,2,1,3,4,0,5,1,1,27.06,31.06,47,8.9981,117,328,445
10627,2,1,3,4,0,5,1,1,25.42,31.06,53,7.0015,64,220,284
10628,2,1,3,1,0,5,1,1,24.6,30.305,64,19.0012,53,218,271
10629,2,1,3,1,0,5,1,1,24.6,29.545,69,16.9979,51,125,176
10630,2,1,3,1,0,6,0,1,23.78,27.275,68,0,45,111,156
10631,2,1,3,1,0,6,0,1,22.96,26.515,73,6.0032,20,108,128
10632,2,1,3,1,0,6,0,1,22.14,25.76,77,7.0015,14,55,69
10633,2,1,3,1,0,6,0,1,22.14,25.76,77,7.0015,10,22,32
10634,2,1,3,1,0,6,0,1,21.32,25,83,6.0032,1,6,7
10635,2,1,3,1,0,6,0,2,21.32,25,83,11.0014,0,4,4
10636,2,1,3,1,0,6,0,2,21.32,25,83,11.0014,4,24,28
10637,2,1,3,2,0,6,0,2,20.5,24.24,88,8.9981,25,45,70
10638,2,1,3,2,0,6,0,2,20.5,24.24,94,12.998,41,113,154
10639,2,1,3,2,0,6,0,2,21.32,25,83,8.9981,96,153,249
10640,2,1,3,3,0,6,0,2,21.32,25,88,12.998,148,197,345
10641,2,1,3,3,0,6,0,2,20.5,24.24,94,12.998,98,175,273
10642,2,1,3,3,0,6,0,3,21.32,25,94,15.0013,61,122,183
10643,2,1,3,3,0,6,0,3,21.32,25,94,16.9979,62,134,196
10644,2,1,3,3,0,6,0,3,21.32,25,88,23.9994,63,160,223
10645,2,1,3,3,0,6,0,3,20.5,24.24,94,27.9993,118,172,290
10646,2,1,3,3,0,6,0,3,20.5,24.24,94,19.9995,49,128,177
10647,2,1,3,3,0,6,0,3,20.5,24.24,88,15.0013,47,68,115
10648,2,1,3,4,0,6,0,3,18.86,22.725,94,15.0013,27,110,137
10649,2,1,3,4,0,6,0,3,18.86,22.725,94,8.9981,28,105,133
10650,2,1,3,4,0,6,0,3,18.04,21.97,100,12.998,31,80,111
10651,2,1,3,4,0,6,0,3,18.04,21.97,100,12.998,16,88,104
10652,2,1,3,1,0,6,0,3,18.04,21.97,100,16.9979,12,71,83
10653,2,1,3,1,0,6,0,2,18.04,21.97,94,19.0012,17,88,105
10654,2,1,3,1,0,0,0,2,18.04,21.97,94,19.0012,18,62,80
10655,2,1,3,1,0,0,0,2,17.22,21.21,100,16.9979,24,65,89
10656,2,1,3,1,0,0,0,3,17.22,21.21,100,19.9995,6,29,35
10657,2,1,3,1,0,0,0,3,17.22,21.21,94,19.9995,8,10,18
10658,2,1,3,1,0,0,0,2,17.22,21.21,94,22.0028,1,7,8
10659,2,1,3,1,0,0,0,2,16.4,20.455,100,16.9979,0,6,6
10660,2,1,3,1,0,0,0,2,16.4,20.455,100,16.9979,5,13,18
10661,2,1,3,2,0,0,0,2,16.4,20.455,94,22.0028,14,25,39
10662,2,1,3,2,0,0,0,2,16.4,20.455,94,22.0028,21,68,89
10663,2,1,3,2,0,0,0,2,16.4,20.455,94,16.9979,26,92,118
10664,2,1,3,3,0,0,0,2,16.4,20.455,87,22.0028,78,172,250
10665,2,1,3,3,0,0,0,2,16.4,20.455,94,16.9979,106,217,323
10666,2,1,3,3,0,0,0,2,16.4,20.455,94,15.0013,122,238,360
10667,2,1,3,3,0,0,0,2,17.22,21.21,88,11.0014,110,257,367
10668,2,1,3,3,0,0,0,2,18.04,21.97,88,11.0014,123,291,414
10669,2,1,3,3,0,0,0,2,18.04,21.97,88,12.998,139,282,421
10670,2,1,3,3,0,0,0,1,19.68,23.485,77,0,153,339,492
10671,2,1,3,3,0,0,0,1,20.5,24.24,72,6.0032,146,273,419
10672,2,1,3,4,0,0,0,1,20.5,24.24,72,6.0032,202,289,491
10673,2,1,3,4,0,0,0,1,20.5,24.24,72,16.9979,114,261,375
10674,2,1,3,4,0,0,0,1,19.68,23.485,77,15.0013,63,196,259
10675,2,1,3,4,0,0,0,1,19.68,23.485,77,11.0014,25,124,149
10676,2,1,3,1,0,0,0,1,18.86,22.725,82,8.9981,19,92,111
10677,2,1,3,1,0,0,0,1,19.68,23.485,82,8.9981,9,56,65
10678,2,1,3,1,0,1,1,2,19.68,23.485,82,11.0014,10,23,33
10679,2,1,3,1,0,1,1,1,19.68,23.485,82,16.9979,18,10,28
10680,2,1,3,1,0,1,1,1,18.86,22.725,88,15.0013,14,6,20
10681,2,1,3,1,0,1,1,1,18.86,22.725,82,12.998,0,1,1
10682,2,1,3,1,0,1,1,1,18.04,21.97,82,11.0014,0,4,4
10683,2,1,3,1,0,1,1,1,18.04,21.97,77,11.0014,0,36,36
10684,2,1,3,1,0,1,1,1,17.22,21.21,82,12.998,7,110,117
10685,2,1,3,2,0,1,1,1,18.04,21.97,72,12.998,15,355,370
10686,2,1,3,2,0,1,1,1,18.04,21.97,62,15.0013,32,625,657
10687,2,1,3,2,0,1,1,1,18.86,22.725,47,19.0012,37,245,282
10688,2,1,3,3,0,1,1,1,20.5,24.24,36,39.0007,55,98,153
10689,2,1,3,3,0,1,1,1,19.68,23.485,31,39.0007,47,131,178
10690,2,1,3,3,0,1,1,1,19.68,23.485,33,35.0008,63,216,279
10691,2,1,3,3,0,1,1,1,19.68,23.485,29,46.0022,79,222,301
10692,2,1,3,3,0,1,1,1,19.68,23.485,33,30.0026,58,159,217
10693,2,1,3,3,0,1,1,1,19.68,23.485,29,40.9973,66,157,223
10694,2,1,3,3,0,1,1,1,19.68,23.485,25,43.0006,60,245,305
10695,2,1,3,3,0,1,1,1,18.86,22.725,24,30.0026,65,599,664
10696,2,1,3,4,0,1,1,1,18.04,21.97,26,30.0026,90,594,684
10697,2,1,3,4,0,1,1,1,17.22,21.21,24,23.9994,41,417,458
10698,2,1,3,4,0,1,1,1,16.4,20.455,26,35.0008,12,209,221
10699,2,1,3,4,0,1,1,1,15.58,19.695,25,32.9975,11,175,186
10700,2,1,3,1,0,1,1,1,14.76,16.665,25,23.9994,13,80,93
10701,2,1,3,1,0,1,1,1,13.94,14.395,25,35.0008,2,46,48
10702,2,1,3,1,0,2,1,1,13.12,14.395,26,35.0008,1,9,10
10703,2,1,3,1,0,2,1,1,12.3,13.635,26,31.0009,1,4,5
10704,2,1,3,1,0,2,1,1,10.66,11.365,30,19.9995,1,6,7
10705,2,1,3,1,0,2,1,1,10.66,11.365,30,22.0028,0,4,4
10706,2,1,3,1,0,2,1,1,9.84,10.605,32,23.9994,0,3,3
10707,2,1,3,1,0,2,1,1,9.02,10.605,37,19.0012,1,16,17
10708,2,1,3,1,0,2,1,1,9.02,11.365,37,12.998,5,96,101
10709,2,1,3,2,0,2,1,1,9.02,11.365,37,12.998,9,277,286
10710,2,1,3,2,0,2,1,1,9.02,10.605,37,19.9995,14,567,581
10711,2,1,3,2,0,2,1,1,9.84,11.365,38,12.998,8,259,267
10712,2,1,3,3,0,2,1,1,10.66,12.88,35,15.0013,20,118,138
10713,2,1,3,3,0,2,1,1,12.3,15.15,31,11.0014,34,141,175
10714,2,1,3,3,0,2,1,1,13.12,15.91,31,11.0014,34,186,220
10715,2,1,3,3,0,2,1,1,14.76,17.425,27,0,46,165,211
10716,2,1,3,3,0,2,1,1,16.4,20.455,24,8.9981,37,147,184
10717,2,1,3,3,0,2,1,1,17.22,21.21,20,0,42,158,200
10718,2,1,3,3,0,2,1,1,17.22,21.21,20,0,38,267,305
10719,2,1,3,3,0,2,1,1,18.04,21.97,16,0,72,542,614
10720,2,1,3,4,0,2,1,1,17.22,21.21,17,6.0032,67,577,644
10721,2,1,3,4,0,2,1,1,17.22,21.21,17,0,40,377,417
10722,2,1,3,4,0,2,1,1,17.22,21.21,17,6.0032,28,266,294
10723,2,1,3,4,0,2,1,1,14.76,17.425,37,11.0014,21,200,221
10724,2,1,3,1,0,2,1,1,14.76,17.425,37,8.9981,7,127,134
10725,2,1,3,1,0,2,1,1,14.76,17.425,37,12.998,5,59,64
10726,2,1,3,1,0,3,1,1,14.76,16.665,40,19.0012,1,29,30
10727,2,1,3,1,0,3,1,1,14.76,16.665,46,19.9995,0,8,8
10728,2,1,3,1,0,3,1,1,13.94,15.15,49,19.9995,0,3,3
10729,2,1,3,1,0,3,1,1,13.94,15.15,42,22.0028,1,4,5
10730,2,1,3,1,0,3,1,1,14.76,16.665,43,19.9995,1,0,1
10731,2,1,3,1,0,3,1,1,14.76,16.665,43,19.9995,2,38,40
10732,2,1,3,1,0,3,1,1,14.76,16.665,46,23.9994,4,111,115
10733,2,1,3,2,0,3,1,1,14.76,16.665,46,22.0028,10,348,358
10734,2,1,3,2,0,3,1,1,15.58,19.695,46,23.9994,19,639,658
10735,2,1,3,2,0,3,1,1,16.4,20.455,43,30.0026,16,298,314
10736,2,1,3,3,0,3,1,1,18.86,22.725,41,27.9993,33,140,173
10737,2,1,3,3,0,3,1,1,20.5,24.24,42,26.0027,54,168,222
10738,2,1,3,3,0,3,1,2,22.14,25.76,39,23.9994,50,218,268
10739,2,1,3,3,0,3,1,1,22.96,26.515,43,22.0028,60,213,273
10740,2,1,3,3,0,3,1,1,25.42,31.06,38,23.9994,52,169,221
10741,2,1,3,3,0,3,1,2,25.42,31.06,41,19.9995,47,152,199
10742,2,1,3,3,0,3,1,3,25.42,31.06,43,6.0032,51,170,221
10743,2,1,3,3,0,3,1,1,24.6,30.305,60,15.0013,72,532,604
10744,2,1,3,4,0,3,1,1,24.6,30.305,60,15.0013,61,580,641
10745,2,1,3,4,0,3,1,1,24.6,31.06,56,12.998,41,415,456
10746,2,1,3,4,0,3,1,1,24.6,31.06,56,19.9995,38,324,362
10747,2,1,3,4,0,3,1,1,23.78,27.275,60,16.9979,28,233,261
10748,2,1,3,1,0,3,1,1,22.96,26.515,64,8.9981,21,151,172
10749,2,1,3,1,0,3,1,1,22.14,25.76,68,8.9981,12,81,93
10750,2,1,3,1,0,4,1,1,22.14,25.76,68,12.998,10,38,48
10751,2,1,3,1,0,4,1,1,22.96,26.515,60,8.9981,15,18,33
10752,2,1,3,1,0,4,1,1,24.6,30.305,28,19.9995,0,6,6
10753,2,1,3,1,0,4,1,1,23.78,27.275,28,16.9979,1,4,5
10754,2,1,3,1,0,4,1,1,21.32,25,36,16.9979,1,8,9
10755,2,1,3,1,0,4,1,1,20.5,24.24,45,15.0013,2,30,32
10756,2,1,3,1,0,4,1,1,18.86,22.725,59,16.9979,3,114,117
10757,2,1,3,2,0,4,1,1,18.86,22.725,51,23.9994,14,353,367
10758,2,1,3,2,0,4,1,1,18.86,22.725,47,27.9993,26,628,654
10759,2,1,3,2,0,4,1,1,19.68,23.485,48,27.9993,22,299,321
10760,2,1,3,3,0,4,1,1,18.86,22.725,47,30.0026,42,124,166
10761,2,1,3,3,0,4,1,1,20.5,24.24,45,27.9993,54,166,220
10762,2,1,3,3,0,4,1,1,20.5,24.24,42,32.9975,64,228,292
10763,2,1,3,3,0,4,1,1,18.86,22.725,44,22.0028,50,223,273
10764,2,1,3,3,0,4,1,1,20.5,24.24,42,23.9994,63,175,238
10765,2,1,3,3,0,4,1,1,21.32,25,39,23.9994,109,198,307
10766,2,1,3,3,0,4,1,1,21.32,25,36,22.0028,67,321,388
10767,2,1,3,3,0,4,1,1,21.32,25,38,26.0027,83,620,703
10768,2,1,3,4,0,4,1,1,20.5,24.24,39,19.9995,83,598,681
10769,2,1,3,4,0,4,1,1,19.68,23.485,39,19.0012,47,421,468
10770,2,1,3,4,0,4,1,1,18.86,22.725,38,19.9995,34,301,335
10771,2,1,3,4,0,4,1,1,18.04,21.97,44,19.0012,10,214,224
10772,2,1,3,1,0,4,1,1,17.22,21.21,44,19.0012,17,135,152
10773,2,1,3,1,0,4,1,1,17.22,21.21,47,19.9995,17,77,94
10774,2,1,3,1,0,5,1,1,16.4,20.455,47,19.9995,10,49,59
10775,2,1,3,1,0,5,1,1,15.58,19.695,50,19.0012,6,21,27
10776,2,1,3,1,0,5,1,1,14.76,16.665,53,19.9995,1,6,7
10777,2,1,3,1,0,5,1,1,13.94,16.665,61,8.9981,0,7,7
10778,2,1,3,1,0,5,1,1,13.94,17.425,53,6.0032,1,1,2
10779,2,1,3,1,0,5,1,1,13.12,16.665,61,6.0032,0,26,26
10780,2,1,3,1,0,5,1,1,13.12,16.665,57,8.9981,5,81,86
10781,2,1,3,2,0,5,1,1,13.12,15.91,57,11.0014,9,280,289
10782,2,1,3,2,0,5,1,1,13.12,15.91,66,11.0014,38,555,593
10783,2,1,3,2,0,5,1,1,13.94,16.665,57,11.0014,29,292,321
10784,2,1,3,3,0,5,1,2,14.76,18.18,57,7.0015,50,137,187
10785,2,1,3,3,0,5,1,2,14.76,18.94,53,0,48,153,201
10786,2,1,3,3,0,5,1,2,15.58,19.695,54,0,62,208,270
10787,2,1,3,3,0,5,1,3,16.4,20.455,50,0,44,198,242
10788,2,1,3,3,0,5,1,3,16.4,20.455,54,0,56,173,229
10789,2,1,3,3,0,5,1,3,17.22,21.21,54,0,73,207,280
10790,2,1,3,3,0,5,1,3,16.4,20.455,62,19.0012,75,292,367
10791,2,1,3,3,0,5,1,2,16.4,20.455,62,15.0013,93,513,606
10792,2,1,3,4,0,5,1,1,17.22,21.21,54,12.998,68,492,560
10793,2,1,3,4,0,5,1,1,16.4,20.455,62,15.0013,42,353,395
10794,2,1,3,4,0,5,1,1,16.4,20.455,62,11.0014,17,192,209
10795,2,1,3,4,0,5,1,1,15.58,19.695,66,8.9981,30,190,220
10796,2,1,3,1,0,5,1,1,14.76,17.425,71,11.0014,23,130,153
10797,2,1,3,1,0,5,1,1,14.76,18.94,71,0,16,107,123
10798,2,1,3,1,0,6,0,1,15.58,19.695,82,12.998,12,80,92
10799,2,1,3,1,0,6,0,2,16.4,20.455,76,12.998,17,65,82
10800,2,1,3,1,0,6,0,2,17.22,21.21,77,16.9979,14,55,69
10801,2,1,3,1,0,6,0,1,16.4,20.455,82,16.9979,10,21,31
10802,2,1,3,1,0,6,0,1,17.22,21.21,77,27.9993,4,4,8
10803,2,1,3,1,0,6,0,1,16.4,20.455,82,15.0013,0,5,5
10804,2,1,3,1,0,6,0,2,14.76,17.425,87,11.0014,7,16,23
10805,2,1,3,2,0,6,0,2,14.76,17.425,87,11.0014,5,39,44
10806,2,1,3,2,0,6,0,2,14.76,17.425,87,12.998,19,126,145
10807,2,1,3,2,0,6,0,2,16.4,20.455,76,12.998,62,161,223
10808,2,1,3,3,0,6,0,2,16.4,20.455,76,8.9981,108,205,313
10809,2,1,3,3,0,6,0,1,18.86,22.725,72,8.9981,184,279,463
10810,2,1,3,3,0,6,0,1,19.68,23.485,67,0,263,358,621
10811,2,1,3,3,0,6,0,1,22.14,25.76,60,8.9981,265,373,638
10812,2,1,3,3,0,6,0,2,20.5,24.24,63,16.9979,240,311,551
10813,2,1,3,3,0,6,0,2,21.32,25,59,19.0012,275,330,605
10814,2,1,3,3,0,6,0,2,20.5,24.24,63,19.9995,243,292,535
10815,2,1,3,3,0,6,0,1,19.68,23.485,67,27.9993,238,305,543
10816,2,1,3,4,0,6,0,2,18.04,21.97,72,31.0009,102,239,341
10817,2,1,3,4,0,6,0,1,17.22,21.21,71,30.0026,93,191,284
10818,2,1,3,4,0,6,0,2,16.4,20.455,71,22.0028,52,156,208
10819,2,1,3,4,0,6,0,2,16.4,20.455,71,22.0028,36,107,143
10820,2,1,3,1,0,6,0,2,15.58,19.695,71,16.9979,40,116,156
10821,2,1,3,1,0,6,0,2,14.76,16.665,76,19.0012,12,100,112
10822,2,1,4,1,0,0,0,2,14.76,16.665,76,16.9979,8,59,67
10823,2,1,4,1,0,0,0,2,14.76,17.425,76,11.0014,13,49,62
10824,2,1,4,1,0,0,0,2,14.76,17.425,76,11.0014,20,61,81
10825,2,1,4,1,0,0,0,2,13.94,16.665,81,8.9981,4,21,25
10826,2,1,4,1,0,0,0,2,13.94,17.425,81,6.0032,3,9,12
10827,2,1,4,1,0,0,0,2,13.94,17.425,81,6.0032,8,10,18
10828,2,1,4,1,0,0,0,2,14.76,17.425,76,8.9981,9,88,97
10829,2,1,4,2,0,0,0,2,14.76,17.425,71,8.9981,29,55,84
10830,2,1,4,2,0,0,0,2,14.76,18.18,76,6.0032,37,88,125
10831,2,1,4,2,0,0,0,2,14.76,17.425,81,8.9981,102,173,275
10832,2,1,4,3,0,0,0,2,16.4,20.455,71,7.0015,132,228,360
10833,2,1,4,3,0,0,0,2,16.4,20.455,71,12.998,180,271,451
10834,2,1,4,3,0,0,0,2,17.22,21.21,67,15.0013,187,258,445
10835,2,1,4,3,0,0,0,2,18.04,21.97,62,12.998,190,274,464
10836,2,1,4,3,0,0,0,2,19.68,23.485,55,15.0013,283,278,561
10837,2,1,4,3,0,0,0,1,20.5,24.24,55,16.9979,295,278,573
10838,2,1,4,3,0,0,0,1,21.32,25,52,16.9979,236,275,511
10839,2,1,4,3,0,0,0,1,21.32,25,55,19.0012,232,323,555
10840,2,1,4,4,0,0,0,1,21.32,25,52,19.9995,153,279,432
10841,2,1,4,4,0,0,0,1,21.32,25,55,15.0013,110,236,346
10842,2,1,4,4,0,0,0,2,20.5,24.24,59,15.0013,66,166,232
10843,2,1,4,4,0,0,0,2,20.5,24.24,59,11.0014,33,101,134
10844,2,1,4,1,0,0,0,3,20.5,24.24,63,7.0015,7,61,68
10845,2,1,4,1,0,0,0,3,18.86,22.725,72,0,10,53,63
10846,2,1,4,1,0,1,1,3,18.04,21.97,82,7.0015,6,11,17
10847,2,1,4,1,0,1,1,3,17.22,21.21,88,6.0032,0,5,5
10848,2,1,4,1,0,1,1,3,18.04,21.97,94,8.9981,2,3,5
10849,2,1,4,1,0,1,1,1,16.4,20.455,76,32.9975,2,2,4
10850,2,1,4,1,0,1,1,1,16.4,20.455,76,32.9975,2,22,24
10851,2,1,4,1,0,1,1,1,14.76,15.91,71,31.0009,6,104,110
10852,2,1,4,2,0,1,1,1,13.94,15.15,66,26.0027,12,294,306
10853,2,1,4,2,0,1,1,1,14.76,16.665,57,22.0028,36,553,589
10854,2,1,4,2,0,1,1,1,15.58,19.695,54,23.9994,52,265,317
10855,2,1,4,3,0,1,1,1,16.4,20.455,50,35.0008,85,119,204
10856,2,1,4,3,0,1,1,1,17.22,21.21,47,30.0026,81,128,209
10857,2,1,4,3,0,1,1,1,18.04,21.97,44,30.0026,100,181,281
10858,2,1,4,3,0,1,1,1,18.86,22.725,36,19.9995,97,184,281
10859,2,1,4,3,0,1,1,1,18.86,22.725,31,27.9993,127,141,268
10860,2,1,4,3,0,1,1,1,19.68,23.485,33,27.9993,132,192,324
10861,2,1,4,3,0,1,1,1,20.5,24.24,34,22.0028,104,291,395
10862,2,1,4,3,0,1,1,1,20.5,24.24,29,19.0012,128,601,729
10863,2,1,4,4,0,1,1,1,20.5,24.24,27,16.9979,75,543,618
10864,2,1,4,4,0,1,1,1,20.5,24.24,27,16.9979,66,428,494
10865,2,1,4,4,0,1,1,1,18.86,22.725,31,11.0014,48,281,329
10866,2,1,4,4,0,1,1,1,18.86,22.725,28,8.9981,24,214,238
10867,2,1,4,1,0,1,1,1,17.22,21.21,44,12.998,17,106,123
10868,2,1,4,1,0,1,1,1,18.04,21.97,35,11.0014,6,60,66
10869,2,1,4,1,0,2,1,1,16.4,20.455,43,8.9981,1,32,33
10870,2,1,4,1,0,2,1,1,15.58,19.695,46,15.0013,0,11,11
10871,2,1,4,1,0,2,1,1,14.76,17.425,53,11.0014,0,5,5
10872,2,1,4,1,0,2,1,1,15.58,19.695,46,0,0,3,3
10873,2,1,4,1,0,2,1,1,13.12,16.665,66,6.0032,0,1,1
10874,2,1,4,1,0,2,1,1,13.12,16.665,66,6.0032,2,25,27
10875,2,1,4,1,0,2,1,1,12.3,15.91,61,6.0032,2,98,100
10876,2,1,4,2,0,2,1,1,13.12,16.665,66,6.0032,14,327,341
10877,2,1,4,2,0,2,1,1,13.94,18.18,57,0,27,577,604
10878,2,1,4,2,0,2,1,1,17.22,21.21,38,6.0032,54,354,408
10879,2,1,4,3,0,2,1,1,18.04,21.97,33,0,77,142,219
10880,2,1,4,3,0,2,1,1,19.68,23.485,23,0,91,167,258
10881,2,1,4,3,0,2,1,1,21.32,25,25,0,101,230,331
10882,2,1,4,3,0,2,1,1,22.96,26.515,19,16.9979,120,225,345
10883,2,1,4,3,0,2,1,1,22.96,26.515,21,15.0013,120,191,311
10884,2,1,4,3,0,2,1,1,24.6,29.545,20,12.998,109,207,316
10885,2,1,4,3,0,2,1,1,25.42,30.305,21,11.0014,145,340,485
10886,2,1,4,3,0,2,1,1,25.42,30.305,17,12.998,123,634,757
10887,2,1,4,4,0,2,1,1,24.6,30.305,26,11.0014,139,661,800
10888,2,1,4,4,0,2,1,1,22.96,26.515,26,7.0015,98,460,558
10889,2,1,4,4,0,2,1,1,22.96,26.515,24,8.9981,54,325,379
10890,2,1,4,4,0,2,1,1,22.14,25.76,45,0,33,210,243
10891,2,1,4,1,0,2,1,1,20.5,24.24,51,0,25,133,158
10892,2,1,4,1,0,2,1,1,20.5,24.24,59,0,13,66,79
10893,2,1,4,1,0,3,1,1,19.68,23.485,48,0,18,23,41
10894,2,1,4,1,0,3,1,1,18.86,22.725,59,0,0,11,11
10895,2,1,4,1,0,3,1,1,18.86,22.725,51,0,0,5,5
10896,2,1,4,1,0,3,1,1,18.04,21.97,58,6.0032,0,3,3
10897,2,1,4,1,0,3,1,1,17.22,21.21,67,6.0032,0,1,1
10898,2,1,4,1,0,3,1,1,17.22,21.21,67,6.0032,0,27,27
10899,2,1,4,1,0,3,1,2,17.22,21.21,58,0,6,120,126
10900,2,1,4,2,0,3,1,2,18.04,21.97,62,0,12,354,366
10901,2,1,4,2,0,3,1,2,18.04,21.97,72,7.0015,31,653,684
10902,2,1,4,2,0,3,1,2,19.68,23.485,55,8.9981,47,316,363
10903,2,1,4,3,0,3,1,2,22.14,25.76,45,8.9981,68,99,167
10904,2,1,4,3,0,3,1,2,24.6,31.06,43,23.9994,61,152,213
10905,2,1,4,3,0,3,1,2,24.6,31.06,46,27.9993,73,210,283
10906,2,1,4,3,0,3,1,2,24.6,31.06,46,16.9979,70,181,251
10907,2,1,4,3,0,3,1,2,25.42,31.06,46,12.998,82,176,258
10908,2,1,4,3,0,3,1,2,26.24,31.06,44,19.0012,86,182,268
10909,2,1,4,3,0,3,1,2,26.24,31.06,44,19.0012,86,304,390
10910,2,1,4,3,0,3,1,1,27.06,31.06,41,19.9995,99,645,744
10911,2,1,4,4,0,3,1,1,27.06,31.06,41,16.9979,113,646,759
10912,2,1,4,4,0,3,1,1,27.06,31.06,39,15.0013,75,419,494
10913,2,1,4,4,0,3,1,1,26.24,31.06,27,15.0013,39,333,372
10914,2,1,4,4,0,3,1,1,24.6,30.305,23,22.0028,43,255,298
10915,2,1,4,1,0,3,1,1,22.96,26.515,22,11.0014,30,151,181
10916,2,1,4,1,0,3,1,1,21.32,25,23,27.9993,19,112,131
10917,2,1,4,1,0,4,1,1,21.32,25,23,27.9993,12,33,45
10918,2,1,4,1,0,4,1,1,19.68,23.485,27,22.0028,4,9,13
10919,2,1,4,1,0,4,1,1,18.86,22.725,33,30.0026,7,11,18
10920,2,1,4,1,0,4,1,1,17.22,21.21,41,19.9995,0,5,5
10921,2,1,4,1,0,4,1,1,15.58,19.695,43,19.0012,0,1,1
10922,2,1,4,1,0,4,1,1,15.58,19.695,43,19.0012,1,28,29
10923,2,1,4,1,0,4,1,1,14.76,16.665,46,22.0028,8,118,126
10924,2,1,4,2,0,4,1,1,13.94,16.665,49,12.998,15,339,354
10925,2,1,4,2,0,4,1,1,14.76,17.425,46,15.0013,28,610,638
10926,2,1,4,2,0,4,1,1,16.4,20.455,37,16.9979,61,290,351
10927,2,1,4,3,0,4,1,1,17.22,21.21,35,19.0012,88,158,246
10928,2,1,4,3,0,4,1,2,17.22,21.21,38,15.0013,109,159,268
10929,2,1,4,3,0,4,1,1,18.04,21.97,33,0,66,210,276
10930,2,1,4,3,0,4,1,1,18.86,22.725,31,0,89,202,291
10931,2,1,4,3,0,4,1,1,18.86,22.725,33,11.0014,143,144,287
10932,2,1,4,3,0,4,1,1,20.5,24.24,31,7.0015,98,171,269
10933,2,1,4,3,0,4,1,1,20.5,24.24,31,12.998,84,318,402
10934,2,1,4,3,0,4,1,1,20.5,24.24,31,11.0014,145,677,822
10935,2,1,4,4,0,4,1,1,20.5,24.24,31,7.0015,80,618,698
10936,2,1,4,4,0,4,1,1,19.68,23.485,31,16.9979,64,423,487
10937,2,1,4,4,0,4,1,1,18.04,21.97,41,12.998,33,279,312
10938,2,1,4,4,0,4,1,1,17.22,21.21,47,12.998,25,209,234
10939,2,1,4,1,0,4,1,1,16.4,20.455,47,12.998,20,129,149
10940,2,1,4,1,0,4,1,1,16.4,20.455,50,8.9981,12,124,136
10941,2,1,4,1,0,5,1,1,16.4,20.455,43,0,12,49,61
10942,2,1,4,1,0,5,1,1,14.76,17.425,62,8.9981,10,28,38
10943,2,1,4,1,0,5,1,1,14.76,16.665,50,26.0027,6,5,11
10944,2,1,4,1,0,5,1,1,13.94,15.15,53,22.0028,3,5,8
10945,2,1,4,1,0,5,1,1,13.94,15.91,49,16.9979,2,3,5
10946,2,1,4,1,0,5,1,1,13.12,15.15,53,22.0028,0,23,23
10947,2,1,4,1,0,5,1,1,12.3,13.635,49,26.0027,0,80,80
10948,2,1,4,2,0,5,1,1,12.3,14.395,49,19.0012,15,231,246
10949,2,1,4,2,0,5,1,1,12.3,13.635,49,22.0028,19,489,508
10950,2,1,4,2,0,5,1,1,13.94,15.15,42,22.0028,58,318,376
10951,2,1,4,3,0,5,1,1,14.76,16.665,40,22.0028,81,157,238
10952,2,1,4,3,0,5,1,1,16.4,20.455,37,19.9995,112,179,291
10953,2,1,4,3,0,5,1,1,17.22,21.21,35,19.9995,113,224,337
10954,2,1,4,3,0,5,1,1,18.04,21.97,33,22.0028,173,238,411
10955,2,1,4,3,0,5,1,1,19.68,23.485,29,26.0027,240,250,490
10956,2,1,4,3,0,5,1,1,20.5,24.24,27,19.0012,218,319,537
10957,2,1,4,3,0,5,1,1,20.5,24.24,22,27.9993,184,352,536
10958,2,1,4,3,0,5,1,1,21.32,25,23,27.9993,172,483,655
10959,2,1,4,4,0,5,1,1,20.5,24.24,22,31.0009,104,380,484
10960,2,1,4,4,0,5,1,1,19.68,23.485,23,19.9995,115,297,412
10961,2,1,4,4,0,5,1,1,18.86,22.725,24,19.0012,61,191,252
10962,2,1,4,4,0,5,1,1,18.04,21.97,26,8.9981,54,136,190
10963,2,1,4,1,0,5,1,1,16.4,20.455,35,15.0013,34,124,158
10964,2,1,4,1,0,5,1,1,17.22,21.21,30,19.0012,21,92,113
10965,2,1,4,1,0,6,0,1,17.22,21.21,26,19.9995,9,85,94
10966,2,1,4,1,0,6,0,1,16.4,20.455,28,16.9979,9,60,69
10967,2,1,4,1,0,6,0,1,14.76,16.665,29,23.9994,11,25,36
10968,2,1,4,1,0,6,0,1,14.76,16.665,32,16.9979,7,21,28
10969,2,1,4,1,0,6,0,1,13.12,15.91,36,11.0014,3,4,7
10970,2,1,4,1,0,6,0,1,13.12,15.91,33,11.0014,0,2,2
10971,2,1,4,1,0,6,0,1,13.12,15.91,36,12.998,1,18,19
10972,2,1,4,2,0,6,0,1,13.12,15.15,33,19.0012,14,40,54
10973,2,1,4,2,0,6,0,1,13.94,15.91,34,16.9979,29,94,123
10974,2,1,4,2,0,6,0,1,16.4,20.455,30,16.9979,103,173,276
10975,2,1,4,3,0,6,0,1,17.22,21.21,28,16.9979,187,176,363
10976,2,1,4,3,0,6,0,1,18.04,21.97,24,19.9995,251,244,495
10977,2,1,4,3,0,6,0,1,18.86,22.725,23,26.0027,320,270,590
10978,2,1,4,3,0,6,0,1,20.5,24.24,22,12.998,355,288,643
10979,2,1,4,3,0,6,0,1,20.5,24.24,22,19.9995,326,252,578
10980,2,1,4,3,0,6,0,1,21.32,25,19,27.9993,321,305,626
10981,2,1,4,3,0,6,0,1,22.14,25.76,19,26.0027,354,261,615
10982,2,1,4,3,0,6,0,1,22.14,25.76,19,27.9993,299,268,567
10983,2,1,4,4,0,6,0,1,22.14,25.76,18,19.9995,227,290,517
10984,2,1,4,4,0,6,0,1,22.14,25.76,16,22.0028,170,243,413
10985,2,1,4,4,0,6,0,1,20.5,24.24,20,15.0013,73,135,208
10986,2,1,4,4,0,6,0,1,20.5,24.24,20,12.998,75,159,234
10987,2,1,4,1,0,6,0,1,19.68,23.485,20,12.998,76,106,182
10988,2,1,4,1,0,6,0,1,18.86,22.725,23,15.0013,32,86,118
10989,2,1,4,1,0,0,0,1,18.04,21.97,24,15.0013,21,64,85
10990,2,1,4,1,0,0,0,1,18.04,21.97,24,15.0013,14,50,64
10991,2,1,4,1,0,0,0,1,18.04,21.97,24,15.0013,7,25,32
10992,2,1,4,1,0,0,0,1,17.22,21.21,26,8.9981,8,18,26
10993,2,1,4,1,0,0,0,1,16.4,20.455,40,0,0,7,7
10994,2,1,4,1,0,0,0,1,15.58,19.695,46,0,4,8,12
10995,2,1,4,1,0,0,0,1,14.76,18.94,37,0,7,21,28
10996,2,1,4,2,0,0,0,1,15.58,19.695,27,11.0014,12,25,37
10997,2,1,4,2,0,0,0,1,16.4,20.455,30,12.998,19,65,84
10998,2,1,4,2,0,0,0,1,18.04,21.97,26,15.0013,71,108,179
10999,2,1,4,3,0,0,0,1,20.5,24.24,25,15.0013,113,186,299
11000,2,1,4,3,0,0,0,1,20.5,24.24,25,19.0012,195,209,404
11001,2,1,4,3,0,0,0,1,22.14,25.76,24,16.9979,198,259,457
11002,2,1,4,3,0,0,0,1,23.78,27.275,23,11.0014,229,254,483
11003,2,1,4,3,0,0,0,1,24.6,29.545,18,30.0026,254,249,503
11004,2,1,4,3,0,0,0,1,25.42,30.305,17,23.9994,260,226,486
11005,2,1,4,3,0,0,0,1,26.24,30.305,19,22.0028,232,244,476
11006,2,1,4,3,0,0,0,1,25.42,30.305,22,19.9995,185,226,411
11007,2,1,4,4,0,0,0,1,25.42,30.305,25,22.0028,151,159,310
11008,2,1,4,4,0,0,0,1,24.6,30.305,23,26.0027,89,187,276
11009,2,1,4,4,0,0,0,1,22.96,26.515,28,27.9993,65,146,211
11010,2,1,4,4,0,0,0,1,21.32,25,34,15.0013,53,77,130
11011,2,1,4,1,0,0,0,1,20.5,24.24,36,15.0013,33,85,118
11012,2,1,4,1,0,0,0,1,20.5,24.24,39,16.9979,10,41,51
11013,2,1,4,1,0,1,1,1,19.68,23.485,39,19.0012,8,29,37
11014,2,1,4,1,0,1,1,1,18.86,22.725,41,8.9981,4,12,16
11015,2,1,4,1,0,1,1,1,18.86,22.725,31,12.998,2,4,6
11016,2,1,4,1,0,1,1,1,18.04,21.97,30,11.0014,0,3,3
11017,2,1,4,1,0,1,1,1,18.04,21.97,24,12.998,2,3,5
11018,2,1,4,1,0,1,1,1,18.04,21.97,24,12.998,2,30,32
11019,2,1,4,1,0,1,1,1,17.22,21.21,26,15.0013,3,108,111
11020,2,1,4,2,0,1,1,1,17.22,21.21,28,12.998,11,320,331
11021,2,1,4,2,0,1,1,1,18.04,21.97,30,12.998,22,595,617
11022,2,1,4,2,0,1,1,1,18.86,22.725,31,23.9994,50,236,286
11023,2,1,4,3,0,1,1,1,20.5,24.24,27,32.9975,65,113,178
11024,2,1,4,3,0,1,1,1,21.32,25,27,27.9993,96,127,223
11025,2,1,4,3,0,1,1,1,22.14,25.76,28,47.9988,94,186,280
11026,2,1,4,3,0,1,1,1,22.14,25.76,28,39.0007,108,173,281
11027,2,1,4,3,0,1,1,1,22.96,26.515,28,36.9974,66,152,218
11028,2,1,4,3,0,1,1,1,23.78,27.275,28,36.9974,82,173,255
11029,2,1,4,3,0,1,1,1,22.96,26.515,30,27.9993,81,310,391
11030,2,1,4,3,0,1,1,1,22.14,25.76,32,27.9993,67,565,632
11031,2,1,4,4,0,1,1,1,22.14,25.76,34,19.9995,60,586,646
11032,2,1,4,4,0,1,1,1,21.32,25,34,23.9994,35,386,421
11033,2,1,4,4,0,1,1,1,20.5,24.24,36,30.0026,21,255,276
11034,2,1,4,4,0,1,1,3,19.68,23.485,41,27.9993,14,151,165
11035,2,1,4,1,0,1,1,2,18.86,22.725,41,32.9975,6,102,108
11036,2,1,4,1,0,1,1,1,18.04,21.97,44,19.9995,6,61,67
11037,2,1,4,1,0,2,1,2,18.04,21.97,47,19.0012,3,23,26
11038,2,1,4,1,0,2,1,1,17.22,21.21,50,15.0013,0,9,9
11039,2,1,4,1,0,2,1,1,14.76,17.425,71,8.9981,0,2,2
11040,2,1,4,1,0,2,1,1,14.76,17.425,71,8.9981,0,2,2
11041,2,1,4,1,0,2,1,1,13.94,16.665,71,8.9981,0,2,2
11042,2,1,4,1,0,2,1,1,13.94,16.665,71,8.9981,0,24,24
11043,2,1,4,1,0,2,1,1,13.94,17.425,71,7.0015,3,100,103
11044,2,1,4,2,0,2,1,1,13.94,17.425,71,7.0015,16,368,384
11045,2,1,4,2,0,2,1,1,15.58,19.695,62,8.9981,22,670,692
11046,2,1,4,2,0,2,1,1,17.22,21.21,67,12.998,16,303,319
11047,2,1,4,3,0,2,1,1,18.86,22.725,47,11.0014,49,132,181
11048,2,1,4,3,0,2,1,1,20.5,24.24,36,0,78,161,239
11049,2,1,4,3,0,2,1,1,22.14,25.76,22,19.0012,75,184,259
11050,2,1,4,3,0,2,1,1,21.32,25,23,11.0014,81,202,283
11051,2,1,4,3,0,2,1,1,22.14,25.76,24,12.998,75,149,224
11052,2,1,4,3,0,2,1,1,22.96,26.515,21,19.9995,46,157,203
11053,2,1,4,3,0,2,1,1,23.78,27.275,21,16.9979,66,296,362
11054,2,1,4,3,0,2,1,1,22.96,26.515,21,35.0008,88,656,744
11055,2,1,4,4,0,2,1,1,22.14,25.76,22,27.9993,78,626,704
11056,2,1,4,4,0,2,1,1,21.32,25,20,23.9994,51,428,479
11057,2,1,4,4,0,2,1,1,18.86,22.725,28,26.0027,34,248,282
11058,2,1,4,4,0,2,1,1,18.04,21.97,30,30.0026,15,191,206
11059,2,1,4,1,0,2,1,1,16.4,20.455,37,32.9975,9,118,127
11060,2,1,4,1,0,2,1,1,14.76,16.665,40,27.9993,14,48,62
11061,2,1,4,1,0,3,1,1,13.94,15.15,36,27.9993,8,22,30
11062,2,1,4,1,0,3,1,1,13.94,15.91,39,19.0012,3,9,12
11063,2,1,4,1,0,3,1,1,13.12,15.15,45,19.0012,0,2,2
11064,2,1,4,1,0,3,1,1,12.3,14.395,49,15.0013,0,2,2
11065,2,1,4,1,0,3,1,1,11.48,13.635,56,12.998,1,26,27
11066,2,1,4,1,0,3,1,1,11.48,14.395,56,7.0015,3,103,106
11067,2,1,4,2,0,3,1,1,11.48,14.395,52,8.9981,18,303,321
11068,2,1,4,2,0,3,1,1,12.3,14.395,49,15.0013,14,581,595
11069,2,1,4,2,0,3,1,2,13.12,15.15,49,19.9995,20,282,302
11070,2,1,4,3,0,3,1,2,13.94,15.15,49,22.0028,26,127,153
11071,2,1,4,3,0,3,1,2,15.58,19.695,43,22.0028,38,142,180
11072,2,1,4,3,0,3,1,2,14.76,16.665,46,26.0027,35,147,182
11073,2,1,4,3,0,3,1,2,16.4,20.455,40,23.9994,16,147,163
11074,2,1,4,3,0,3,1,1,14.76,17.425,57,12.998,34,101,135
11075,2,1,4,3,0,3,1,3,15.58,19.695,46,15.0013,50,152,202
11076,2,1,4,3,0,3,1,1,18.04,21.97,33,19.9995,51,256,307
11077,2,1,4,3,0,3,1,1,17.22,21.21,35,26.0027,52,527,579
11078,2,1,4,4,0,3,1,3,16.4,20.455,43,27.9993,39,546,585
11079,2,1,4,4,0,3,1,1,16.4,20.455,40,23.9994,28,356,384
11080,2,1,4,4,0,3,1,1,14.76,16.665,46,22.0028,22,213,235
11081,2,1,4,4,0,3,1,1,13.94,15.15,57,26.0027,11,154,165
11082,2,1,4,1,0,3,1,1,13.94,15.15,57,22.0028,4,130,134
11083,2,1,4,1,0,3,1,1,13.94,15.15,57,19.9995,9,52,61
11084,2,1,4,1,0,4,1,1,13.12,15.15,66,19.0012,1,22,23
11085,2,1,4,1,0,4,1,1,13.12,15.15,66,15.0013,2,7,9
11086,2,1,4,1,0,4,1,1,13.12,15.15,61,19.0012,0,4,4
11087,2,1,4,1,0,4,1,1,13.12,15.15,61,16.9979,2,3,5
11088,2,1,4,1,0,4,1,1,12.3,14.395,61,15.0013,0,1,1
11089,2,1,4,1,0,4,1,1,12.3,14.395,61,15.0013,0,21,21
11090,2,1,4,1,0,4,1,1,12.3,14.395,65,16.9979,2,94,96
11091,2,1,4,2,0,4,1,1,12.3,13.635,65,22.0028,12,294,306
11092,2,1,4,2,0,4,1,1,13.12,15.15,66,22.0028,20,604,624
11093,2,1,4,2,0,4,1,1,14.76,16.665,57,23.9994,16,271,287
11094,2,1,4,3,0,4,1,1,16.4,20.455,50,19.9995,38,103,141
11095,2,1,4,3,0,4,1,1,17.22,21.21,47,19.9995,50,174,224
11096,2,1,4,3,0,4,1,1,18.86,22.725,41,30.0026,60,199,259
11097,2,1,4,3,0,4,1,1,19.68,23.485,36,30.0026,55,148,203
11098,2,1,4,3,0,4,1,1,20.5,24.24,31,22.0028,74,150,224
11099,2,1,4,3,0,4,1,1,19.68,23.485,31,16.9979,42,169,211
11100,2,1,4,3,0,4,1,1,19.68,23.485,31,19.0012,54,299,353
11101,2,1,4,3,0,4,1,1,20.5,24.24,27,26.0027,60,596,656
11102,2,1,4,4,0,4,1,1,20.5,24.24,27,26.0027,63,547,610
11103,2,1,4,4,0,4,1,1,18.86,22.725,31,19.9995,50,383,433
11104,2,1,4,4,0,4,1,1,18.04,21.97,33,16.9979,26,254,280
11105,2,1,4,4,0,4,1,1,17.22,21.21,35,8.9981,13,174,187
11106,2,1,4,1,0,4,1,1,17.22,21.21,35,12.998,15,143,158
11107,2,1,4,1,0,4,1,1,17.22,21.21,35,12.998,8,86,94
11108,2,1,4,1,0,5,1,1,16.4,20.455,37,16.9979,14,41,55
11109,2,1,4,1,0,5,1,1,14.76,17.425,46,12.998,2,28,30
11110,2,1,4,1,0,5,1,1,13.94,16.665,49,12.998,6,5,11
11111,2,1,4,1,0,5,1,1,13.94,16.665,61,11.0014,3,8,11
11112,2,1,4,1,0,5,1,2,13.94,16.665,53,8.9981,1,4,5
11113,2,1,4,1,0,5,1,2,13.94,16.665,53,11.0014,2,19,21
11114,2,1,4,1,0,5,1,1,13.12,15.91,57,11.0014,0,84,84
11115,2,1,4,2,0,5,1,1,13.94,15.91,61,15.0013,13,283,296
11116,2,1,4,2,0,5,1,1,15.58,19.695,46,11.0014,24,539,563
11117,2,1,4,2,0,5,1,1,17.22,21.21,41,11.0014,36,294,330
11118,2,1,4,3,0,5,1,1,18.04,21.97,38,12.998,59,133,192
11119,2,1,4,3,0,5,1,1,18.86,22.725,36,8.9981,75,158,233
11120,2,1,4,3,0,5,1,1,20.5,24.24,31,0,104,218,322
11121,2,1,4,3,0,5,1,1,21.32,25,27,19.0012,112,246,358
11122,2,1,4,3,0,5,1,1,21.32,25,27,0,125,223,348
11123,2,1,4,3,0,5,1,1,22.14,25.76,28,16.9979,115,237,352
11124,2,1,4,3,0,5,1,1,22.96,26.515,26,16.9979,113,350,463
11125,2,1,4,3,0,5,1,1,22.96,26.515,24,11.0014,117,621,738
11126,2,1,4,4,0,5,1,1,22.14,25.76,26,8.9981,107,564,671
11127,2,1,4,4,0,5,1,1,22.14,25.76,24,11.0014,75,352,427
11128,2,1,4,4,0,5,1,1,20.5,24.24,29,8.9981,44,242,286
11129,2,1,4,4,0,5,1,1,20.5,24.24,36,0,36,153,189
11130,2,1,4,1,0,5,1,1,18.04,21.97,62,7.0015,34,181,215
11131,2,1,4,1,0,5,1,1,17.22,21.21,62,6.0032,35,163,198
11132,2,1,4,1,0,6,0,1,16.4,20.455,58,8.9981,11,85,96
11133,2,1,4,1,0,6,0,1,16.4,20.455,58,8.9981,10,60,70
11134,2,1,4,1,0,6,0,1,15.58,19.695,66,8.9981,3,53,56
11135,2,1,4,1,0,6,0,1,14.76,18.18,66,6.0032,6,26,32
11136,2,1,4,1,0,6,0,1,14.76,18.18,71,7.0015,5,9,14
11137,2,1,4,1,0,6,0,1,14.76,18.18,66,7.0015,2,5,7
11138,2,1,4,1,0,6,0,1,13.94,16.665,76,11.0014,2,19,21
11139,2,1,4,2,0,6,0,1,14.76,18.18,71,7.0015,8,56,64
11140,2,1,4,2,0,6,0,1,14.76,17.425,71,8.9981,24,136,160
11141,2,1,4,2,0,6,0,1,17.22,21.21,54,8.9981,59,206,265
11142,2,1,4,3,0,6,0,1,18.86,22.725,51,11.0014,139,267,406
11143,2,1,4,3,0,6,0,1,21.32,25,45,12.998,207,357,564
11144,2,1,4,3,0,6,0,1,23.78,27.275,35,16.9979,274,404,678
11145,2,1,4,3,0,6,0,1,25.42,31.06,33,19.9995,308,370,678
11146,2,1,4,3,0,6,0,2,26.24,31.06,27,30.0026,288,372,660
11147,2,1,4,3,0,6,0,2,26.24,31.06,27,23.9994,311,347,658
11148,2,1,4,3,0,6,0,2,26.24,31.06,27,23.9994,253,329,582
11149,2,1,4,3,0,6,0,2,25.42,31.06,33,16.9979,251,309,560
11150,2,1,4,4,0,6,0,2,25.42,31.06,35,15.0013,197,284,481
11151,2,1,4,4,0,6,0,2,24.6,31.06,40,11.0014,163,296,459
11152,2,1,4,4,0,6,0,2,22.96,26.515,46,8.9981,112,209,321
11153,2,1,4,4,0,6,0,2,22.96,26.515,43,8.9981,53,167,220
11154,2,1,4,1,0,6,0,2,22.14,25.76,52,11.0014,64,148,212
11155,2,1,4,1,0,6,0,2,22.14,25.76,56,12.998,45,151,196
11156,2,1,4,1,0,0,0,2,22.14,25.76,56,12.998,30,94,124
11157,2,1,4,1,0,0,0,2,22.14,25.76,56,11.0014,17,89,106
11158,2,1,4,1,0,0,0,2,22.14,25.76,56,7.0015,20,54,74
11159,2,1,4,1,0,0,0,2,21.32,25,59,8.9981,18,27,45
11160,2,1,4,1,0,0,0,2,22.14,25.76,52,0,2,10,12
11161,2,1,4,1,0,0,0,1,20.5,24.24,68,11.0014,4,6,10
11162,2,1,4,1,0,0,0,1,20.5,24.24,63,8.9981,5,11,16
11163,2,1,4,2,0,0,0,1,20.5,24.24,63,7.0015,16,30,46
11164,2,1,4,2,0,0,0,1,21.32,25,59,0,33,64,97
11165,2,1,4,2,0,0,0,1,22.14,25.76,56,15.0013,97,154,251
11166,2,1,4,3,0,0,0,1,23.78,27.275,53,15.0013,186,235,421
11167,2,1,4,3,0,0,0,1,25.42,31.06,46,19.9995,227,301,528
11168,2,1,4,3,0,0,0,1,26.24,31.06,44,19.0012,275,360,635
11169,2,1,4,3,0,0,0,1,27.06,31.06,44,19.0012,298,383,681
11170,2,1,4,3,0,0,0,1,28.7,31.82,39,19.0012,282,346,628
11171,2,1,4,3,0,0,0,1,28.7,31.82,39,26.0027,266,351,617
11172,2,1,4,3,0,0,0,1,29.52,32.575,39,23.9994,286,330,616
11173,2,1,4,3,0,0,0,1,28.7,31.82,42,22.0028,262,361,623
11174,2,1,4,4,0,0,0,1,28.7,31.82,42,16.9979,184,295,479
11175,2,1,4,4,0,0,0,1,28.7,31.82,42,16.9979,114,265,379
11176,2,1,4,4,0,0,0,1,26.24,31.06,50,15.0013,86,205,291
11177,2,1,4,4,0,0,0,1,25.42,31.06,57,16.9979,76,153,229
11178,2,1,4,1,0,0,0,1,27.88,31.82,44,23.9994,37,97,134
11179,2,1,4,1,0,0,0,1,27.06,31.06,50,26.0027,25,65,90
11180,2,1,4,1,1,1,0,1,26.24,31.06,53,22.0028,15,26,41
11181,2,1,4,1,1,1,0,1,25.42,30.305,61,23.9994,7,21,28
11182,2,1,4,1,1,1,0,1,24.6,30.305,64,16.9979,5,9,14
11183,2,1,4,1,1,1,0,1,23.78,27.275,68,12.998,3,5,8
11184,2,1,4,1,1,1,0,1,22.14,25.76,77,15.0013,0,6,6
11185,2,1,4,1,1,1,0,1,22.14,25.76,77,15.0013,4,34,38
11186,2,1,4,1,1,1,0,1,21.32,25,83,11.0014,10,123,133
11187,2,1,4,2,1,1,0,1,21.32,25,83,8.9981,20,367,387
11188,2,1,4,2,1,1,0,2,22.96,26.515,83,11.0014,48,549,597
11189,2,1,4,2,1,1,0,1,25.42,30.305,69,15.0013,59,238,297
11190,2,1,4,3,1,1,0,1,25.42,30.305,69,16.9979,75,149,224
11191,2,1,4,3,1,1,0,1,26.24,30.305,65,16.9979,115,136,251
11192,2,1,4,3,1,1,0,1,27.88,31.82,57,16.9979,75,196,271
11193,2,1,4,3,1,1,0,1,30.34,33.335,45,19.9995,79,184,263
11194,2,1,4,3,1,1,0,1,31.16,34.09,45,22.0028,105,183,288
11195,2,1,4,3,1,1,0,1,32.8,34.85,33,30.0026,81,194,275
11196,2,1,4,3,1,1,0,1,32.8,34.85,33,31.0009,92,266,358
11197,2,1,4,3,1,1,0,1,32.8,34.85,33,26.0027,111,601,712
11198,2,1,4,4,1,1,0,1,32.8,34.85,31,26.0027,87,589,676
11199,2,1,4,4,1,1,0,1,31.16,33.335,35,26.0027,61,461,522
11200,2,1,4,4,1,1,0,1,30.34,32.575,37,19.9995,48,327,375
11201,2,1,4,4,1,1,0,1,27.88,31.82,51,16.9979,39,232,271
11202,2,1,4,1,1,1,0,1,27.88,31.82,51,16.9979,35,179,214
11203,2,1,4,1,1,1,0,1,28.7,31.82,45,19.9995,24,97,121
11204,2,1,4,1,0,2,1,1,27.06,31.06,54,12.998,10,33,43
11205,2,1,4,1,0,2,1,1,26.24,31.06,57,11.0014,6,5,11
11206,2,1,4,1,0,2,1,1,22.96,26.515,83,7.0015,1,3,4
11207,2,1,4,1,0,2,1,1,22.96,26.515,83,6.0032,0,6,6
11208,2,1,4,1,0,2,1,1,27.06,31.06,44,15.0013,3,6,9
11209,2,1,4,1,0,2,1,1,24.6,31.06,53,16.9979,1,29,30
11210,2,1,4,1,0,2,1,1,24.6,31.06,46,16.9979,8,136,144
11211,2,1,4,2,0,2,1,1,24.6,31.06,43,16.9979,18,443,461
11212,2,1,4,2,0,2,1,1,24.6,31.06,43,15.0013,42,631,673
11213,2,1,4,2,0,2,1,1,24.6,31.06,38,32.9975,71,329,400
11214,2,1,4,3,0,2,1,1,24.6,31.06,38,27.9993,52,165,217
11215,2,1,4,3,0,2,1,1,24.6,31.06,33,27.9993,65,174,239
11216,2,1,4,3,0,2,1,1,24.6,31.06,33,23.9994,65,179,244
11217,2,1,4,3,0,2,1,1,25.42,31.06,29,16.9979,52,187,239
11218,2,1,4,3,0,2,1,1,26.24,31.06,27,19.0012,59,198,257
11219,2,1,4,3,0,2,1,1,27.06,31.06,24,22.0028,91,217,308
11220,2,1,4,3,0,2,1,1,27.88,31.06,22,23.9994,50,320,370
11221,2,1,4,3,0,2,1,1,26.24,30.305,25,19.9995,108,673,781
11222,2,1,4,4,0,2,1,1,26.24,30.305,25,19.0012,105,670,775
11223,2,1,4,4,0,2,1,1,24.6,30.305,26,16.9979,73,464,537
11224,2,1,4,4,0,2,1,1,24.6,30.305,23,19.0012,44,358,402
11225,2,1,4,4,0,2,1,1,22.96,26.515,26,19.9995,37,260,297
11226,2,1,4,1,0,2,1,1,22.14,25.76,30,16.9979,18,144,162
11227,2,1,4,1,0,2,1,1,22.14,25.76,32,15.0013,10,72,82
11228,2,1,4,1,0,3,1,1,22.14,25.76,32,11.0014,3,35,38
11229,2,1,4,1,0,3,1,1,21.32,25,34,12.998,1,13,14
11230,2,1,4,1,0,3,1,2,20.5,24.24,42,12.998,1,8,9
11231,2,1,4,1,0,3,1,2,20.5,24.24,42,15.0013,0,6,6
11232,2,1,4,1,0,3,1,2,20.5,24.24,42,19.0012,0,7,7
11233,2,1,4,1,0,3,1,2,20.5,24.24,39,19.0012,0,34,34
11234,2,1,4,1,0,3,1,2,20.5,24.24,39,19.0012,6,128,134
11235,2,1,4,2,0,3,1,2,20.5,24.24,39,12.998,10,408,418
11236,2,1,4,2,0,3,1,3,20.5,24.24,39,12.998,25,551,576
11237,2,1,4,2,0,3,1,3,19.68,23.485,44,19.9995,20,245,265
11238,2,1,4,3,0,3,1,3,19.68,23.485,47,15.0013,31,116,147
11239,2,1,4,3,0,3,1,3,18.86,22.725,47,16.9979,14,105,119
11240,2,1,4,3,0,3,1,3,18.86,22.725,51,7.0015,15,95,110
11241,2,1,4,3,0,3,1,3,18.86,22.725,59,0,13,51,64
11242,2,1,4,3,0,3,1,3,18.04,21.97,72,7.0015,8,43,51
11243,2,1,4,3,0,3,1,3,17.22,21.21,77,12.998,10,88,98
11244,2,1,4,3,0,3,1,2,17.22,21.21,77,15.0013,36,199,235
11245,2,1,4,3,0,3,1,2,17.22,21.21,77,12.998,46,442,488
11246,2,1,4,4,0,3,1,2,17.22,21.21,77,0,27,478,505
11247,2,1,4,4,0,3,1,2,17.22,21.21,77,8.9981,26,342,368
11248,2,1,4,4,0,3,1,2,17.22,21.21,77,7.0015,8,252,260
11249,2,1,4,4,0,3,1,2,17.22,21.21,82,6.0032,24,165,189
11250,2,1,4,1,0,3,1,2,17.22,21.21,77,6.0032,9,153,162
11251,2,1,4,1,0,3,1,2,17.22,21.21,77,0,14,56,70
11252,2,1,4,1,0,4,1,3,17.22,21.21,77,0,5,20,25
11253,2,1,4,1,0,4,1,3,17.22,21.21,77,7.0015,2,11,13
11254,2,1,4,1,0,4,1,2,17.22,21.21,77,0,2,4,6
11255,2,1,4,1,0,4,1,2,17.22,21.21,77,0,1,3,4
11256,2,1,4,1,0,4,1,2,17.22,21.21,71,0,0,4,4
11257,2,1,4,1,0,4,1,1,16.4,20.455,82,0,0,30,30
11258,2,1,4,1,0,4,1,2,16.4,20.455,82,7.0015,4,116,120
11259,2,1,4,2,0,4,1,2,16.4,20.455,82,8.9981,15,391,406
11260,2,1,4,2,0,4,1,2,17.22,21.21,82,7.0015,26,651,677
11261,2,1,4,2,0,4,1,2,18.86,22.725,72,0,31,270,301
11262,2,1,4,3,0,4,1,1,19.68,23.485,63,6.0032,46,143,189
11263,2,1,4,3,0,4,1,1,21.32,25,48,0,46,183,229
11264,2,1,4,3,0,4,1,1,22.14,25.76,49,0,51,213,264
11265,2,1,4,3,0,4,1,1,22.96,26.515,46,0,52,186,238
11266,2,1,4,3,0,4,1,1,23.78,27.275,43,0,54,183,237
11267,2,1,4,3,0,4,1,1,24.6,31.06,43,0,66,196,262
11268,2,1,4,3,0,4,1,1,25.42,31.06,41,7.0015,63,324,387
11269,2,1,4,3,0,4,1,1,24.6,31.06,43,6.0032,85,663,748
11270,2,1,4,4,0,4,1,1,24.6,31.06,43,6.0032,99,677,776
11271,2,1,4,4,0,4,1,1,23.78,27.275,46,8.9981,70,516,586
11272,2,1,4,4,0,4,1,1,22.96,26.515,49,15.0013,52,352,404
11273,2,1,4,4,0,4,1,1,21.32,25,55,7.0015,27,240,267
11274,2,1,4,1,0,4,1,1,21.32,25,59,12.998,29,219,248
11275,2,1,4,1,0,4,1,1,20.5,24.24,63,7.0015,20,124,144
11276,2,1,4,1,0,5,1,1,19.68,23.485,67,7.0015,5,59,64
11277,2,1,4,1,0,5,1,1,18.86,22.725,82,12.998,3,22,25
11278,2,1,4,1,0,5,1,1,18.04,21.97,88,12.998,3,18,21
11279,2,1,4,1,0,5,1,1,18.04,21.97,88,7.0015,1,9,10
11280,2,1,4,1,0,5,1,1,17.22,21.21,94,7.0015,0,3,3
11281,2,1,4,1,0,5,1,1,17.22,21.21,94,0,1,24,25
11282,2,1,4,1,0,5,1,1,17.22,21.21,88,0,8,105,113
11283,2,1,4,2,0,5,1,1,17.22,21.21,94,0,9,350,359
11284,2,1,4,2,0,5,1,1,18.04,21.97,94,0,32,668,700
11285,2,1,4,2,0,5,1,1,18.86,22.725,88,6.0032,30,329,359
11286,2,1,4,3,0,5,1,1,20.5,24.24,77,12.998,67,170,237
11287,2,1,4,3,0,5,1,1,22.14,25.76,68,11.0014,64,190,254
11288,2,1,4,3,0,5,1,1,23.78,27.275,53,12.998,102,260,362
11289,2,1,4,3,0,5,1,1,25.42,31.06,43,12.998,105,276,381
11290,2,1,4,3,0,5,1,1,26.24,31.06,44,15.0013,156,238,394
11291,2,1,4,3,0,5,1,1,26.24,31.06,47,12.998,145,262,407
11292,2,1,4,3,0,5,1,1,27.06,31.06,44,12.998,151,429,580
11293,2,1,4,3,0,5,1,1,26.24,31.06,47,19.0012,122,697,819
11294,2,1,4,4,0,5,1,1,25.42,31.06,50,19.0012,110,558,668
11295,2,1,4,4,0,5,1,1,24.6,31.06,53,12.998,82,410,492
11296,2,1,4,4,0,5,1,1,23.78,27.275,56,11.0014,52,289,341
11297,2,1,4,4,0,5,1,1,22.96,26.515,68,8.9981,35,252,287
11298,2,1,4,1,0,5,1,1,22.14,25.76,68,16.9979,26,176,202
11299,2,1,4,1,0,5,1,1,21.32,25,72,8.9981,31,156,187
11300,2,1,4,1,0,6,0,1,21.32,25,77,15.0013,31,111,142
11301,2,1,4,1,0,6,0,1,21.32,25,77,15.0013,24,64,88
11302,2,1,4,1,0,6,0,1,21.32,25,77,8.9981,12,69,81
11303,2,1,4,1,0,6,0,1,20.5,24.24,82,15.0013,4,25,29
11304,2,1,4,1,0,6,0,1,20.5,24.24,82,16.9979,0,9,9
11305,2,1,4,1,0,6,0,1,20.5,24.24,82,16.9979,0,1,1
11306,2,1,4,1,0,6,0,1,20.5,24.24,82,15.0013,10,21,31
11307,2,1,4,2,0,6,0,1,20.5,24.24,82,19.0012,21,55,76
11308,2,1,4,2,0,6,0,1,21.32,25,81,16.9979,52,149,201
11309,2,1,4,2,0,6,0,1,22.14,25.76,77,11.0014,115,216,331
11310,2,1,4,3,0,6,0,1,24.6,30.305,64,19.0012,183,299,482
11311,2,1,4,3,0,6,0,1,25.42,30.305,61,22.0028,260,348,608
11312,2,1,4,3,0,6,0,1,26.24,31.06,57,15.0013,262,378,640
11313,2,1,4,3,0,6,0,1,27.06,31.06,54,15.0013,291,358,649
11314,2,1,4,3,0,6,0,1,28.7,31.82,45,19.0012,278,331,609
11315,2,1,4,3,0,6,0,1,29.52,32.575,39,16.9979,267,361,628
11316,2,1,4,3,0,6,0,1,28.7,31.82,42,22.0028,267,372,639
11317,2,1,4,3,0,6,0,2,30.34,32.575,30,26.0027,259,309,568
11318,2,1,4,4,0,6,0,2,27.88,31.82,47,32.9975,133,283,416
11319,2,1,4,4,0,6,0,3,22.96,26.515,73,32.9975,9,45,54
11320,2,1,4,4,0,6,0,3,20.5,24.24,82,19.9995,5,34,39
11321,2,1,4,4,0,6,0,3,20.5,24.24,82,26.0027,20,82,102
11322,2,1,4,1,0,6,0,1,19.68,23.485,82,19.9995,20,90,110
11323,2,1,4,1,0,6,0,2,18.86,22.725,82,19.0012,18,73,91
11324,2,1,4,1,0,0,0,2,18.86,22.725,82,12.998,32,85,117
11325,2,1,4,1,0,0,0,2,18.86,22.725,82,22.0028,10,63,73
11326,2,1,4,1,0,0,0,1,18.86,22.725,72,19.0012,7,49,56
11327,2,1,4,1,0,0,0,2,18.04,21.97,82,11.0014,7,33,40
11328,2,1,4,1,0,0,0,2,18.04,21.97,77,11.0014,0,7,7
11329,2,1,4,1,0,0,0,2,18.04,21.97,77,15.0013,0,6,6
11330,2,1,4,1,0,0,0,2,18.04,21.97,72,22.0028,6,6,12
11331,2,1,4,2,0,0,0,3,17.22,21.21,77,26.0027,2,22,24
11332,2,1,4,2,0,0,0,3,16.4,20.455,82,16.9979,8,43,51
11333,2,1,4,2,0,0,0,3,16.4,20.455,82,16.9979,8,71,79
11334,2,1,4,3,0,0,0,3,15.58,19.695,82,22.0028,11,57,68
11335,2,1,4,3,0,0,0,3,15.58,19.695,87,19.9995,7,70,77
11336,2,1,4,3,0,0,0,3,15.58,19.695,87,22.0028,5,56,61
11337,2,1,4,3,0,0,0,3,15.58,19.695,82,23.9994,5,47,52
11338,2,1,4,3,0,0,0,3,15.58,19.695,87,22.0028,3,50,53
11339,2,1,4,3,0,0,0,3,15.58,19.695,87,26.0027,0,38,38
11340,2,1,4,3,0,0,0,3,15.58,19.695,87,30.0026,4,32,36
11341,2,1,4,3,0,0,0,3,14.76,15.91,93,30.0026,2,25,27
11342,2,1,4,4,0,0,0,3,14.76,15.91,93,30.0026,1,38,39
11343,2,1,4,4,0,0,0,3,14.76,15.91,87,35.0008,1,34,35
11344,2,1,4,4,0,0,0,3,14.76,16.665,93,27.9993,1,34,35
11345,2,1,4,4,0,0,0,3,14.76,16.665,87,26.0027,0,11,11
11346,2,1,4,1,0,0,0,3,13.94,14.395,87,35.0008,0,13,13
11347,2,1,4,1,0,0,0,3,14.76,15.91,81,31.0009,0,17,17
11348,2,1,4,1,0,1,1,3,14.76,16.665,81,27.9993,0,6,6
11349,2,1,4,1,0,1,1,3,13.94,15.15,87,23.9994,1,1,2
11350,2,1,4,1,0,1,1,2,13.12,15.15,87,22.0028,1,3,4
11351,2,1,4,1,0,1,1,2,13.12,15.15,81,19.0012,0,1,1
11352,2,1,4,1,0,1,1,3,12.3,14.395,81,19.0012,0,3,3
11353,2,1,4,1,0,1,1,3,12.3,14.395,81,19.0012,0,14,14
11354,2,1,4,1,0,1,1,2,12.3,13.635,81,19.9995,2,43,45
11355,2,1,4,2,0,1,1,3,12.3,14.395,81,16.9979,1,206,207
11356,2,1,4,2,0,1,1,2,12.3,13.635,75,22.0028,11,471,482
11357,2,1,4,2,0,1,1,2,12.3,13.635,75,26.0027,17,255,272
11358,2,1,4,3,0,1,1,2,13.12,15.15,70,22.0028,12,88,100
11359,2,1,4,3,0,1,1,2,13.12,14.395,70,23.9994,10,91,101
11360,2,1,4,3,0,1,1,3,13.94,15.15,71,23.9994,12,117,129
11361,2,1,4,3,0,1,1,3,13.94,15.15,66,26.0027,9,98,107
11362,2,1,4,3,0,1,1,3,14.76,15.91,62,30.0026,12,102,114
11363,2,1,4,3,0,1,1,2,14.76,16.665,62,26.0027,11,101,112
11364,2,1,4,3,0,1,1,3,12.3,13.635,81,23.9994,10,93,103
11365,2,1,4,3,0,1,1,3,12.3,13.635,82,22.0028,13,219,232
11366,2,1,4,4,0,1,1,3,13.12,16.665,81,8.9981,10,369,379
11367,2,1,4,4,0,1,1,2,13.94,15.91,76,15.0013,11,287,298
11368,2,1,4,4,0,1,1,2,13.12,15.91,76,11.0014,17,186,203
11369,2,1,4,4,0,1,1,2,13.12,15.15,81,15.0013,7,145,152
11370,2,1,4,1,0,1,1,1,13.12,15.91,76,12.998,18,71,89
11371,2,1,4,1,0,1,1,1,13.12,15.91,76,11.0014,10,49,59
11372,2,1,4,1,0,2,1,2,13.12,16.665,76,8.9981,0,13,13
11373,2,1,4,1,0,2,1,2,13.12,16.665,81,8.9981,1,6,7
11374,2,1,4,1,0,2,1,1,13.12,15.91,81,12.998,0,3,3
11375,2,1,4,1,0,2,1,1,13.12,15.15,81,15.0013,0,2,2
11376,2,1,4,1,0,2,1,1,12.3,14.395,70,12.998,0,3,3
11377,2,1,4,1,0,2,1,1,12.3,14.395,70,12.998,0,22,22
11378,2,1,4,1,0,2,1,1,12.3,14.395,70,15.0013,3,117,120
11379,2,1,4,2,0,2,1,1,13.12,15.15,66,19.0012,3,387,390
11380,2,1,4,2,0,2,1,1,13.94,15.91,61,16.9979,12,599,611
11381,2,1,4,2,0,2,1,1,16.4,20.455,47,23.9994,6,302,308
11382,2,1,4,3,0,2,1,1,17.22,21.21,47,19.9995,33,129,162
11383,2,1,4,3,0,2,1,1,18.86,22.725,31,26.0027,27,157,184
11384,2,1,4,3,0,2,1,1,19.68,23.485,29,26.0027,36,188,224
11385,2,1,4,3,0,2,1,1,20.5,24.24,29,26.0027,35,189,224
11386,2,1,4,3,0,2,1,1,20.5,24.24,25,26.0027,50,166,216
11387,2,1,4,3,0,2,1,1,20.5,24.24,23,27.9993,60,176,236
11388,2,1,4,3,0,2,1,1,20.5,24.24,23,12.998,54,308,362
11389,2,1,4,3,0,2,1,1,21.32,25,22,26.0027,72,619,691
11390,2,1,4,4,0,2,1,1,20.5,24.24,18,0,52,580,632
11391,2,1,4,4,0,2,1,1,20.5,24.24,18,16.9979,33,449,482
11392,2,1,4,4,0,2,1,1,19.68,23.485,21,22.0028,16,269,285
11393,2,1,4,4,0,2,1,2,18.86,22.725,28,11.0014,13,213,226
11394,2,1,4,1,0,2,1,1,18.04,21.97,35,7.0015,8,149,157
11395,2,1,4,1,0,2,1,1,17.22,21.21,38,6.0032,4,69,73
11396,2,1,4,1,0,3,1,1,18.04,21.97,38,0,13,23,36
11397,2,1,4,1,0,3,1,1,17.22,21.21,41,0,8,17,25
11398,2,1,4,1,0,3,1,1,14.76,18.94,62,0,1,6,7
11399,2,1,4,1,0,3,1,1,13.12,16.665,70,6.0032,0,3,3
11400,2,1,4,1,0,3,1,1,13.94,17.425,66,6.0032,0,6,6
11401,2,1,4,1,0,3,1,1,13.94,18.18,66,0,0,24,24
11402,2,1,4,1,0,3,1,1,13.94,18.18,66,0,3,103,106
11403,2,1,4,2,0,3,1,1,13.94,18.18,71,0,13,376,389
11404,2,1,4,2,0,3,1,1,14.76,18.18,76,6.0032,20,634,654
11405,2,1,4,2,0,3,1,1,17.22,21.21,54,0,33,288,321
11406,2,1,4,3,0,3,1,1,21.32,25,34,0,44,138,182
11407,2,1,4,3,0,3,1,1,21.32,25,32,8.9981,42,177,219
11408,2,1,4,3,0,3,1,1,22.14,25.76,28,19.0012,49,220,269
11409,2,1,4,3,0,3,1,1,22.96,26.515,26,15.0013,35,193,228
11410,2,1,4,3,0,3,1,1,22.96,26.515,22,23.9994,47,176,223
11411,2,1,4,3,0,3,1,1,23.78,27.275,19,11.0014,47,182,229
11412,2,1,4,3,0,3,1,1,24.6,29.545,20,22.0028,49,327,376
11413,2,1,4,3,0,3,1,1,24.6,29.545,20,19.9995,68,664,732
11414,2,1,4,4,0,3,1,1,24.6,29.545,20,19.0012,60,649,709
11415,2,1,4,4,0,3,1,1,24.6,29.545,20,12.998,42,501,543
11416,2,1,4,4,0,3,1,1,22.96,26.515,22,6.0032,22,358,380
11417,2,1,4,4,0,3,1,1,21.32,25,52,8.9981,27,212,239
11418,2,1,4,1,0,3,1,1,20.5,24.24,51,0,22,170,192
11419,2,1,4,1,0,3,1,2,20.5,24.24,51,6.0032,10,94,104
11420,2,1,4,1,0,4,1,2,19.68,23.485,63,0,1,42,43
11421,2,1,4,1,0,4,1,2,19.68,23.485,48,6.0032,1,22,23
11422,2,1,4,1,0,4,1,2,19.68,23.485,55,7.0015,3,10,13
11423,2,1,4,1,0,4,1,2,19.68,23.485,55,6.0032,1,5,6
11424,2,1,4,1,0,4,1,2,19.68,23.485,59,6.0032,1,2,3
11425,2,1,4,1,0,4,1,2,19.68,23.485,63,8.9981,0,17,17
11426,2,1,4,1,0,4,1,2,19.68,23.485,63,16.9979,5,122,127
11427,2,1,4,2,0,4,1,3,18.86,22.725,82,23.9994,3,222,225
11428,2,1,4,2,0,4,1,3,18.86,22.725,82,12.998,4,358,362
11429,2,1,4,2,0,4,1,3,18.86,22.725,88,11.0014,12,189,201
11430,2,1,4,3,0,4,1,2,18.86,22.725,94,11.0014,14,125,139
11431,2,1,4,3,0,4,1,2,18.86,22.725,94,15.0013,16,135,151
11432,2,1,4,3,0,4,1,2,21.32,25,83,8.9981,24,180,204
11433,2,1,4,3,0,4,1,2,20.5,24.24,82,11.0014,19,178,197
11434,2,1,4,3,0,4,1,2,22.14,25.76,77,12.998,37,132,169
11435,2,1,4,3,0,4,1,2,21.32,25,83,22.0028,39,165,204
11436,2,1,4,3,0,4,1,2,21.32,25,83,15.0013,37,281,318
11437,2,1,4,3,0,4,1,1,22.14,25.76,77,11.0014,49,565,614
11438,2,1,4,4,0,4,1,2,22.14,25.76,77,12.998,75,589,664
11439,2,1,4,4,0,4,1,2,22.14,25.76,77,15.0013,57,407,464
11440,2,1,4,4,0,4,1,1,22.14,25.76,77,12.998,23,314,337
11441,2,1,4,4,0,4,1,1,21.32,25,83,15.0013,28,222,250
11442,2,1,4,1,0,4,1,1,21.32,25,83,11.0014,20,163,183
11443,2,1,4,1,0,4,1,1,20.5,24.24,88,11.0014,6,106,112
11444,2,1,4,1,0,5,1,1,22.14,25.76,68,36.9974,12,61,73
11445,2,1,4,1,0,5,1,1,20.5,24.24,59,30.0026,3,32,35
11446,2,1,4,1,0,5,1,1,19.68,23.485,59,27.9993,4,18,22
11447,2,1,4,1,0,5,1,1,18.04,21.97,47,32.9975,1,2,3
11448,2,1,4,1,0,5,1,1,17.22,21.21,44,16.9979,0,6,6
11449,2,1,4,1,0,5,1,1,17.22,21.21,44,23.9994,0,19,19
11450,2,1,4,1,0,5,1,1,16.4,20.455,43,16.9979,5,115,120
11451,2,1,4,2,0,5,1,1,15.58,19.695,50,19.0012,10,305,315
11452,2,1,4,2,0,5,1,1,16.4,20.455,50,0,17,575,592
11453,2,1,4,2,0,5,1,1,17.22,21.21,44,32.9975,42,292,334
11454,2,1,4,3,0,5,1,1,18.04,21.97,38,27.9993,64,172,236
11455,2,1,4,3,0,5,1,1,18.04,21.97,38,22.0028,47,186,233
11456,2,1,4,3,0,5,1,1,18.86,22.725,36,23.9994,63,244,307
11457,2,1,4,3,0,5,1,1,18.86,22.725,33,26.0027,94,212,306
11458,2,1,4,3,0,5,1,1,18.86,22.725,33,22.0028,94,206,300
11459,2,1,4,3,0,5,1,1,21.32,25,29,32.9975,101,223,324
11460,2,1,4,3,0,5,1,1,21.32,25,29,16.9979,105,335,440
11461,2,1,4,3,0,5,1,1,22.14,25.76,24,26.0027,89,613,702
11462,2,1,4,4,0,5,1,1,21.32,25,25,23.9994,94,560,654
11463,2,1,4,4,0,5,1,1,20.5,24.24,27,26.0027,62,379,441
11464,2,1,4,4,0,5,1,1,18.86,22.725,31,19.0012,49,240,289
11465,2,1,4,4,0,5,1,1,18.04,21.97,33,19.9995,23,185,208
11466,2,1,4,1,0,5,1,1,17.22,21.21,38,16.9979,24,134,158
11467,2,1,4,1,0,5,1,1,16.4,20.455,40,16.9979,11,105,116
11468,2,1,4,1,0,6,0,1,15.58,19.695,43,11.0014,4,99,103
11469,2,1,4,1,0,6,0,1,14.76,16.665,50,19.9995,7,60,67
11470,2,1,4,1,0,6,0,1,14.76,17.425,43,11.0014,8,49,57
11471,2,1,4,1,0,6,0,1,13.94,15.91,49,15.0013,3,23,26
11472,2,1,4,1,0,6,0,1,13.94,16.665,49,11.0014,0,2,2
11473,2,1,4,1,0,6,0,1,13.94,16.665,46,8.9981,2,3,5
11474,2,1,4,1,0,6,0,1,13.94,16.665,49,12.998,10,18,28
11475,2,1,4,2,0,6,0,1,13.94,16.665,49,11.0014,10,45,55
11476,2,1,4,2,0,6,0,1,15.58,19.695,40,8.9981,24,134,158
11477,2,1,4,2,0,6,0,2,15.58,19.695,37,0,45,169,214
11478,2,1,4,3,0,6,0,2,15.58,19.695,40,11.0014,60,231,291
11479,2,1,4,3,0,6,0,2,15.58,19.695,40,7.0015,96,262,358
11480,2,1,4,3,0,6,0,2,15.58,19.695,43,0,105,276,381
11481,2,1,4,3,0,6,0,2,16.4,20.455,37,0,120,269,389
11482,2,1,4,3,0,6,0,1,17.22,21.21,38,7.0015,147,293,440
11483,2,1,4,3,0,6,0,1,17.22,21.21,41,15.0013,148,260,408
11484,2,1,4,3,0,6,0,2,18.04,21.97,38,12.998,132,244,376
11485,2,1,4,3,0,6,0,2,17.22,21.21,41,8.9981,98,224,322
11486,2,1,4,4,0,6,0,3,16.4,20.455,47,0,17,73,90
11487,2,1,4,4,0,6,0,3,14.76,17.425,71,8.9981,29,110,139
11488,2,1,4,4,0,6,0,2,15.58,19.695,66,0,21,81,102
11489,2,1,4,4,0,6,0,3,14.76,17.425,71,12.998,12,72,84
11490,2,1,4,1,0,6,0,2,14.76,17.425,71,8.9981,17,66,83
11491,2,1,4,1,0,6,0,2,15.58,19.695,76,6.0032,5,37,42
11492,2,1,4,1,0,0,0,3,14.76,17.425,81,8.9981,0,36,36
11493,2,1,4,1,0,0,0,2,14.76,17.425,81,8.9981,5,37,42
11494,2,1,4,1,0,0,0,2,14.76,18.18,87,7.0015,4,36,40
11495,2,1,4,1,0,0,0,2,14.76,17.425,87,12.998,2,14,16
11496,2,1,4,1,0,0,0,2,14.76,17.425,87,8.9981,0,4,4
11497,2,1,4,1,0,0,0,1,13.94,18.18,87,0,0,6,6
11498,2,1,4,1,0,0,0,1,13.94,16.665,87,8.9981,1,6,7
11499,2,1,4,2,0,0,0,2,13.94,16.665,87,8.9981,7,20,27
11500,2,1,4,2,0,0,0,1,15.58,19.695,76,8.9981,26,81,107
11501,2,1,4,2,0,0,0,1,16.4,20.455,71,8.9981,52,133,185
11502,2,1,4,3,0,0,0,1,17.22,21.21,67,6.0032,127,253,380
11503,2,1,4,3,0,0,0,1,18.86,22.725,51,0,128,283,411
11504,2,1,4,3,0,0,0,1,19.68,23.485,44,7.0015,223,361,584
11505,2,1,4,3,0,0,0,1,20.5,24.24,45,7.0015,226,369,595
11506,2,1,4,3,0,0,0,1,22.14,25.76,34,0,281,372,653
11507,2,1,4,3,0,0,0,1,22.96,26.515,37,8.9981,279,324,603
11508,2,1,4,3,0,0,0,1,24.6,30.305,28,12.998,240,347,587
11509,2,1,4,3,0,0,0,1,25.42,30.305,27,19.9995,188,334,522
11510,2,1,4,4,0,0,0,1,24.6,30.305,26,19.0012,164,323,487
11511,2,1,4,4,0,0,0,1,22.96,26.515,35,8.9981,128,247,375
11512,2,1,4,4,0,0,0,1,22.96,26.515,32,6.0032,45,198,243
11513,2,1,4,4,0,0,0,1,21.32,25,48,8.9981,65,139,204
11514,2,1,4,1,0,0,0,1,20.5,24.24,45,0,23,85,108
11515,2,1,4,1,0,0,0,1,19.68,23.485,59,0,15,67,82
11516,2,1,4,1,0,1,1,1,18.04,21.97,72,7.0015,12,36,48
11517,2,1,4,1,0,1,1,1,17.22,21.21,77,6.0032,9,15,24
11518,2,1,4,1,0,1,1,1,17.22,21.21,71,8.9981,3,5,8
11519,2,1,4,1,0,1,1,1,16.4,20.455,76,11.0014,0,4,4
11520,2,1,4,1,0,1,1,1,15.58,19.695,62,16.9979,0,2,2
11521,2,1,4,1,0,1,1,1,15.58,19.695,62,16.9979,1,19,20
11522,2,1,4,1,0,1,1,1,16.4,20.455,47,12.998,2,121,123
11523,2,1,4,2,0,1,1,1,16.4,20.455,50,12.998,6,343,349
11524,2,1,4,2,0,1,1,1,16.4,20.455,43,12.998,17,579,596
11525,2,1,4,2,0,1,1,2,16.4,20.455,43,12.998,29,239,268
11526,2,1,4,3,0,1,1,2,17.22,21.21,41,11.0014,41,116,157
11527,2,1,4,3,0,1,1,2,18.04,21.97,44,7.0015,52,111,163
11528,2,1,4,3,0,1,1,2,18.04,21.97,47,8.9981,45,180,225
11529,2,1,4,3,0,1,1,2,19.68,23.485,51,6.0032,48,199,247
11530,2,1,4,3,0,1,1,2,20.5,24.24,55,8.9981,56,162,218
11531,2,1,4,3,0,1,1,2,21.32,25,55,7.0015,55,176,231
11532,2,1,4,3,0,1,1,1,22.96,26.515,60,12.998,44,303,347
11533,2,1,4,3,0,1,1,1,22.96,26.515,60,11.0014,66,617,683
11534,2,1,4,4,0,1,1,2,22.96,26.515,60,15.0013,53,611,664
11535,2,1,4,4,0,1,1,2,22.14,25.76,64,16.9979,51,420,471
11536,2,1,4,4,0,1,1,2,21.32,25,59,12.998,28,281,309
11537,2,1,4,4,0,1,1,2,21.32,25,59,12.998,26,195,221
11538,2,1,4,1,0,1,1,2,21.32,25,55,11.0014,11,123,134
11539,2,1,4,1,0,1,1,2,21.32,25,55,15.0013,10,50,60
11540,2,1,5,1,0,2,1,2,20.5,24.24,59,12.998,7,28,35
11541,2,1,5,1,0,2,1,2,20.5,24.24,63,8.9981,0,21,21
11542,2,1,5,1,0,2,1,2,20.5,24.24,72,6.0032,1,7,8
11543,2,1,5,1,0,2,1,2,20.5,24.24,77,0,1,2,3
11544,2,1,5,1,0,2,1,2,21.32,25,72,6.0032,1,7,8
11545,2,1,5,1,0,2,1,2,21.32,25,72,6.0032,0,17,17
11546,2,1,5,1,0,2,1,3,21.32,25,77,7.0015,2,24,26
11547,2,1,5,2,0,2,1,2,20.5,24.24,94,16.9979,8,161,169
11548,2,1,5,2,0,2,1,2,21.32,25,94,19.0012,19,538,557
11549,2,1,5,2,0,2,1,2,22.14,25.76,88,12.998,18,331,349
11550,2,1,5,3,0,2,1,1,25.42,29.545,78,16.9979,30,144,174
11551,2,1,5,3,0,2,1,2,27.06,31.06,65,19.0012,50,179,229
11552,2,1,5,3,0,2,1,2,28.7,32.575,58,15.0013,41,228,269
11553,2,1,5,3,0,2,1,2,29.52,33.335,51,15.0013,41,208,249
11554,2,1,5,3,0,2,1,2,30.34,33.335,48,16.9979,37,167,204
11555,2,1,5,3,0,2,1,2,30.34,33.335,45,15.0013,48,186,234
11556,2,1,5,3,0,2,1,1,30.34,33.335,45,12.998,41,313,354
11557,2,1,5,3,0,2,1,1,30.34,33.335,48,6.0032,65,616,681
11558,2,1,5,4,0,2,1,1,28.7,32.575,54,8.9981,81,662,743
11559,2,1,5,4,0,2,1,1,28.7,32.575,54,8.9981,58,429,487
11560,2,1,5,4,0,2,1,1,27.06,31.06,61,11.0014,36,299,335
11561,2,1,5,4,0,2,1,1,26.24,30.305,65,8.9981,31,251,282
11562,2,1,5,1,0,2,1,1,26.24,30.305,65,0,21,190,211
11563,2,1,5,1,0,2,1,1,24.6,28.79,78,0,16,79,95
11564,2,1,5,1,0,3,1,1,24.6,28.79,78,7.0015,4,43,47
11565,2,1,5,1,0,3,1,1,22.96,26.515,83,0,8,7,15
11566,2,1,5,1,0,3,1,1,22.96,26.515,83,0,7,9,16
11567,2,1,5,1,0,3,1,1,22.96,26.515,83,6.0032,0,6,6
11568,2,1,5,1,0,3,1,1,22.14,25.76,88,0,2,2,4
11569,2,1,5,1,0,3,1,1,22.14,25.76,90,8.9981,2,31,33
11570,2,1,5,1,0,3,1,3,22.96,26.515,84,0,3,117,120
11571,2,1,5,2,0,3,1,2,22.14,25.76,88,12.998,14,344,358
11572,2,1,5,2,0,3,1,2,22.96,26.515,88,0,26,640,666
11573,2,1,5,2,0,3,1,2,22.96,26.515,88,0,26,289,315
11574,2,1,5,3,0,3,1,2,23.78,27.275,83,7.0015,28,147,175
11575,2,1,5,3,0,3,1,2,23.78,27.275,81,8.9981,39,145,184
11576,2,1,5,3,0,3,1,2,23.78,27.275,83,15.0013,35,210,245
11577,2,1,5,3,0,3,1,2,23.78,27.275,78,12.998,49,179,228
11578,2,1,5,3,0,3,1,1,25.42,30.305,69,6.0032,51,189,240
11579,2,1,5,3,0,3,1,1,26.24,30.305,65,12.998,52,204,256
11580,2,1,5,3,0,3,1,1,26.24,30.305,65,11.0014,54,313,367
11581,2,1,5,3,0,3,1,1,24.6,29.545,73,16.9979,70,659,729
11582,2,1,5,4,0,3,1,1,22.96,26.515,73,15.0013,43,770,813
11583,2,1,5,4,0,3,1,1,22.14,25.76,77,16.9979,43,461,504
11584,2,1,5,4,0,3,1,1,21.32,25,77,16.9979,42,296,338
11585,2,1,5,4,0,3,1,1,21.32,25,77,15.0013,21,218,239
11586,2,1,5,1,0,3,1,1,20.5,24.24,82,15.0013,27,146,173
11587,2,1,5,1,0,3,1,2,20.5,24.24,77,16.9979,21,77,98
11588,2,1,5,1,0,4,1,2,19.68,23.485,82,15.0013,15,75,90
11589,2,1,5,1,0,4,1,2,18.86,22.725,88,7.0015,9,15,24
11590,2,1,5,1,0,4,1,2,18.86,22.725,88,8.9981,4,13,17
11591,2,1,5,1,0,4,1,2,18.86,22.725,88,0,2,4,6
11592,2,1,5,1,0,4,1,2,18.86,22.725,88,16.9979,0,2,2
11593,2,1,5,1,0,4,1,2,18.86,22.725,88,16.9979,1,20,21
11594,2,1,5,1,0,4,1,2,18.86,22.725,88,11.0014,8,128,136
11595,2,1,5,2,0,4,1,3,18.04,21.97,94,7.0015,8,376,384
11596,2,1,5,2,0,4,1,3,18.86,22.725,88,12.998,19,608,627
11597,2,1,5,2,0,4,1,2,19.68,23.485,88,7.0015,25,279,304
11598,2,1,5,3,0,4,1,2,21.32,25,77,0,36,132,168
11599,2,1,5,3,0,4,1,1,22.14,25.76,77,0,34,167,201
11600,2,1,5,3,0,4,1,1,22.96,26.515,73,8.9981,64,237,301
11601,2,1,5,3,0,4,1,1,24.6,29.545,69,12.998,48,217,265
11602,2,1,5,3,0,4,1,1,26.24,30.305,65,12.998,33,171,204
11603,2,1,5,3,0,4,1,1,27.06,31.06,61,12.998,63,220,283
11604,2,1,5,3,0,4,1,1,27.88,31.82,57,11.0014,45,325,370
11605,2,1,5,3,0,4,1,1,29.52,33.335,54,8.9981,87,617,704
11606,2,1,5,4,0,4,1,1,29.52,33.335,58,8.9981,64,642,706
11607,2,1,5,4,0,4,1,1,28.7,32.575,61,12.998,55,467,522
11608,2,1,5,4,0,4,1,1,26.24,30.305,73,12.998,52,368,420
11609,2,1,5,4,0,4,1,1,25.42,29.545,78,8.9981,42,257,299
11610,2,1,5,1,0,4,1,1,25.42,29.545,78,0,29,217,246
11611,2,1,5,1,0,4,1,1,24.6,28.03,83,0,21,100,121
11612,2,1,5,1,0,5,1,1,24.6,28.79,78,22.0028,19,70,89
11613,2,1,5,1,0,5,1,1,24.6,28.79,78,7.0015,15,33,48
11614,2,1,5,1,0,5,1,1,23.78,27.275,83,8.9981,0,11,11
11615,2,1,5,1,0,5,1,1,22.96,26.515,88,15.0013,0,14,14
11616,2,1,5,1,0,5,1,1,22.96,26.515,88,12.998,0,4,4
11617,2,1,5,1,0,5,1,1,22.96,26.515,88,12.998,0,24,24
11618,2,1,5,1,0,5,1,1,22.14,25.76,94,7.0015,8,127,135
11619,2,1,5,2,0,5,1,1,22.96,26.515,88,0,9,347,356
11620,2,1,5,2,0,5,1,1,22.96,26.515,88,0,34,584,618
11621,2,1,5,2,0,5,1,1,24.6,28.79,78,0,32,262,294
11622,2,1,5,3,0,5,1,2,25.42,29.545,73,8.9981,45,154,199
11623,2,1,5,3,0,5,1,2,28.7,32.575,61,0,77,181,258
11624,2,1,5,3,0,5,1,3,25.42,29.545,78,23.9994,46,125,171
11625,2,1,5,3,0,5,1,2,26.24,30.305,73,0,71,207,278
11626,2,1,5,3,0,5,1,2,27.06,31.06,74,19.0012,83,159,242
11627,2,1,5,3,0,5,1,2,29.52,34.09,62,7.0015,103,240,343
11628,2,1,5,3,0,5,1,1,31.16,34.09,48,11.0014,82,358,440
11629,2,1,5,3,0,5,1,1,28.7,32.575,54,31.0009,96,547,643
11630,2,1,5,4,0,5,1,1,28.7,32.575,54,31.0009,77,564,641
11631,2,1,5,4,0,5,1,1,28.7,32.575,51,8.9981,64,388,452
11632,2,1,5,4,0,5,1,1,27.88,31.82,51,7.0015,58,255,313
11633,2,1,5,4,0,5,1,1,26.24,30.305,69,12.998,49,186,235
11634,2,1,5,1,0,5,1,1,24.6,28.03,83,8.9981,50,182,232
11635,2,1,5,1,0,5,1,1,24.6,28.03,83,6.0032,51,205,256
11636,2,1,5,1,0,6,0,1,24.6,28.03,83,0,42,111,153
11637,2,1,5,1,0,6,0,1,24.6,28.03,83,0,28,79,107
11638,2,1,5,1,0,6,0,1,23.78,27.275,88,0,24,51,75
11639,2,1,5,1,0,6,0,1,23.78,27.275,83,0,11,21,32
11640,2,1,5,1,0,6,0,1,22.96,26.515,88,7.0015,0,9,9
11641,2,1,5,1,0,6,0,1,22.96,26.515,88,6.0032,8,14,22
11642,2,1,5,1,0,6,0,2,22.14,25.76,94,0,9,33,42
11643,2,1,5,2,0,6,0,1,22.96,26.515,88,0,8,79,87
11644,2,1,5,2,0,6,0,1,23.78,27.275,83,6.0032,42,155,197
11645,2,1,5,2,0,6,0,1,25.42,29.545,78,7.0015,61,223,284
11646,2,1,5,3,0,6,0,1,27.06,31.06,65,8.9981,148,284,432
11647,2,1,5,3,0,6,0,1,28.7,32.575,58,6.0032,221,354,575
11648,2,1,5,3,0,6,0,1,29.52,33.335,58,7.0015,220,330,550
11649,2,1,5,3,0,6,0,1,30.34,34.09,55,8.9981,217,307,524
11650,2,1,5,3,0,6,0,3,28.7,32.575,61,19.9995,187,241,428
11651,2,1,5,3,0,6,0,3,27.06,31.06,74,12.998,241,300,541
11652,2,1,5,3,0,6,0,2,27.88,31.82,65,26.0027,230,310,540
11653,2,1,5,3,0,6,0,2,27.88,31.82,65,19.9995,204,298,502
11654,2,1,5,4,0,6,0,2,27.06,31.06,69,23.9994,156,278,434
11655,2,1,5,4,0,6,0,2,25.42,29.545,73,22.0028,151,254,405
11656,2,1,5,4,0,6,0,1,24.6,28.79,78,16.9979,100,209,309
11657,2,1,5,4,0,6,0,2,23.78,27.275,78,15.0013,86,183,269
11658,2,1,5,1,0,6,0,2,23.78,27.275,78,12.998,67,150,217
11659,2,1,5,1,0,6,0,2,22.96,26.515,83,19.0012,35,114,149
11660,2,1,5,1,0,0,0,2,22.96,26.515,83,8.9981,23,111,134
11661,2,1,5,1,0,0,0,2,22.14,25.76,83,15.0013,37,84,121
11662,2,1,5,1,0,0,0,2,22.14,25.76,83,19.0012,29,64,93
11663,2,1,5,1,0,0,0,2,22.14,25.76,83,12.998,9,19,28
11664,2,1,5,1,0,0,0,3,21.32,25,83,11.0014,9,7,16
11665,2,1,5,1,0,0,0,3,21.32,25,83,11.0014,1,10,11
11666,2,1,5,1,0,0,0,3,21.32,25,83,15.0013,3,14,17
11667,2,1,5,2,0,0,0,3,21.32,25,83,11.0014,5,31,36
11668,2,1,5,2,0,0,0,2,20.5,24.24,88,8.9981,23,91,114
11669,2,1,5,2,0,0,0,2,21.32,25,83,11.0014,63,128,191
11670,2,1,5,3,0,0,0,2,22.14,25.76,77,7.0015,112,221,333
11671,2,1,5,3,0,0,0,1,22.96,26.515,73,7.0015,144,270,414
11672,2,1,5,3,0,0,0,2,24.6,30.305,64,6.0032,207,351,558
11673,2,1,5,3,0,0,0,2,24.6,30.305,64,0,197,368,565
11674,2,1,5,3,0,0,0,2,24.6,30.305,64,7.0015,226,292,518
11675,2,1,5,3,0,0,0,2,25.42,30.305,61,7.0015,229,342,571
11676,2,1,5,3,0,0,0,2,25.42,30.305,61,0,181,363,544
11677,2,1,5,3,0,0,0,2,25.42,30.305,65,8.9981,195,316,511
11678,2,1,5,4,0,0,0,2,25.42,30.305,61,12.998,131,332,463
11679,2,1,5,4,0,0,0,2,24.6,30.305,64,11.0014,117,266,383
11680,2,1,5,4,0,0,0,1,24.6,30.305,64,12.998,73,203,276
11681,2,1,5,4,0,0,0,1,22.96,26.515,73,12.998,55,148,203
11682,2,1,5,1,0,0,0,1,22.96,26.515,73,11.0014,44,113,157
11683,2,1,5,1,0,0,0,1,21.32,25,77,12.998,22,80,102
11684,2,1,5,1,0,1,1,2,21.32,25,77,8.9981,13,21,34
11685,2,1,5,1,0,1,1,2,21.32,25,77,12.998,1,8,9
11686,2,1,5,1,0,1,1,1,20.5,24.24,77,12.998,1,5,6
11687,2,1,5,1,0,1,1,1,20.5,24.24,77,12.998,2,3,5
11688,2,1,5,1,0,1,1,2,18.86,22.725,88,8.9981,0,2,2
11689,2,1,5,1,0,1,1,1,18.86,22.725,88,7.0015,2,21,23
11690,2,1,5,1,0,1,1,1,18.86,22.725,88,7.0015,8,134,142
11691,2,1,5,2,0,1,1,2,19.68,23.485,82,7.0015,18,367,385
11692,2,1,5,2,0,1,1,2,20.5,24.24,82,12.998,31,608,639
11693,2,1,5,2,0,1,1,2,20.5,24.24,82,15.0013,61,289,350
11694,2,1,5,3,0,1,1,2,21.32,25,77,12.998,62,128,190
11695,2,1,5,3,0,1,1,2,22.14,25.76,73,12.998,64,149,213
11696,2,1,5,3,0,1,1,2,22.96,26.515,68,15.0013,74,189,263
11697,2,1,5,3,0,1,1,2,24.6,31.06,53,22.0028,75,197,272
11698,2,1,5,3,0,1,1,2,25.42,31.06,50,23.9994,59,180,239
11699,2,1,5,3,0,1,1,2,25.42,31.06,53,19.9995,76,186,262
11700,2,1,5,3,0,1,1,2,24.6,31.06,53,26.0027,68,320,388
11701,2,1,5,3,0,1,1,2,24.6,31.06,53,22.0028,102,667,769
11702,2,1,5,4,0,1,1,2,24.6,31.06,53,23.9994,78,602,680
11703,2,1,5,4,0,1,1,1,23.78,27.275,56,22.0028,83,463,546
11704,2,1,5,4,0,1,1,1,22.14,25.76,52,19.0012,46,277,323
11705,2,1,5,4,0,1,1,2,22.14,25.76,45,15.0013,37,210,247
11706,2,1,5,1,0,1,1,2,22.14,25.76,45,16.9979,26,147,173
11707,2,1,5,1,0,1,1,2,22.14,25.76,45,12.998,21,92,113
11708,2,1,5,1,0,2,1,2,21.32,25,52,16.9979,10,28,38
11709,2,1,5,1,0,2,1,2,21.32,25,59,15.0013,6,3,9
11710,2,1,5,1,0,2,1,2,21.32,25,63,19.9995,9,7,16
11711,2,1,5,1,0,2,1,2,21.32,25,68,19.0012,2,4,6
11712,2,1,5,1,0,2,1,2,21.32,25,68,22.0028,0,5,5
11713,2,1,5,1,0,2,1,2,21.32,25,72,19.0012,0,20,20
11714,2,1,5,1,0,2,1,1,20.5,24.24,77,19.9995,7,158,165
11715,2,1,5,2,0,2,1,1,21.32,25,72,19.0012,21,442,463
11716,2,1,5,2,0,2,1,2,22.14,25.76,73,19.9995,36,605,641
11717,2,1,5,2,0,2,1,2,22.96,26.515,68,23.9994,37,258,295
11718,2,1,5,3,0,2,1,2,23.78,27.275,68,27.9993,46,111,157
11719,2,1,5,3,0,2,1,2,24.6,30.305,64,26.0027,60,157,217
11720,2,1,5,3,0,2,1,2,25.42,30.305,65,22.0028,60,203,263
11721,2,1,5,3,0,2,1,3,26.24,30.305,65,16.9979,53,166,219
11722,2,1,5,3,0,2,1,3,25.42,30.305,69,22.0028,8,63,71
11723,2,1,5,3,0,2,1,3,25.42,29.545,73,16.9979,40,94,134
11724,2,1,5,3,0,2,1,3,26.24,30.305,73,15.0013,54,335,389
11725,2,1,5,3,0,2,1,2,26.24,30.305,69,19.0012,77,640,717
11726,2,1,5,4,0,2,1,2,26.24,30.305,69,19.0012,69,641,710
11727,2,1,5,4,0,2,1,2,26.24,30.305,69,19.0012,59,399,458
11728,2,1,5,4,0,2,1,2,26.24,30.305,69,19.0012,40,262,302
11729,2,1,5,4,0,2,1,2,26.24,30.305,65,19.0012,21,202,223
11730,2,1,5,1,0,2,1,3,24.6,28.79,78,16.9979,13,134,147
11731,2,1,5,1,0,2,1,3,24.6,28.79,78,22.0028,10,53,63
11732,2,1,5,1,0,3,1,2,23.78,27.275,83,12.998,8,27,35
11733,2,1,5,1,0,3,1,2,24.6,28.79,78,16.9979,3,11,14
11734,2,1,5,1,0,3,1,3,22.96,26.515,88,30.0026,0,1,1
11735,2,1,5,1,0,3,1,3,22.96,26.515,88,11.0014,0,2,2
11736,2,1,5,1,0,3,1,3,22.96,26.515,88,15.0013,0,5,5
11737,2,1,5,1,0,3,1,2,22.96,26.515,88,8.9981,1,27,28
11738,2,1,5,1,0,3,1,2,22.96,26.515,88,7.0015,5,121,126
11739,2,1,5,2,0,3,1,2,22.96,26.515,94,12.998,17,401,418
11740,2,1,5,2,0,3,1,2,24.6,28.03,83,8.9981,28,594,622
11741,2,1,5,2,0,3,1,2,24.6,28.03,83,0,40,285,325
11742,2,1,5,3,0,3,1,2,25.42,30.305,65,16.9979,40,113,153
11743,2,1,5,3,0,3,1,2,25.42,31.06,59,19.9995,45,156,201
11744,2,1,5,3,0,3,1,2,25.42,31.06,57,15.0013,58,222,280
11745,2,1,5,3,0,3,1,2,26.24,31.06,53,16.9979,50,216,266
11746,2,1,5,3,0,3,1,2,26.24,31.06,53,16.9979,68,175,243
11747,2,1,5,3,0,3,1,2,26.24,31.06,53,7.0015,68,191,259
11748,2,1,5,3,0,3,1,2,27.06,31.06,50,12.998,68,289,357
11749,2,1,5,3,0,3,1,2,26.24,31.06,53,8.9981,76,629,705
11750,2,1,5,4,0,3,1,3,21.32,25,77,39.0007,23,349,372
11751,2,1,5,4,0,3,1,3,20.5,24.24,77,23.9994,2,96,98
11752,2,1,5,4,0,3,1,3,20.5,24.24,82,15.0013,3,48,51
11753,2,1,5,4,0,3,1,3,20.5,24.24,82,11.0014,4,30,34
11754,2,1,5,1,0,3,1,3,19.68,23.485,82,7.0015,5,62,67
11755,2,1,5,1,0,3,1,3,19.68,23.485,82,12.998,8,47,55
11756,2,1,5,1,0,4,1,3,20.5,24.24,77,11.0014,2,31,33
11757,2,1,5,1,0,4,1,2,19.68,23.485,88,8.9981,2,9,11
11758,2,1,5,1,0,4,1,2,19.68,23.485,88,7.0015,0,3,3
11759,2,1,5,1,0,4,1,1,18.86,22.725,88,15.0013,0,3,3
11760,2,1,5,1,0,4,1,1,18.86,22.725,77,12.998,0,2,2
11761,2,1,5,1,0,4,1,1,18.86,22.725,72,19.9995,1,23,24
11762,2,1,5,1,0,4,1,1,18.04,21.97,72,15.0013,9,130,139
11763,2,1,5,2,0,4,1,1,18.04,21.97,72,19.9995,8,393,401
11764,2,1,5,2,0,4,1,1,18.86,22.725,67,23.9994,27,603,630
11765,2,1,5,2,0,4,1,1,20.5,24.24,59,31.0009,62,299,361
11766,2,1,5,3,0,4,1,1,20.5,24.24,51,27.9993,42,112,154
11767,2,1,5,3,0,4,1,1,21.32,25,48,35.0008,77,179,256
11768,2,1,5,3,0,4,1,1,21.32,25,48,27.9993,65,207,272
11769,2,1,5,3,0,4,1,1,22.14,25.76,39,30.0026,90,228,318
11770,2,1,5,3,0,4,1,1,22.96,26.515,37,27.9993,61,186,247
11771,2,1,5,3,0,4,1,1,22.14,25.76,37,26.0027,79,192,271
11772,2,1,5,3,0,4,1,1,23.78,27.275,30,31.0009,87,334,421
11773,2,1,5,3,0,4,1,1,24.6,31.06,31,26.0027,84,648,732
11774,2,1,5,4,0,4,1,1,22.96,26.515,35,35.0008,109,661,770
11775,2,1,5,4,0,4,1,1,22.14,25.76,37,23.9994,84,469,553
11776,2,1,5,4,0,4,1,1,21.32,25,40,22.0028,59,315,374
11777,2,1,5,4,0,4,1,1,20.5,24.24,42,12.998,19,211,230
11778,2,1,5,1,0,4,1,1,20.5,24.24,42,7.0015,36,196,232
11779,2,1,5,1,0,4,1,1,19.68,23.485,48,7.0015,23,112,135
11780,2,1,5,1,0,5,1,1,18.86,22.725,55,7.0015,17,47,64
11781,2,1,5,1,0,5,1,1,18.86,22.725,51,8.9981,14,32,46
11782,2,1,5,1,0,5,1,1,18.86,22.725,44,11.0014,15,16,31
11783,2,1,5,1,0,5,1,1,18.86,22.725,41,19.0012,5,8,13
11784,2,1,5,1,0,5,1,1,17.22,21.21,50,12.998,3,6,9
11785,2,1,5,1,0,5,1,1,17.22,21.21,47,11.0014,3,23,26
11786,2,1,5,1,0,5,1,1,17.22,21.21,50,16.9979,7,128,135
11787,2,1,5,2,0,5,1,1,17.22,21.21,50,16.9979,6,345,351
11788,2,1,5,2,0,5,1,1,18.86,22.725,44,16.9979,41,579,620
11789,2,1,5,2,0,5,1,1,19.68,23.485,41,19.9995,34,288,322
11790,2,1,5,3,0,5,1,1,21.32,25,36,22.0028,69,141,210
11791,2,1,5,3,0,5,1,1,22.96,26.515,35,16.9979,88,203,291
11792,2,1,5,3,0,5,1,1,22.96,26.515,28,27.9993,89,259,348
11793,2,1,5,3,0,5,1,1,24.6,30.305,26,26.0027,100,263,363
11794,2,1,5,3,0,5,1,1,25.42,30.305,23,15.0013,116,218,334
11795,2,1,5,3,0,5,1,1,25.42,30.305,25,12.998,140,299,439
11796,2,1,5,3,0,5,1,1,25.42,30.305,25,22.0028,128,397,525
11797,2,1,5,3,0,5,1,1,26.24,30.305,23,16.9979,102,677,779
11798,2,1,5,4,0,5,1,1,26.24,30.305,23,19.0012,78,518,596
11799,2,1,5,4,0,5,1,1,26.24,30.305,23,16.9979,73,430,503
11800,2,1,5,4,0,5,1,1,25.42,30.305,25,8.9981,64,277,341
11801,2,1,5,4,0,5,1,1,24.6,30.305,28,7.0015,45,225,270
11802,2,1,5,1,0,5,1,1,22.96,26.515,35,15.0013,44,190,234
11803,2,1,5,1,0,5,1,1,22.14,25.76,37,12.998,38,142,180
11804,2,1,5,1,0,6,0,1,21.32,25,42,11.0014,25,111,136
11805,2,1,5,1,0,6,0,1,20.5,24.24,48,0,14,79,93
11806,2,1,5,1,0,6,0,1,18.86,22.725,59,8.9981,10,46,56
11807,2,1,5,1,0,6,0,1,19.68,23.485,59,0,14,20,34
11808,2,1,5,1,0,6,0,1,18.04,21.97,67,7.0015,3,6,9
11809,2,1,5,1,0,6,0,1,17.22,21.21,67,8.9981,5,8,13
11810,2,1,5,1,0,6,0,1,17.22,21.21,67,6.0032,10,23,33
11811,2,1,5,2,0,6,0,1,17.22,21.21,71,8.9981,10,57,67
11812,2,1,5,2,0,6,0,1,21.32,25,48,0,22,156,178
11813,2,1,5,2,0,6,0,1,22.14,25.76,49,0,87,248,335
11814,2,1,5,3,0,6,0,1,22.96,26.515,49,6.0032,132,279,411
11815,2,1,5,3,0,6,0,1,25.42,31.06,41,6.0032,157,365,522
11816,2,1,5,3,0,6,0,1,26.24,31.06,36,11.0014,206,353,559
11817,2,1,5,3,0,6,0,1,26.24,31.06,36,12.998,293,366,659
11818,2,1,5,3,0,6,0,1,27.06,31.06,36,12.998,257,358,615
11819,2,1,5,3,0,6,0,1,27.88,31.06,24,12.998,269,321,590
11820,2,1,5,3,0,6,0,2,28.7,31.82,21,12.998,254,337,591
11821,2,1,5,3,0,6,0,2,27.06,31.06,36,12.998,233,343,576
11822,2,1,5,4,0,6,0,2,27.06,31.06,31,12.998,164,382,546
11823,2,1,5,4,0,6,0,2,26.24,31.06,36,11.0014,166,273,439
11824,2,1,5,4,0,6,0,1,25.42,31.06,46,11.0014,113,174,287
11825,2,1,5,4,0,6,0,2,24.6,30.305,60,8.9981,74,156,230
11826,2,1,5,1,0,6,0,1,22.96,26.515,68,8.9981,62,212,274
11827,2,1,5,1,0,6,0,1,23.78,27.275,56,6.0032,42,134,176
11828,2,1,5,1,0,0,0,1,22.96,26.515,64,11.0014,19,79,98
11829,2,1,5,1,0,0,0,2,22.14,25.76,68,8.9981,22,72,94
11830,2,1,5,1,0,0,0,2,22.14,25.76,68,11.0014,22,60,82
11831,2,1,5,1,0,0,0,2,22.14,25.76,64,8.9981,2,26,28
11832,2,1,5,1,0,0,0,2,22.14,25.76,68,12.998,2,7,9
11833,2,1,5,1,0,0,0,1,21.32,25,72,12.998,4,8,12
11834,2,1,5,1,0,0,0,1,21.32,25,68,11.0014,6,15,21
11835,2,1,5,2,0,0,0,1,21.32,25,68,11.0014,18,42,60
11836,2,1,5,2,0,0,0,1,22.96,26.515,64,11.0014,32,124,156
11837,2,1,5,2,0,0,0,1,24.6,31.06,56,8.9981,79,143,222
11838,2,1,5,3,0,0,0,1,24.6,30.305,60,16.9979,128,222,350
11839,2,1,5,3,0,0,0,1,25.42,31.06,57,16.9979,150,278,428
11840,2,1,5,3,0,0,0,1,26.24,31.06,57,15.0013,189,342,531
11841,2,1,5,3,0,0,0,1,27.88,31.82,54,16.9979,255,347,602
11842,2,1,5,3,0,0,0,1,28.7,32.575,48,8.9981,228,324,552
11843,2,1,5,3,0,0,0,1,29.52,32.575,45,23.9994,190,309,499
11844,2,1,5,3,0,0,0,1,29.52,32.575,42,16.9979,225,339,564
11845,2,1,5,3,0,0,0,1,28.7,31.82,45,27.9993,191,287,478
11846,2,1,5,4,0,0,0,2,27.88,31.82,44,23.9994,129,260,389
11847,2,1,5,4,0,0,0,2,27.06,31.06,50,27.9993,107,232,339
11848,2,1,5,4,0,0,0,2,27.06,31.06,50,19.0012,67,163,230
11849,2,1,5,4,0,0,0,2,26.24,31.06,53,12.998,48,121,169
11850,2,1,5,1,0,0,0,2,25.42,30.305,61,11.0014,42,89,131
11851,2,1,5,1,0,0,0,2,25.42,31.06,57,15.0013,17,57,74
11852,2,1,5,1,0,1,1,2,24.6,31.06,56,16.9979,21,14,35
11853,2,1,5,1,0,1,1,2,24.6,30.305,60,19.0012,5,6,11
11854,2,1,5,1,0,1,1,1,24.6,30.305,60,19.9995,1,1,2
11855,2,1,5,1,0,1,1,2,23.78,27.275,68,22.0028,0,2,2
11856,2,1,5,1,0,1,1,2,22.14,25.76,77,15.0013,3,3,6
11857,2,1,5,1,0,1,1,2,22.14,25.76,77,11.0014,1,25,26
11858,2,1,5,1,0,1,1,3,21.32,25,94,19.9995,3,62,65
11859,2,1,5,2,0,1,1,3,21.32,25,94,12.998,3,72,75
11860,2,1,5,2,0,1,1,3,22.14,25.76,88,15.0013,1,155,156
11861,2,1,5,2,0,1,1,3,22.14,25.76,88,19.0012,5,105,110
11862,2,1,5,3,0,1,1,3,22.14,25.76,88,16.9979,6,53,59
11863,2,1,5,3,0,1,1,2,22.96,26.515,83,15.0013,12,67,79
11864,2,1,5,3,0,1,1,2,22.96,26.515,88,19.0012,53,132,185
11865,2,1,5,3,0,1,1,2,25.42,29.545,73,15.0013,33,143,176
11866,2,1,5,3,0,1,1,2,25.42,29.545,73,16.9979,43,128,171
11867,2,1,5,3,0,1,1,2,25.42,29.545,73,11.0014,40,156,196
11868,2,1,5,3,0,1,1,3,25.42,30.305,69,19.0012,20,91,111
11869,2,1,5,3,0,1,1,3,22.96,26.515,88,16.9979,25,204,229
11870,2,1,5,4,0,1,1,2,23.78,27.275,83,0,17,283,300
11871,2,1,5,4,0,1,1,3,23.78,27.275,88,8.9981,10,294,304
11872,2,1,5,4,0,1,1,2,23.78,27.275,88,12.998,11,178,189
11873,2,1,5,4,0,1,1,2,23.78,27.275,83,6.0032,7,145,152
11874,2,1,5,1,0,1,1,2,23.78,27.275,78,6.0032,11,118,129
11875,2,1,5,1,0,1,1,2,23.78,27.275,78,7.0015,11,64,75
11876,2,1,5,1,0,2,1,2,22.96,26.515,88,8.9981,7,25,32
11877,2,1,5,1,0,2,1,3,22.96,26.515,88,8.9981,5,14,19
11878,2,1,5,1,0,2,1,2,22.96,26.515,88,8.9981,1,3,4
11879,2,1,5,1,0,2,1,3,23.78,27.275,83,8.9981,1,5,6
11880,2,1,5,1,0,2,1,3,22.96,26.515,94,0,1,4,5
11881,2,1,5,1,0,2,1,3,22.96,26.515,94,15.0013,0,8,8
11882,2,1,5,1,0,2,1,3,22.96,26.515,94,15.0013,2,22,24
11883,2,1,5,2,0,2,1,3,22.96,26.515,94,8.9981,1,91,92
11884,2,1,5,2,0,2,1,2,23.78,27.275,88,6.0032,8,401,409
11885,2,1,5,2,0,2,1,2,23.78,27.275,88,6.0032,28,327,355
11886,2,1,5,3,0,2,1,1,25.42,29.545,78,7.0015,27,144,171
11887,2,1,5,3,0,2,1,1,26.24,29.545,78,12.998,38,186,224
11888,2,1,5,3,0,2,1,1,26.24,30.305,73,12.998,44,220,264
11889,2,1,5,3,0,2,1,3,26.24,30.305,73,12.998,35,204,239
11890,2,1,5,3,0,2,1,2,26.24,30.305,73,12.998,39,145,184
11891,2,1,5,3,0,2,1,2,28.7,32.575,61,6.0032,51,205,256
11892,2,1,5,3,0,2,1,1,27.88,31.82,65,11.0014,74,300,374
11893,2,1,5,3,0,2,1,1,27.88,31.82,65,7.0015,75,603,678
11894,2,1,5,4,0,2,1,1,28.7,32.575,61,6.0032,68,665,733
11895,2,1,5,4,0,2,1,1,27.06,31.06,69,11.0014,57,455,512
11896,2,1,5,4,0,2,1,3,26.24,30.305,73,8.9981,30,233,263
11897,2,1,5,4,0,2,1,3,26.24,30.305,73,19.0012,11,98,109
11898,2,1,5,1,0,2,1,1,23.78,27.275,78,15.0013,9,74,83
11899,2,1,5,1,0,2,1,3,22.96,26.515,88,7.0015,13,58,71
11900,2,1,5,1,0,3,1,2,23.78,27.275,88,0,12,27,39
11901,2,1,5,1,0,3,1,2,23.78,27.275,88,8.9981,7,14,21
11902,2,1,5,1,0,3,1,1,22.96,26.515,94,12.998,5,14,19
11903,2,1,5,1,0,3,1,1,22.96,26.515,88,7.0015,1,5,6
11904,2,1,5,1,0,3,1,1,22.14,25.76,94,8.9981,1,3,4
11905,2,1,5,1,0,3,1,1,22.14,25.76,94,7.0015,4,34,38
11906,2,1,5,1,0,3,1,1,22.14,25.76,94,6.0032,8,150,158
11907,2,1,5,2,0,3,1,1,22.96,26.515,83,0,14,426,440
11908,2,1,5,2,0,3,1,1,23.78,27.275,83,0,33,617,650
11909,2,1,5,2,0,3,1,2,24.6,28.79,78,8.9981,33,314,347
11910,2,1,5,3,0,3,1,1,27.06,31.06,61,0,43,149,192
11911,2,1,5,3,0,3,1,1,28.7,32.575,54,8.9981,55,212,267
11912,2,1,5,3,0,3,1,1,28.7,32.575,54,12.998,59,271,330
11913,2,1,5,3,0,3,1,1,29.52,32.575,42,0,77,273,350
11914,2,1,5,3,0,3,1,1,29.52,32.575,42,6.0032,42,221,263
11915,2,1,5,3,0,3,1,2,29.52,33.335,48,7.0015,52,222,274
11916,2,1,5,3,0,3,1,1,29.52,32.575,45,7.0015,70,376,446
11917,2,1,5,3,0,3,1,1,29.52,33.335,51,12.998,104,769,873
11918,2,1,5,4,0,3,1,1,29.52,33.335,51,15.0013,97,749,846
11919,2,1,5,4,0,3,1,1,28.7,32.575,54,19.0012,91,499,590
11920,2,1,5,4,0,3,1,1,27.06,31.06,65,16.9979,61,398,459
11921,2,1,5,4,0,3,1,1,26.24,30.305,73,12.998,63,330,393
11922,2,1,5,1,0,3,1,1,26.24,30.305,73,11.0014,33,253,286
11923,2,1,5,1,0,3,1,1,25.42,29.545,78,7.0015,26,107,133
11924,2,1,5,1,0,4,1,1,24.6,28.79,78,8.9981,30,49,79
11925,2,1,5,1,0,4,1,1,24.6,28.03,83,11.0014,12,16,28
11926,2,1,5,1,0,4,1,1,24.6,28.79,78,11.0014,8,8,16
11927,2,1,5,1,0,4,1,1,24.6,29.545,73,16.9979,0,3,3
11928,2,1,5,1,0,4,1,1,24.6,30.305,64,22.0028,3,13,16
11929,2,1,5,1,0,4,1,1,22.96,26.515,68,22.0028,1,34,35
11930,2,1,5,1,0,4,1,1,22.14,25.76,73,23.9994,10,149,159
11931,2,1,5,2,0,4,1,1,22.14,25.76,73,26.0027,25,449,474
11932,2,1,5,2,0,4,1,1,21.32,25,55,30.0026,29,605,634
11933,2,1,5,2,0,4,1,1,22.14,25.76,52,27.9993,57,289,346
11934,2,1,5,3,0,4,1,1,22.96,26.515,52,16.9979,43,162,205
11935,2,1,5,3,0,4,1,1,23.78,27.275,49,15.0013,77,202,279
11936,2,1,5,3,0,4,1,1,24.6,31.06,43,12.998,72,276,348
11937,2,1,5,3,0,4,1,1,25.42,31.06,41,12.998,86,241,327
11938,2,1,5,3,0,4,1,1,26.24,31.06,38,12.998,68,202,270
11939,2,1,5,3,0,4,1,1,26.24,31.06,36,16.9979,83,233,316
11940,2,1,5,3,0,4,1,1,27.06,31.06,31,12.998,86,344,430
11941,2,1,5,3,0,4,1,1,27.06,31.06,31,8.9981,133,719,852
11942,2,1,5,4,0,4,1,1,27.06,31.06,27,11.0014,134,734,868
11943,2,1,5,4,0,4,1,1,26.24,31.06,31,12.998,86,451,537
11944,2,1,5,4,0,4,1,1,24.6,31.06,40,12.998,83,363,446
11945,2,1,5,4,0,4,1,1,23.78,27.275,40,7.0015,45,254,299
11946,2,1,5,1,0,4,1,1,22.96,26.515,43,6.0032,42,209,251
11947,2,1,5,1,0,4,1,1,22.14,25.76,49,8.9981,29,137,166
11948,2,1,5,1,0,5,1,1,21.32,25,59,7.0015,13,57,70
11949,2,1,5,1,0,5,1,1,20.5,24.24,59,6.0032,16,33,49
11950,2,1,5,1,0,5,1,1,19.68,23.485,67,8.9981,12,9,21
11951,2,1,5,1,0,5,1,1,18.86,22.725,72,6.0032,6,8,14
11952,2,1,5,1,0,5,1,1,18.86,22.725,77,11.0014,0,11,11
11953,2,1,5,1,0,5,1,1,18.86,22.725,77,7.0015,1,33,34
11954,2,1,5,1,0,5,1,1,18.04,21.97,77,8.9981,14,168,182
11955,2,1,5,2,0,5,1,1,18.86,22.725,82,7.0015,40,475,515
11956,2,1,5,2,0,5,1,1,21.32,25,59,8.9981,49,696,745
11957,2,1,5,2,0,5,1,1,22.96,26.515,56,7.0015,57,304,361
11958,2,1,5,3,0,5,1,1,24.6,31.06,46,8.9981,74,181,255
11959,2,1,5,3,0,5,1,1,25.42,31.06,43,0,109,225,334
11960,2,1,5,3,0,5,1,1,25.42,31.06,41,12.998,108,252,360
11961,2,1,5,3,0,5,1,1,26.24,31.06,36,11.0014,98,297,395
11962,2,1,5,3,0,5,1,1,27.06,31.06,34,8.9981,108,242,350
11963,2,1,5,3,0,5,1,1,27.06,31.06,36,12.998,131,260,391
11964,2,1,5,3,0,5,1,1,27.06,31.06,34,16.9979,151,417,568
11965,2,1,5,3,0,5,1,1,27.06,31.06,34,8.9981,124,688,812
11966,2,1,5,4,0,5,1,1,26.24,31.06,38,15.0013,99,570,669
11967,2,1,5,4,0,5,1,1,25.42,31.06,41,12.998,91,392,483
11968,2,1,5,4,0,5,1,1,25.42,31.06,41,11.0014,73,264,337
11969,2,1,5,4,0,5,1,1,24.6,31.06,40,0,49,209,258
11970,2,1,5,1,0,5,1,1,22.96,26.515,52,22.0028,57,194,251
11971,2,1,5,1,0,5,1,1,21.32,25,55,0,41,133,174
11972,2,1,5,1,0,6,0,1,21.32,25,48,7.0015,30,118,148
11973,2,1,5,1,0,6,0,1,20.5,24.24,48,0,20,84,104
11974,2,1,5,1,0,6,0,1,20.5,24.24,51,7.0015,13,56,69
11975,2,1,5,1,0,6,0,1,20.5,24.24,48,7.0015,10,23,33
11976,2,1,5,1,0,6,0,1,19.68,23.485,59,6.0032,6,8,14
11977,2,1,5,1,0,6,0,1,18.86,22.725,67,0,1,11,12
11978,2,1,5,1,0,6,0,1,18.04,21.97,72,6.0032,12,38,50
11979,2,1,5,2,0,6,0,1,18.86,22.725,67,7.0015,28,67,95
11980,2,1,5,2,0,6,0,1,21.32,25,52,11.0014,33,162,195
11981,2,1,5,2,0,6,0,1,22.96,26.515,43,11.0014,79,213,292
11982,2,1,5,3,0,6,0,1,22.96,26.515,43,0,177,275,452
11983,2,1,5,3,0,6,0,1,25.42,31.06,38,6.0032,235,351,586
11984,2,1,5,3,0,6,0,1,27.06,31.06,36,0,276,366,642
11985,2,1,5,3,0,6,0,1,28.7,31.82,37,8.9981,332,372,704
11986,2,1,5,3,0,6,0,1,29.52,32.575,30,6.0032,361,369,730
11987,2,1,5,3,0,6,0,1,29.52,32.575,30,7.0015,356,316,672
11988,2,1,5,3,0,6,0,1,30.34,32.575,30,7.0015,331,311,642
11989,2,1,5,3,0,6,0,1,30.34,32.575,30,6.0032,279,347,626
11990,2,1,5,4,0,6,0,1,30.34,32.575,33,6.0032,254,391,645
11991,2,1,5,4,0,6,0,1,28.7,31.82,39,8.9981,203,229,432
11992,2,1,5,4,0,6,0,1,27.88,31.82,41,6.0032,118,197,315
11993,2,1,5,4,0,6,0,1,26.24,31.06,50,0,81,178,259
11994,2,1,5,1,0,6,0,1,26.24,31.06,47,0,104,234,338
11995,2,1,5,1,0,6,0,1,24.6,31.06,56,11.0014,71,168,239
11996,2,1,5,1,0,0,0,1,23.78,27.275,53,7.0015,42,128,170
11997,2,1,5,1,0,0,0,1,22.96,26.515,52,0,28,102,130
11998,2,1,5,1,0,0,0,1,22.96,26.515,52,0,36,62,98
11999,2,1,5,1,0,0,0,1,22.14,25.76,56,6.0032,26,40,66
12000,2,1,5,1,0,0,0,1,21.32,25,68,6.0032,2,14,16
12001,2,1,5,1,0,0,0,1,20.5,24.24,72,7.0015,1,7,8
12002,2,1,5,1,0,0,0,1,20.5,24.24,63,8.9981,4,21,25
12003,2,1,5,2,0,0,0,1,21.32,25,68,12.998,35,55,90
12004,2,1,5,2,0,0,0,1,22.96,26.515,56,11.0014,51,120,171
12005,2,1,5,2,0,0,0,1,25.42,31.06,32,16.9979,129,184,313
12006,2,1,5,3,0,0,0,1,27.06,31.06,34,19.9995,174,258,432
12007,2,1,5,3,0,0,0,1,27.06,31.06,36,22.0028,258,323,581
12008,2,1,5,3,0,0,0,1,27.88,31.82,36,22.0028,247,390,637
12009,2,1,5,3,0,0,0,1,28.7,31.82,37,19.0012,244,363,607
12010,2,1,5,3,0,0,0,1,29.52,32.575,39,26.0027,236,307,543
12011,2,1,5,3,0,0,0,2,28.7,31.82,39,27.9993,246,256,502
12012,2,1,5,3,0,0,0,1,29.52,32.575,42,23.9994,238,339,577
12013,2,1,5,3,0,0,0,1,29.52,32.575,45,22.0028,209,340,549
12014,2,1,5,4,0,0,0,1,28.7,32.575,51,22.0028,146,328,474
12015,2,1,5,4,0,0,0,1,27.06,31.06,61,27.9993,142,260,402
12016,2,1,5,4,0,0,0,1,27.06,31.06,61,27.9993,83,191,274
12017,2,1,5,4,0,0,0,1,26.24,30.305,69,26.0027,51,182,233
12018,2,1,5,1,0,0,0,1,25.42,29.545,73,22.0028,44,101,145
12019,2,1,5,1,0,0,0,3,24.6,28.79,78,23.9994,32,54,86
12020,2,1,5,1,0,1,1,3,23.78,27.275,88,19.9995,12,28,40
12021,2,1,5,1,0,1,1,3,23.78,27.275,88,23.9994,4,11,15
12022,2,1,5,1,0,1,1,3,22.96,26.515,94,16.9979,2,9,11
12023,2,1,5,1,0,1,1,2,22.96,26.515,88,19.9995,0,2,2
12024,2,1,5,1,0,1,1,3,22.96,26.515,88,19.9995,2,5,7
12025,2,1,5,1,0,1,1,3,22.96,26.515,88,19.9995,1,14,15
12026,2,1,5,1,0,1,1,3,22.96,26.515,88,19.9995,3,76,79
12027,2,1,5,2,0,1,1,3,22.96,26.515,88,19.9995,7,146,153
12028,2,1,5,2,0,1,1,3,22.96,26.515,88,16.9979,12,258,270
12029,2,1,5,2,0,1,1,3,22.96,26.515,88,15.0013,14,172,186
12030,2,1,5,3,0,1,1,3,23.78,27.275,88,19.0012,28,71,99
12031,2,1,5,3,0,1,1,2,24.6,28.03,83,11.0014,24,82,106
12032,2,1,5,3,0,1,1,2,24.6,28.03,83,16.9979,46,124,170
12033,2,1,5,3,0,1,1,3,24.6,28.03,83,16.9979,49,135,184
12034,2,1,5,3,0,1,1,3,24.6,28.03,83,12.998,45,135,180
12035,2,1,5,3,0,1,1,2,26.24,30.305,73,12.998,67,158,225
12036,2,1,5,3,0,1,1,2,26.24,30.305,73,16.9979,46,269,315
12037,2,1,5,3,0,1,1,2,27.06,31.06,69,16.9979,40,468,508
12038,2,1,5,4,0,1,1,1,26.24,30.305,73,7.0015,52,478,530
12039,2,1,5,4,0,1,1,1,27.06,31.06,69,6.0032,57,391,448
12040,2,1,5,4,0,1,1,1,26.24,30.305,69,8.9981,44,292,336
12041,2,1,5,4,0,1,1,1,25.42,30.305,69,6.0032,31,210,241
12042,2,1,5,1,0,1,1,2,25.42,29.545,73,11.0014,26,116,142
12043,2,1,5,1,0,1,1,1,25.42,29.545,73,19.0012,18,79,97
12044,2,1,5,1,0,2,1,1,23.78,27.275,83,16.9979,10,26,36
12045,2,1,5,1,0,2,1,2,23.78,27.275,83,8.9981,11,16,27
12046,2,1,5,1,0,2,1,2,23.78,27.275,83,7.0015,1,10,11
12047,2,1,5,1,0,2,1,2,23.78,27.275,83,7.0015,0,5,5
12048,2,1,5,1,0,2,1,2,22.96,26.515,88,11.0014,0,7,7
12049,2,1,5,1,0,2,1,3,22.96,26.515,88,12.998,0,17,17
12050,2,1,5,1,0,2,1,3,22.96,26.515,88,7.0015,8,129,137
12051,2,1,5,2,0,2,1,3,22.96,26.515,88,7.0015,9,315,324
12052,2,1,5,2,0,2,1,2,22.96,26.515,88,8.9981,20,570,590
12053,2,1,5,2,0,2,1,2,24.6,28.03,83,7.0015,46,287,333
12054,2,1,5,3,0,2,1,2,24.6,28.79,78,6.0032,52,148,200
12055,2,1,5,3,0,2,1,2,24.6,28.79,78,0,39,150,189
12056,2,1,5,3,0,2,1,2,25.42,29.545,78,7.0015,76,178,254
12057,2,1,5,3,0,2,1,2,26.24,30.305,73,0,48,195,243
12058,2,1,5,3,0,2,1,2,26.24,30.305,73,7.0015,73,149,222
12059,2,1,5,3,0,2,1,1,28.7,32.575,61,6.0032,54,191,245
12060,2,1,5,3,0,2,1,1,27.88,31.82,61,7.0015,70,316,386
12061,2,1,5,3,0,2,1,1,29.52,33.335,54,0,69,716,785
12062,2,1,5,4,0,2,1,1,27.88,31.82,61,8.9981,76,709,785
12063,2,1,5,4,0,2,1,1,27.06,31.06,69,15.0013,44,320,364
12064,2,1,5,4,0,2,1,1,26.24,30.305,73,16.9979,54,319,373
12065,2,1,5,4,0,2,1,1,25.42,29.545,78,8.9981,28,233,261
12066,2,1,5,1,0,2,1,1,25.42,29.545,73,6.0032,17,157,174
12067,2,1,5,1,0,2,1,1,25.42,29.545,73,7.0015,14,91,105
12068,2,1,5,1,0,3,1,1,25.42,29.545,78,8.9981,19,28,47
12069,2,1,5,1,0,3,1,1,24.6,28.03,83,11.0014,23,9,32
12070,2,1,5,1,0,3,1,2,24.6,28.03,83,11.0014,2,10,12
12071,2,1,5,1,0,3,1,1,24.6,28.79,78,7.0015,0,5,5
12072,2,1,5,1,0,3,1,3,23.78,27.275,83,12.998,0,3,3
12073,2,1,5,1,0,3,1,3,22.96,26.515,88,16.9979,6,29,35
12074,2,1,5,1,0,3,1,1,22.96,26.515,88,7.0015,6,154,160
12075,2,1,5,2,0,3,1,1,23.78,27.275,83,0,16,452,468
12076,2,1,5,2,0,3,1,1,23.78,27.275,83,0,38,681,719
12077,2,1,5,2,0,3,1,2,25.42,29.545,78,0,39,258,297
12078,2,1,5,3,0,3,1,1,25.42,29.545,78,6.0032,52,139,191
12079,2,1,5,3,0,3,1,1,26.24,30.305,73,0,46,151,197
12080,2,1,5,3,0,3,1,2,27.06,31.06,69,6.0032,42,206,248
12081,2,1,5,3,0,3,1,2,27.06,31.06,74,11.0014,69,201,270
12082,2,1,5,3,0,3,1,1,27.88,31.82,65,8.9981,67,181,248
12083,2,1,5,3,0,3,1,2,28.7,32.575,61,0,65,192,257
12084,2,1,5,3,0,3,1,3,28.7,32.575,61,6.0032,62,216,278
12085,2,1,5,3,0,3,1,3,26.24,30.305,69,7.0015,45,240,285
12086,2,1,5,4,0,3,1,3,26.24,30.305,69,7.0015,31,296,327
12087,2,1,5,4,0,3,1,2,25.42,28.79,83,11.0014,40,336,376
12088,2,1,5,4,0,3,1,2,25.42,28.79,83,6.0032,28,267,295
12089,2,1,5,4,0,3,1,2,25.42,28.79,83,0,24,221,245
12090,2,1,5,1,0,3,1,2,25.42,28.79,83,11.0014,23,136,159
12091,2,1,5,1,0,3,1,1,24.6,28.03,83,8.9981,23,83,106
12092,2,1,5,1,0,4,1,1,24.6,28.03,83,6.0032,7,49,56
12093,2,1,5,1,0,4,1,1,24.6,27.275,88,6.0032,9,21,30
12094,2,1,5,1,0,4,1,1,24.6,27.275,88,0,1,15,16
12095,2,1,5,1,0,4,1,2,24.6,27.275,88,7.0015,1,3,4
12096,2,1,5,1,0,4,1,2,24.6,27.275,88,11.0014,0,5,5
12097,2,1,5,1,0,4,1,2,24.6,27.275,88,11.0014,1,29,30
12098,2,1,5,1,0,4,1,2,24.6,27.275,88,11.0014,10,146,156
12099,2,1,5,2,0,4,1,1,24.6,28.03,83,7.0015,22,393,415
12100,2,1,5,2,0,4,1,1,25.42,29.545,73,8.9981,33,659,692
12101,2,1,5,2,0,4,1,1,25.42,29.545,73,11.0014,34,267,301
12102,2,1,5,3,0,4,1,1,26.24,30.305,65,8.9981,47,138,185
12103,2,1,5,3,0,4,1,1,27.06,31.06,65,8.9981,61,160,221
12104,2,1,5,3,0,4,1,1,28.7,32.575,58,7.0015,76,213,289
12105,2,1,5,3,0,4,1,1,29.52,33.335,54,11.0014,69,233,302
12106,2,1,5,3,0,4,1,1,30.34,34.09,55,15.0013,72,180,252
12107,2,1,5,3,0,4,1,1,30.34,34.09,55,16.9979,69,222,291
12108,2,1,5,3,0,4,1,1,30.34,34.09,55,23.9994,61,329,390
12109,2,1,5,3,0,4,1,1,30.34,34.09,55,19.0012,120,678,798
12110,2,1,5,4,0,4,1,1,29.52,33.335,54,22.0028,118,634,752
12111,2,1,5,4,0,4,1,1,28.7,32.575,61,19.9995,76,416,492
12112,2,1,5,4,0,4,1,2,27.06,31.06,69,19.0012,55,343,398
12113,2,1,5,4,0,4,1,3,26.24,29.545,78,11.0014,48,237,285
12114,2,1,5,1,0,4,1,2,26.24,29.545,78,7.0015,33,210,243
12115,2,1,5,1,0,4,1,2,26.24,29.545,78,8.9981,36,131,167
12116,2,1,5,1,0,5,1,1,25.42,28.79,83,8.9981,10,63,73
12117,2,1,5,1,0,5,1,1,25.42,28.79,83,6.0032,8,34,42
12118,2,1,5,1,0,5,1,2,25.42,28.79,83,0,7,16,23
12119,2,1,5,1,0,5,1,2,25.42,28.03,88,7.0015,8,6,14
12120,2,1,5,1,0,5,1,2,25.42,28.03,88,0,3,6,9
12121,2,1,5,1,0,5,1,2,25.42,28.03,88,6.0032,2,28,30
12122,2,1,5,1,0,5,1,2,25.42,28.03,88,7.0015,5,108,113
12123,2,1,5,2,0,5,1,2,25.42,28.03,88,11.0014,7,352,359
12124,2,1,5,2,0,5,1,2,26.24,28.79,89,7.0015,32,551,583
12125,2,1,5,2,0,5,1,2,26.24,28.79,89,8.9981,52,288,340
12126,2,1,5,3,0,5,1,1,27.88,31.82,79,11.0014,69,163,232
12127,2,1,5,3,0,5,1,1,27.88,31.82,79,8.9981,90,193,283
12128,2,1,5,3,0,5,1,1,29.52,34.09,66,7.0015,84,237,321
12129,2,1,5,3,0,5,1,1,30.34,34.09,62,8.9981,86,247,333
12130,2,1,5,3,0,5,1,1,30.34,34.09,58,8.9981,104,263,367
12131,2,1,5,3,0,5,1,1,31.16,35.605,62,12.998,106,360,466
12132,2,1,5,3,0,5,1,1,31.98,35.605,52,15.0013,137,447,584
12133,2,1,5,3,0,5,1,1,31.16,35.605,62,19.0012,124,529,653
12134,2,1,5,4,0,5,1,1,31.16,35.605,62,12.998,131,391,522
12135,2,1,5,4,0,5,1,1,30.34,34.09,62,16.9979,111,293,404
12136,2,1,5,4,0,5,1,1,28.7,32.575,65,11.0014,80,270,350
12137,2,1,5,4,0,5,1,1,28.7,32.575,65,8.9981,62,193,255
12138,2,1,5,1,0,5,1,1,27.06,31.06,74,7.0015,65,147,212
12139,2,1,5,1,0,5,1,1,27.06,30.305,78,15.0013,34,132,166
12140,2,1,5,1,0,6,0,1,26.24,28.79,83,11.0014,18,98,116
12141,2,1,5,1,0,6,0,1,26.24,28.79,83,8.9981,18,64,82
12142,2,1,5,1,0,6,0,1,26.24,28.79,89,8.9981,9,55,64
12143,2,1,5,1,0,6,0,1,25.42,28.03,88,7.0015,9,22,31
12144,2,1,5,1,0,6,0,1,25.42,28.03,88,8.9981,0,2,2
12145,2,1,5,1,0,6,0,1,25.42,28.79,83,16.9979,0,10,10
12146,2,1,5,1,0,6,0,1,25.42,28.03,88,12.998,6,25,31
12147,2,1,5,2,0,6,0,2,25.42,28.03,88,11.0014,10,44,54
12148,2,1,5,2,0,6,0,1,26.24,29.545,78,8.9981,38,103,141
12149,2,1,5,2,0,6,0,1,26.24,28.79,83,12.998,97,192,289
12150,2,1,5,3,0,6,0,1,27.88,31.82,79,15.0013,181,256,437
12151,2,1,5,3,0,6,0,1,28.7,33.335,74,12.998,208,312,520
12152,2,1,5,3,0,6,0,1,30.34,34.85,66,15.0013,236,293,529
12153,2,1,5,3,0,6,0,1,31.16,36.365,66,12.998,265,274,539
12154,2,1,5,3,0,6,0,1,31.16,36.365,66,15.0013,307,257,564
12155,2,1,5,3,0,6,0,1,31.16,36.365,66,19.0012,274,239,513
12156,2,1,5,3,0,6,0,1,31.98,36.365,55,16.9979,261,243,504
12157,2,1,5,3,0,6,0,2,31.98,35.605,52,16.9979,235,227,462
12158,2,1,5,4,0,6,0,2,31.16,34.85,52,12.998,199,216,415
12159,2,1,5,4,0,6,0,2,30.34,34.85,66,15.0013,159,214,373
12160,2,1,5,4,0,6,0,2,30.34,34.09,55,12.998,103,152,255
12161,2,1,5,4,0,6,0,2,29.52,34.09,62,12.998,100,151,251
12162,2,1,5,1,0,6,0,1,28.7,33.335,74,16.9979,86,118,204
12163,2,1,5,1,0,6,0,1,28.7,33.335,74,16.9979,36,114,150
12164,2,1,5,1,0,0,0,2,27.88,31.82,69,11.0014,48,89,137
12165,2,1,5,1,0,0,0,1,27.06,31.06,74,15.0013,17,61,78
12166,2,1,5,1,0,0,0,1,26.24,30.305,73,15.0013,16,45,61
12167,2,1,5,1,0,0,0,1,26.24,30.305,73,11.0014,11,25,36
12168,2,1,5,1,0,0,0,1,25.42,28.79,83,12.998,4,7,11
12169,2,1,5,1,0,0,0,1,25.42,28.79,83,12.998,2,5,7
12170,2,1,5,1,0,0,0,1,25.42,28.79,83,11.0014,8,14,22
12171,2,1,5,2,0,0,0,1,25.42,28.03,88,11.0014,22,30,52
12172,2,1,5,2,0,0,0,1,26.24,28.79,83,12.998,69,82,151
12173,2,1,5,2,0,0,0,1,27.06,30.305,83,15.0013,130,140,270
12174,2,1,5,3,0,0,0,1,27.88,31.82,74,16.9979,209,215,424
12175,2,1,5,3,0,0,0,1,29.52,34.09,66,15.0013,268,251,519
12176,2,1,5,3,0,0,0,1,30.34,34.85,66,16.9979,301,269,570
12177,2,1,5,3,0,0,0,1,31.16,35.605,58,12.998,270,228,498
12178,2,1,5,3,0,0,0,1,31.16,35.605,58,16.9979,317,230,547
12179,2,1,5,3,0,0,0,1,31.98,35.605,52,19.0012,290,245,535
12180,2,1,5,3,0,0,0,1,31.98,35.605,52,19.0012,258,243,501
12181,2,1,5,3,0,0,0,1,31.98,35.605,49,19.9995,275,247,522
12182,2,1,5,4,0,0,0,1,31.16,35.605,58,19.9995,266,252,518
12183,2,1,5,4,0,0,0,1,31.16,35.605,58,12.998,230,212,442
12184,2,1,5,4,0,0,0,1,30.34,34.09,55,11.0014,168,224,392
12185,2,1,5,4,0,0,0,3,27.06,31.06,69,27.9993,64,79,143
12186,2,1,5,1,0,0,0,3,25.42,28.79,83,0,9,50,59
12187,2,1,5,1,0,0,0,3,25.42,28.79,83,8.9981,31,65,96
12188,2,1,5,1,1,1,0,1,25.42,28.79,83,15.0013,21,44,65
12189,2,1,5,1,1,1,0,2,25.42,29.545,78,19.9995,14,45,59
12190,2,1,5,1,1,1,0,1,24.6,28.03,83,15.0013,20,28,48
12191,2,1,5,1,1,1,0,1,25.42,29.545,73,11.0014,6,12,18
12192,2,1,5,1,1,1,0,1,24.6,28.79,78,8.9981,2,4,6
12193,2,1,5,1,1,1,0,1,24.6,28.79,78,8.9981,4,5,9
12194,2,1,5,1,1,1,0,1,25.42,29.545,73,11.0014,6,14,20
12195,2,1,5,2,1,1,0,1,25.42,29.545,78,7.0015,24,43,67
12196,2,1,5,2,1,1,0,1,27.06,31.06,69,0,62,93,155
12197,2,1,5,2,1,1,0,1,28.7,32.575,61,0,121,142,263
12198,2,1,5,3,1,1,0,1,28.7,32.575,61,0,189,175,364
12199,2,1,5,3,1,1,0,1,29.52,34.09,66,8.9981,254,222,476
12200,2,1,5,3,1,1,0,1,31.16,35.605,62,8.9981,233,292,525
12201,2,1,5,3,1,1,0,1,32.8,39.395,63,19.0012,272,284,556
12202,2,1,5,3,1,1,0,1,32.8,39.395,63,19.0012,238,227,465
12203,2,1,5,3,1,1,0,1,33.62,39.395,56,19.9995,181,279,460
12204,2,1,5,3,1,1,0,1,33.62,39.395,56,22.0028,223,278,501
12205,2,1,5,3,1,1,0,1,33.62,39.395,56,19.9995,158,247,405
12206,2,1,5,4,1,1,0,1,32.8,38.635,59,19.9995,132,251,383
12207,2,1,5,4,1,1,0,1,32.8,37.88,55,19.9995,148,247,395
12208,2,1,5,4,1,1,0,1,31.98,37.12,62,19.9995,114,203,317
12209,2,1,5,4,1,1,0,1,31.16,36.365,66,19.0012,66,181,247
12210,2,1,5,1,1,1,0,1,30.34,34.85,70,11.0014,47,110,157
12211,2,1,5,1,1,1,0,1,29.52,34.85,74,11.0014,22,60,82
12212,2,1,5,1,0,2,1,1,28.7,33.335,79,12.998,12,33,45
12213,2,1,5,1,0,2,1,1,28.7,33.335,79,12.998,1,13,14
12214,2,1,5,1,0,2,1,1,27.88,31.82,83,8.9981,0,8,8
12215,2,1,5,1,0,2,1,1,27.88,31.82,79,19.0012,1,2,3
12216,2,1,5,1,0,2,1,1,27.06,30.305,78,15.0013,0,5,5
12217,2,1,5,1,0,2,1,1,27.06,30.305,78,15.0013,1,32,33
12218,2,1,5,1,0,2,1,1,27.06,30.305,78,15.0013,9,145,154
12219,2,1,5,2,0,2,1,1,27.06,30.305,78,15.0013,19,431,450
12220,2,1,5,2,0,2,1,1,28.7,33.335,74,12.998,46,588,634
12221,2,1,5,2,0,2,1,1,29.52,34.09,70,16.9979,26,231,257
12222,2,1,5,3,0,2,1,1,30.34,34.85,70,19.9995,67,116,183
12223,2,1,5,3,0,2,1,1,31.16,35.605,62,19.9995,50,147,197
12224,2,1,5,3,0,2,1,1,32.8,37.88,55,22.0028,56,181,237
12225,2,1,5,3,0,2,1,1,33.62,38.635,52,26.0027,63,176,239
12226,2,1,5,3,0,2,1,1,33.62,38.635,52,27.9993,80,158,238
12227,2,1,5,3,0,2,1,1,33.62,38.635,49,26.0027,71,185,256
12228,2,1,5,3,0,2,1,1,33.62,38.635,49,32.9975,73,320,393
12229,2,1,5,3,0,2,1,1,33.62,37.88,46,27.9993,107,674,781
12230,2,1,5,4,0,2,1,1,32.8,37.12,49,32.9975,78,632,710
12231,2,1,5,4,0,2,1,1,31.98,35.605,52,23.9994,69,457,526
12232,2,1,5,4,0,2,1,3,28.7,32.575,61,35.0008,36,168,204
12233,2,1,5,4,0,2,1,3,24.6,27.275,88,30.0026,3,68,71
12234,2,1,5,1,0,2,1,2,25.42,28.03,88,6.0032,2,53,55
12235,2,1,5,1,0,2,1,3,25.42,27.275,94,0,10,40,50
12236,2,1,5,1,0,3,1,3,26.24,28.79,89,7.0015,4,32,36
12237,2,1,5,1,0,3,1,3,26.24,28.79,89,12.998,0,4,4
12238,2,1,5,1,0,3,1,3,25.42,27.275,94,6.0032,1,4,5
12239,2,1,5,1,0,3,1,3,25.42,28.03,88,8.9981,0,5,5
12240,2,1,5,1,0,3,1,2,25.42,28.03,88,8.9981,0,6,6
12241,2,1,5,1,0,3,1,2,25.42,29.545,78,8.9981,1,40,41
12242,2,1,5,1,0,3,1,2,24.6,28.79,78,7.0015,5,139,144
12243,2,1,5,2,0,3,1,3,24.6,28.79,78,12.998,14,469,483
12244,2,1,5,2,0,3,1,2,24.6,29.545,73,11.0014,29,642,671
12245,2,1,5,2,0,3,1,2,25.42,30.305,69,12.998,23,282,305
12246,2,1,5,3,0,3,1,2,25.42,30.305,69,19.0012,39,138,177
12247,2,1,5,3,0,3,1,2,27.06,31.06,65,12.998,53,155,208
12248,2,1,5,3,0,3,1,1,28.7,32.575,54,0,33,220,253
12249,2,1,5,3,0,3,1,1,28.7,32.575,51,0,53,236,289
12250,2,1,5,3,0,3,1,1,29.52,32.575,42,8.9981,44,208,252
12251,2,1,5,3,0,3,1,1,29.52,33.335,51,8.9981,54,221,275
12252,2,1,5,3,0,3,1,1,29.52,33.335,51,11.0014,46,352,398
12253,2,1,5,3,0,3,1,1,30.34,33.335,48,6.0032,83,756,839
12254,2,1,5,4,0,3,1,1,30.34,33.335,48,11.0014,50,746,796
12255,2,1,5,4,0,3,1,1,29.52,33.335,54,11.0014,50,506,556
12256,2,1,5,4,0,3,1,2,22.14,25.76,60,8.9981,57,374,431
12257,2,1,5,4,0,3,1,1,27.88,31.82,57,7.0015,41,263,304
12258,2,1,5,1,0,3,1,1,27.06,31.06,69,7.0015,26,191,217
12259,2,1,5,1,0,3,1,1,27.06,31.06,65,7.0015,39,121,160
12260,2,1,5,1,0,4,1,1,26.24,30.305,69,8.9981,13,48,61
12261,2,1,5,1,0,4,1,1,26.24,30.305,69,6.0032,4,22,26
12262,2,1,5,1,0,4,1,1,26.24,30.305,65,6.0032,6,8,14
12263,2,1,5,1,0,4,1,1,25.42,30.305,69,6.0032,0,8,8
12264,2,1,5,1,0,4,1,1,25.42,30.305,69,0,0,8,8
12265,2,1,5,1,0,4,1,1,25.42,30.305,69,16.9979,1,32,33
12266,2,1,5,1,0,4,1,1,24.6,29.545,73,15.0013,7,171,178
12267,2,1,5,2,0,4,1,1,24.6,30.305,64,19.0012,18,489,507
12268,2,1,5,2,0,4,1,1,25.42,31.06,57,16.9979,18,675,693
12269,2,1,5,2,0,4,1,1,27.06,31.06,47,16.9979,47,264,311
12270,2,1,5,3,0,4,1,1,28.7,31.82,39,26.0027,65,155,220
12271,2,1,5,3,0,4,1,1,29.52,32.575,37,19.0012,65,153,218
12272,2,1,5,3,0,4,1,1,29.52,32.575,37,12.998,62,230,292
12273,2,1,5,3,0,4,1,1,30.34,32.575,35,8.9981,77,216,293
12274,2,1,5,3,0,4,1,1,31.16,33.335,31,12.998,61,193,254
12275,2,1,5,3,0,4,1,1,31.16,33.335,33,19.9995,81,209,290
12276,2,1,5,3,0,4,1,1,31.16,33.335,33,19.0012,103,384,487
12277,2,1,5,3,0,4,1,1,31.16,33.335,31,11.0014,85,742,827
12278,2,1,5,4,0,4,1,1,30.34,32.575,30,12.998,85,700,785
12279,2,1,5,4,0,4,1,1,29.52,32.575,34,11.0014,104,487,591
12280,2,1,5,4,0,4,1,1,27.88,31.82,44,11.0014,88,391,479
12281,2,1,5,4,0,4,1,1,27.88,31.82,44,11.0014,41,318,359
12282,2,1,5,1,0,4,1,1,27.06,31.06,50,11.0014,43,221,264
12283,2,1,5,1,0,4,1,1,27.06,31.06,54,15.0013,26,114,140
12284,2,1,6,1,0,5,1,1,27.06,31.06,50,16.9979,10,76,86
12285,2,1,6,1,0,5,1,1,26.24,31.06,53,15.0013,0,34,34
12286,2,1,6,1,0,5,1,1,26.24,31.06,57,15.0013,3,13,16
12287,2,1,6,1,0,5,1,2,25.42,29.545,73,6.0032,0,4,4
12288,2,1,6,1,0,5,1,2,25.42,29.545,73,6.0032,1,5,6
12289,2,1,6,1,0,5,1,2,25.42,29.545,78,6.0032,4,41,45
12290,2,1,6,1,0,5,1,3,25.42,28.03,88,8.9981,5,136,141
12291,2,1,6,2,0,5,1,2,26.24,28.79,89,12.998,33,369,402
12292,2,1,6,2,0,5,1,2,26.24,28.79,89,12.998,19,675,694
12293,2,1,6,2,0,5,1,2,26.24,28.79,83,15.0013,24,274,298
12294,2,1,6,3,0,5,1,2,27.06,30.305,78,19.0012,49,155,204
12295,2,1,6,3,0,5,1,2,28.7,33.335,74,19.0012,42,193,235
12296,2,1,6,3,0,5,1,2,28.7,33.335,74,23.9994,72,238,310
12297,2,1,6,3,0,5,1,1,29.52,34.09,70,19.9995,76,240,316
12298,2,1,6,3,0,5,1,3,29.52,34.09,66,19.0012,55,199,254
12299,2,1,6,3,0,5,1,3,29.52,34.09,66,19.0012,45,213,258
12300,2,1,6,3,0,5,1,3,30.34,34.09,58,30.0026,36,186,222
12301,2,1,6,3,0,5,1,3,28.7,32.575,70,16.9979,25,202,227
12302,2,1,6,4,0,5,1,3,25.42,28.03,88,23.9994,10,100,110
12303,2,1,6,4,0,5,1,3,25.42,28.03,88,23.9994,4,41,45
12304,2,1,6,4,0,5,1,3,25.42,27.275,94,16.9979,1,38,39
12305,2,1,6,4,0,5,1,3,26.24,29.545,78,16.9979,12,73,85
12306,2,1,6,1,0,5,1,3,24.6,27.275,88,8.9981,1,22,23
12307,2,1,6,1,0,5,1,3,24.6,27.275,88,8.9981,6,67,73
12308,2,1,6,1,0,6,0,2,22.96,26.515,83,8.9981,5,81,86
12309,2,1,6,1,0,6,0,2,22.96,26.515,83,7.0015,15,61,76
12310,2,1,6,1,0,6,0,2,22.14,25.76,88,0,3,38,41
12311,2,1,6,1,0,6,0,1,22.96,26.515,73,16.9979,8,18,26
12312,2,1,6,1,0,6,0,1,22.14,25.76,68,19.0012,2,11,13
12313,2,1,6,1,0,6,0,1,20.5,24.24,72,12.998,1,11,12
12314,2,1,6,1,0,6,0,2,20.5,24.24,77,12.998,5,31,36
12315,2,1,6,2,0,6,0,1,21.32,25,72,7.0015,9,77,86
12316,2,1,6,2,0,6,0,1,22.14,25.76,64,11.0014,30,180,210
12317,2,1,6,2,0,6,0,1,22.96,26.515,60,16.9979,89,243,332
12318,2,1,6,3,0,6,0,1,24.6,31.06,53,19.9995,145,348,493
12319,2,1,6,3,0,6,0,1,23.78,27.275,46,19.0012,179,357,536
12320,2,1,6,3,0,6,0,1,25.42,31.06,43,23.9994,250,418,668
12321,2,1,6,3,0,6,0,1,25.42,31.06,41,16.9979,279,400,679
12322,2,1,6,3,0,6,0,1,26.24,31.06,38,19.9995,259,388,647
12323,2,1,6,3,0,6,0,1,26.24,31.06,38,16.9979,297,405,702
12324,2,1,6,3,0,6,0,1,26.24,31.06,38,16.9979,275,369,644
12325,2,1,6,3,0,6,0,1,26.24,31.06,36,0,248,338,586
12326,2,1,6,4,0,6,0,1,26.24,31.06,36,0,171,341,512
12327,2,1,6,4,0,6,0,1,26.24,31.06,36,11.0014,185,369,554
12328,2,1,6,4,0,6,0,1,25.42,31.06,35,19.0012,139,260,399
12329,2,1,6,4,0,6,0,1,24.6,31.06,40,7.0015,96,220,316
12330,2,1,6,1,0,6,0,1,23.78,27.275,46,8.9981,52,176,228
12331,2,1,6,1,0,6,0,1,22.96,26.515,52,7.0015,53,185,238
12332,2,1,6,1,0,0,0,1,22.14,25.76,60,11.0014,27,142,169
12333,2,1,6,1,0,0,0,1,22.14,25.76,56,8.9981,21,100,121
12334,2,1,6,1,0,0,0,1,21.32,25,59,7.0015,22,67,89
12335,2,1,6,1,0,0,0,1,21.32,25,63,7.0015,16,34,50
12336,2,1,6,1,0,0,0,1,20.5,24.24,72,6.0032,1,12,13
12337,2,1,6,1,0,0,0,1,20.5,24.24,68,0,1,11,12
12338,2,1,6,1,0,0,0,1,18.86,22.725,82,7.0015,6,16,22
12339,2,1,6,2,0,0,0,1,20.5,24.24,68,7.0015,6,29,35
12340,2,1,6,2,0,0,0,1,22.14,25.76,60,6.0032,30,110,140
12341,2,1,6,2,0,0,0,1,24.6,31.06,46,12.998,70,230,300
12342,2,1,6,3,0,0,0,1,25.42,31.06,43,15.0013,127,277,404
12343,2,1,6,3,0,0,0,1,26.24,31.06,41,16.9979,199,312,511
12344,2,1,6,3,0,0,0,1,27.06,31.06,39,19.9995,276,408,684
12345,2,1,6,3,0,0,0,1,27.88,31.82,36,19.0012,265,421,686
12346,2,1,6,3,0,0,0,1,27.88,31.82,36,22.0028,267,411,678
12347,2,1,6,3,0,0,0,1,28.7,31.82,34,0,236,408,644
12348,2,1,6,3,0,0,0,1,28.7,31.82,34,19.9995,226,436,662
12349,2,1,6,3,0,0,0,1,28.7,31.82,34,16.9979,192,386,578
12350,2,1,6,4,0,0,0,1,28.7,31.82,34,16.9979,153,343,496
12351,2,1,6,4,0,0,0,1,27.88,31.82,34,19.0012,116,337,453
12352,2,1,6,4,0,0,0,1,27.06,31.06,39,12.998,84,230,314
12353,2,1,6,4,0,0,0,1,25.42,31.06,43,11.0014,66,180,246
12354,2,1,6,1,0,0,0,1,25.42,31.06,50,26.0027,61,165,226
12355,2,1,6,1,0,0,0,1,23.78,27.275,53,7.0015,26,82,108
12356,2,1,6,1,0,1,1,1,23.78,27.275,53,0,11,38,49
12357,2,1,6,1,0,1,1,3,22.96,26.515,60,11.0014,4,10,14
12358,2,1,6,1,0,1,1,1,22.96,26.515,60,15.0013,1,10,11
12359,2,1,6,1,0,1,1,2,22.96,26.515,60,11.0014,0,5,5
12360,2,1,6,1,0,1,1,1,22.14,25.76,64,6.0032,2,6,8
12361,2,1,6,1,0,1,1,1,21.32,25,68,0,2,33,35
12362,2,1,6,1,0,1,1,1,21.32,25,68,0,4,135,139
12363,2,1,6,2,0,1,1,1,22.96,26.515,60,15.0013,13,504,517
12364,2,1,6,2,0,1,1,1,24.6,31.06,49,15.0013,22,643,665
12365,2,1,6,2,0,1,1,1,25.42,31.06,43,19.0012,38,244,282
12366,2,1,6,3,0,1,1,1,26.24,31.06,41,31.0009,67,120,187
12367,2,1,6,3,0,1,1,1,26.24,31.06,38,32.9975,71,168,239
12368,2,1,6,3,0,1,1,1,26.24,31.06,41,30.0026,62,220,282
12369,2,1,6,3,0,1,1,1,26.24,31.06,41,23.9994,85,189,274
12370,2,1,6,3,0,1,1,1,25.42,31.06,41,32.9975,84,186,270
12371,2,1,6,3,0,1,1,1,27.06,31.06,39,19.9995,77,215,292
12372,2,1,6,3,0,1,1,1,27.06,31.06,39,31.0009,73,375,448
12373,2,1,6,3,0,1,1,1,26.24,31.06,38,30.0026,101,733,834
12374,2,1,6,4,0,1,1,1,26.24,31.06,38,26.0027,103,719,822
12375,2,1,6,4,0,1,1,1,25.42,31.06,38,27.9993,91,554,645
12376,2,1,6,4,0,1,1,1,24.6,31.06,40,23.9994,71,390,461
12377,2,1,6,4,0,1,1,1,23.78,27.275,49,16.9979,40,225,265
12378,2,1,6,1,0,1,1,1,22.96,26.515,52,19.0012,41,127,168
12379,2,1,6,1,0,1,1,1,23.78,27.275,49,19.9995,8,78,86
12380,2,1,6,1,0,2,1,1,22.14,25.76,68,27.9993,6,28,34
12381,2,1,6,1,0,2,1,2,21.32,25,77,22.0028,2,18,20
12382,2,1,6,1,0,2,1,3,21.32,25,72,19.9995,0,8,8
12383,2,1,6,1,0,2,1,3,20.5,24.24,82,12.998,0,5,5
12384,2,1,6,1,0,2,1,3,20.5,24.24,82,12.998,1,4,5
12385,2,1,6,1,0,2,1,3,19.68,23.485,82,11.0014,1,35,36
12386,2,1,6,1,0,2,1,1,19.68,23.485,82,16.9979,7,177,184
12387,2,1,6,2,0,2,1,1,19.68,23.485,77,19.9995,29,540,569
12388,2,1,6,2,0,2,1,2,19.68,23.485,77,15.0013,30,680,710
12389,2,1,6,2,0,2,1,2,21.32,25,72,16.9979,50,285,335
12390,2,1,6,3,0,2,1,2,21.32,25,63,19.9995,58,118,176
12391,2,1,6,3,0,2,1,2,22.96,26.515,56,12.998,65,162,227
12392,2,1,6,3,0,2,1,2,22.14,25.76,56,15.0013,45,202,247
12393,2,1,6,3,0,2,1,2,24.6,31.06,46,11.0014,66,201,267
12394,2,1,6,3,0,2,1,2,23.78,27.275,46,11.0014,82,194,276
12395,2,1,6,3,0,2,1,2,23.78,27.275,46,8.9981,54,218,272
12396,2,1,6,3,0,2,1,1,24.6,31.06,43,12.998,91,382,473
12397,2,1,6,3,0,2,1,1,24.6,31.06,43,0,86,764,850
12398,2,1,6,4,0,2,1,1,24.6,31.06,43,12.998,111,679,790
12399,2,1,6,4,0,2,1,1,23.78,27.275,46,16.9979,68,445,513
12400,2,1,6,4,0,2,1,1,22.96,26.515,49,15.0013,44,371,415
12401,2,1,6,4,0,2,1,1,22.14,25.76,56,11.0014,30,253,283
12402,2,1,6,1,0,2,1,1,22.96,26.515,52,7.0015,22,171,193
12403,2,1,6,1,0,2,1,1,22.14,25.76,56,6.0032,20,93,113
12404,2,1,6,1,0,3,1,1,21.32,25,59,6.0032,3,46,49
12405,2,1,6,1,0,3,1,1,21.32,25,68,0,6,21,27
12406,2,1,6,1,0,3,1,1,20.5,24.24,68,0,4,7,11
12407,2,1,6,1,0,3,1,1,18.86,22.725,82,0,0,8,8
12408,2,1,6,1,0,3,1,1,18.86,22.725,82,7.0015,3,7,10
12409,2,1,6,1,0,3,1,1,19.68,23.485,77,0,1,37,38
12410,2,1,6,1,0,3,1,1,19.68,23.485,77,0,7,165,172
12411,2,1,6,2,0,3,1,1,20.5,24.24,72,0,16,531,547
12412,2,1,6,2,0,3,1,1,22.14,25.76,68,0,31,637,668
12413,2,1,6,2,0,3,1,1,22.96,26.515,60,6.0032,35,268,303
12414,2,1,6,3,0,3,1,1,24.6,31.06,46,6.0032,55,148,203
12415,2,1,6,3,0,3,1,1,25.42,31.06,43,6.0032,65,161,226
12416,2,1,6,3,0,3,1,1,25.42,31.06,38,0,80,235,315
12417,2,1,6,3,0,3,1,1,25.42,31.06,41,6.0032,73,230,303
12418,2,1,6,3,0,3,1,1,26.24,31.06,38,0,111,191,302
12419,2,1,6,3,0,3,1,1,26.24,31.06,38,0,75,225,300
12420,2,1,6,3,0,3,1,1,26.24,31.06,41,8.9981,107,345,452
12421,2,1,6,3,0,3,1,1,25.42,31.06,43,8.9981,72,652,724
12422,2,1,6,4,0,3,1,3,24.6,31.06,53,12.998,94,688,782
12423,2,1,6,4,0,3,1,1,22.96,26.515,73,19.9995,52,486,538
12424,2,1,6,4,0,3,1,1,22.14,25.76,73,19.0012,59,349,408
12425,2,1,6,4,0,3,1,1,22.14,25.76,73,11.0014,38,260,298
12426,2,1,6,1,0,3,1,1,21.32,25,77,6.0032,27,221,248
12427,2,1,6,1,0,3,1,1,21.32,25,77,0,13,110,123
12428,2,1,6,1,0,4,1,1,21.32,25,77,8.9981,9,50,59
12429,2,1,6,1,0,4,1,1,21.32,25,77,11.0014,5,17,22
12430,2,1,6,1,0,4,1,1,21.32,25,77,6.0032,0,12,12
12431,2,1,6,1,0,4,1,1,20.5,24.24,77,7.0015,0,5,5
12432,2,1,6,1,0,4,1,1,18.86,22.725,88,7.0015,0,6,6
12433,2,1,6,1,0,4,1,1,19.68,23.485,82,6.0032,0,34,34
12434,2,1,6,1,0,4,1,1,18.86,22.725,88,7.0015,5,165,170
12435,2,1,6,2,0,4,1,1,20.5,24.24,82,11.0014,20,506,526
12436,2,1,6,2,0,4,1,1,21.32,25,77,0,20,661,681
12437,2,1,6,2,0,4,1,1,23.78,27.275,68,0,37,300,337
12438,2,1,6,3,0,4,1,1,24.6,30.305,64,6.0032,56,154,210
12439,2,1,6,3,0,4,1,1,27.06,31.06,47,15.0013,67,170,237
12440,2,1,6,3,0,4,1,1,28.7,31.82,42,0,62,274,336
12441,2,1,6,3,0,4,1,1,28.7,31.82,37,19.0012,65,250,315
12442,2,1,6,3,0,4,1,1,29.52,32.575,37,16.9979,67,198,265
12443,2,1,6,3,0,4,1,1,30.34,32.575,30,0,99,234,333
12444,2,1,6,3,0,4,1,1,29.52,32.575,34,15.0013,77,389,466
12445,2,1,6,3,0,4,1,1,29.52,32.575,34,16.9979,91,778,869
12446,2,1,6,4,0,4,1,1,28.7,31.82,34,19.0012,110,703,813
12447,2,1,6,4,0,4,1,1,28.7,31.82,34,19.0012,65,537,602
12448,2,1,6,4,0,4,1,1,27.06,31.06,36,19.9995,76,402,478
12449,2,1,6,4,0,4,1,1,25.42,31.06,41,22.0028,30,283,313
12450,2,1,6,1,0,4,1,1,24.6,31.06,46,11.0014,35,193,228
12451,2,1,6,1,0,4,1,1,22.96,26.515,52,8.9981,42,135,177
12452,2,1,6,1,0,5,1,1,22.96,26.515,56,11.0014,18,59,77
12453,2,1,6,1,0,5,1,1,22.96,26.515,56,11.0014,4,25,29
12454,2,1,6,1,0,5,1,1,22.96,26.515,56,0,2,17,19
12455,2,1,6,1,0,5,1,1,22.14,25.76,60,6.0032,0,8,8
12456,2,1,6,1,0,5,1,1,21.32,25,63,0,1,9,10
12457,2,1,6,1,0,5,1,1,20.5,24.24,72,7.0015,1,28,29
12458,2,1,6,1,0,5,1,1,21.32,25,68,6.0032,8,131,139
12459,2,1,6,2,0,5,1,1,21.32,25,72,7.0015,19,409,428
12460,2,1,6,2,0,5,1,1,23.78,27.275,60,6.0032,37,663,700
12461,2,1,6,2,0,5,1,1,25.42,31.06,53,11.0014,47,335,382
12462,2,1,6,3,0,5,1,1,27.06,31.06,47,16.9979,62,187,249
12463,2,1,6,3,0,5,1,1,28.7,31.82,42,16.9979,65,199,264
12464,2,1,6,3,0,5,1,1,29.52,32.575,39,22.0028,89,280,369
12465,2,1,6,3,0,5,1,1,30.34,32.575,37,16.9979,129,287,416
12466,2,1,6,3,0,5,1,1,31.16,33.335,31,26.0027,128,245,373
12467,2,1,6,3,0,5,1,1,31.16,33.335,29,19.0012,98,299,397
12468,2,1,6,3,0,5,1,1,31.16,33.335,29,19.9995,111,412,523
12469,2,1,6,3,0,5,1,1,31.16,33.335,29,12.998,114,679,793
12470,2,1,6,4,0,5,1,1,31.16,33.335,27,15.0013,147,576,723
12471,2,1,6,4,0,5,1,1,30.34,32.575,30,15.0013,95,460,555
12472,2,1,6,4,0,5,1,1,29.52,32.575,32,8.9981,117,291,408
12473,2,1,6,4,0,5,1,1,28.7,31.82,37,8.9981,83,256,339
12474,2,1,6,1,0,5,1,1,27.88,31.82,41,7.0015,61,230,291
12475,2,1,6,1,0,5,1,1,26.24,31.06,57,11.0014,52,163,215
12476,2,1,6,1,0,6,0,1,26.24,31.06,53,7.0015,54,152,206
12477,2,1,6,1,0,6,0,1,26.24,31.06,53,6.0032,34,89,123
12478,2,1,6,1,0,6,0,1,26.24,31.06,50,15.0013,21,68,89
12479,2,1,6,1,0,6,0,1,25.42,31.06,57,0,12,28,40
12480,2,1,6,1,0,6,0,1,25.42,31.06,57,0,2,6,8
12481,2,1,6,1,0,6,0,1,24.6,31.06,56,7.0015,4,15,19
12482,2,1,6,1,0,6,0,1,22.96,26.515,64,7.0015,17,63,80
12483,2,1,6,2,0,6,0,1,23.78,27.275,64,7.0015,26,61,87
12484,2,1,6,2,0,6,0,1,25.42,30.305,61,7.0015,42,202,244
12485,2,1,6,2,0,6,0,1,26.24,31.06,57,11.0014,99,241,340
12486,2,1,6,3,0,6,0,1,28.7,32.575,51,7.0015,168,298,466
12487,2,1,6,3,0,6,0,1,31.16,33.335,35,0,218,351,569
12488,2,1,6,3,0,6,0,1,32.8,34.85,29,16.9979,196,335,531
12489,2,1,6,3,0,6,0,1,33.62,34.85,24,19.0012,236,349,585
12490,2,1,6,3,0,6,0,1,33.62,34.85,23,12.998,239,354,593
12491,2,1,6,3,0,6,0,1,34.44,35.605,20,19.9995,218,337,555
12492,2,1,6,3,0,6,0,1,33.62,34.85,24,12.998,219,315,534
12493,2,1,6,3,0,6,0,1,34.44,35.605,24,0,238,257,495
12494,2,1,6,4,0,6,0,1,33.62,34.85,24,15.0013,175,276,451
12495,2,1,6,4,0,6,0,1,32.8,34.85,29,11.0014,128,232,360
12496,2,1,6,4,0,6,0,1,31.16,33.335,35,15.0013,125,238,363
12497,2,1,6,4,0,6,0,1,30.34,32.575,40,12.998,105,211,316
12498,2,1,6,1,0,6,0,1,28.7,32.575,58,11.0014,63,151,214
12499,2,1,6,1,0,6,0,1,27.88,31.82,61,11.0014,69,161,230
12500,2,1,6,1,0,0,0,1,27.06,31.06,69,7.0015,33,125,158
12501,2,1,6,1,0,0,0,1,26.24,30.305,73,8.9981,32,84,116
12502,2,1,6,1,0,0,0,1,26.24,30.305,69,8.9981,17,56,73
12503,2,1,6,1,0,0,0,1,26.24,30.305,73,7.0015,6,23,29
12504,2,1,6,1,0,0,0,1,25.42,29.545,78,6.0032,1,9,10
12505,2,1,6,1,0,0,0,1,25.42,30.305,69,6.0032,3,10,13
12506,2,1,6,1,0,0,0,1,25.42,29.545,73,0,3,27,30
12507,2,1,6,2,0,0,0,1,24.6,28.79,78,7.0015,21,41,62
12508,2,1,6,2,0,0,0,1,26.24,30.305,73,6.0032,59,122,181
12509,2,1,6,2,0,0,0,1,28.7,32.575,58,0,91,175,266
12510,2,1,6,3,0,0,0,1,31.16,34.09,40,7.0015,148,265,413
12511,2,1,6,3,0,0,0,1,31.16,34.09,45,6.0032,184,315,499
12512,2,1,6,3,0,0,0,1,33.62,35.605,30,0,173,329,502
12513,2,1,6,3,0,0,0,1,34.44,36.365,28,8.9981,204,288,492
12514,2,1,6,3,0,0,0,1,34.44,36.365,30,8.9981,186,314,500
12515,2,1,6,3,0,0,0,1,34.44,36.365,30,15.0013,159,316,475
12516,2,1,6,3,0,0,0,1,34.44,37.12,36,19.0012,173,335,508
12517,2,1,6,3,0,0,0,1,33.62,37.12,41,19.0012,184,337,521
12518,2,1,6,4,0,0,0,1,33.62,36.365,38,15.0013,164,326,490
12519,2,1,6,4,0,0,0,1,33.62,35.605,28,19.0012,115,260,375
12520,2,1,6,4,0,0,0,1,31.16,34.09,48,11.0014,113,250,363
12521,2,1,6,4,0,0,0,1,29.52,34.09,62,11.0014,83,170,253
12522,2,1,6,1,0,0,0,1,28.7,32.575,65,11.0014,42,117,159
12523,2,1,6,1,0,0,0,1,29.52,33.335,58,7.0015,30,80,110
12524,2,1,6,1,0,1,1,1,28.7,32.575,65,7.0015,8,33,41
12525,2,1,6,1,0,1,1,1,27.06,31.06,74,11.0014,9,15,24
12526,2,1,6,1,0,1,1,1,27.06,31.06,74,7.0015,5,12,17
12527,2,1,6,1,0,1,1,1,26.24,29.545,78,7.0015,2,4,6
12528,2,1,6,1,0,1,1,1,26.24,29.545,78,8.9981,0,7,7
12529,2,1,6,1,0,1,1,1,26.24,29.545,78,8.9981,1,36,37
12530,2,1,6,1,0,1,1,1,25.42,28.79,83,7.0015,8,136,144
12531,2,1,6,2,0,1,1,1,26.24,29.545,78,7.0015,25,478,503
12532,2,1,6,2,0,1,1,1,27.06,31.06,74,8.9981,38,613,651
12533,2,1,6,2,0,1,1,1,28.7,32.575,65,8.9981,57,259,316
12534,2,1,6,3,0,1,1,1,29.52,34.09,62,11.0014,52,95,147
12535,2,1,6,3,0,1,1,2,31.16,34.09,48,15.0013,59,143,202
12536,2,1,6,3,0,1,1,2,32.8,36.365,43,12.998,63,198,261
12537,2,1,6,3,0,1,1,2,32.8,35.605,41,19.9995,63,185,248
12538,2,1,6,3,0,1,1,2,33.62,36.365,34,19.0012,66,193,259
12539,2,1,6,3,0,1,1,1,32.8,35.605,41,23.9994,72,187,259
12540,2,1,6,3,0,1,1,2,32.8,35.605,41,27.9993,87,340,427
12541,2,1,6,3,0,1,1,2,32.8,35.605,41,23.9994,85,715,800
12542,2,1,6,4,0,1,1,2,32.8,36.365,43,19.9995,105,726,831
12543,2,1,6,4,0,1,1,2,31.16,34.09,48,22.0028,89,507,596
12544,2,1,6,4,0,1,1,2,30.34,33.335,48,15.0013,61,333,394
12545,2,1,6,4,0,1,1,2,29.52,33.335,58,12.998,32,218,250
12546,2,1,6,1,0,1,1,2,29.52,33.335,58,12.998,22,142,164
12547,2,1,6,1,0,1,1,2,28.7,32.575,58,15.0013,8,72,80
12548,2,1,6,1,0,2,1,2,28.7,32.575,58,15.0013,2,26,28
12549,2,1,6,1,0,2,1,2,27.88,31.82,65,11.0014,5,11,16
12550,2,1,6,1,0,2,1,2,27.88,31.82,65,12.998,0,6,6
12551,2,1,6,1,0,2,1,2,27.06,31.06,69,16.9979,3,9,12
12552,2,1,6,1,0,2,1,3,24.6,27.275,88,11.0014,0,4,4
12553,2,1,6,1,0,2,1,3,24.6,27.275,88,8.9981,1,28,29
12554,2,1,6,1,0,2,1,2,24.6,27.275,88,8.9981,6,130,136
12555,2,1,6,2,0,2,1,3,25.42,28.03,88,16.9979,16,287,303
12556,2,1,6,2,0,2,1,2,25.42,28.03,88,15.0013,15,598,613
12557,2,1,6,2,0,2,1,2,26.24,28.79,89,19.0012,31,254,285
12558,2,1,6,3,0,2,1,3,26.24,28.79,89,19.0012,29,96,125
12559,2,1,6,3,0,2,1,3,27.06,30.305,83,23.9994,8,57,65
12560,2,1,6,3,0,2,1,3,27.06,30.305,83,16.9979,19,76,95
12561,2,1,6,3,0,2,1,3,27.06,30.305,83,12.998,11,48,59
12562,2,1,6,3,0,2,1,3,26.24,28.79,89,16.9979,12,48,60
12563,2,1,6,3,0,2,1,3,27.06,29.545,89,12.998,22,94,116
12564,2,1,6,3,0,2,1,2,27.06,29.545,89,19.0012,30,209,239
12565,2,1,6,3,0,2,1,2,27.06,29.545,89,19.0012,56,625,681
12566,2,1,6,4,0,2,1,1,27.88,31.82,83,12.998,57,596,653
12567,2,1,6,4,0,2,1,1,27.88,31.82,83,12.998,47,444,491
12568,2,1,6,4,0,2,1,1,27.88,31.82,83,12.998,36,350,386
12569,2,1,6,4,0,2,1,1,27.88,31.82,83,7.0015,41,233,274
12570,2,1,6,1,0,2,1,1,27.06,29.545,94,7.0015,19,188,207
12571,2,1,6,1,0,2,1,3,27.06,29.545,94,15.0013,11,78,89
12572,2,1,6,1,0,3,1,2,27.06,29.545,94,12.998,7,27,34
12573,2,1,6,1,0,3,1,1,26.24,29.545,78,0,7,21,28
12574,2,1,6,1,0,3,1,1,25.42,28.79,83,8.9981,0,4,4
12575,2,1,6,1,0,3,1,1,25.42,28.79,83,12.998,1,7,8
12576,2,1,6,1,0,3,1,1,24.6,28.03,83,8.9981,1,9,10
12577,2,1,6,1,0,3,1,1,24.6,28.03,83,12.998,2,38,40
12578,2,1,6,1,0,3,1,1,24.6,28.03,83,15.0013,6,188,194
12579,2,1,6,2,0,3,1,1,24.6,28.03,83,19.9995,25,480,505
12580,2,1,6,2,0,3,1,2,25.42,29.545,73,35.0008,41,672,713
12581,2,1,6,2,0,3,1,2,26.24,30.305,69,39.0007,54,298,352
12582,2,1,6,3,0,3,1,2,26.24,30.305,65,27.9993,64,134,198
12583,2,1,6,3,0,3,1,2,27.06,31.06,54,30.0026,64,182,246
12584,2,1,6,3,0,3,1,2,27.88,31.82,44,27.9993,93,241,334
12585,2,1,6,3,0,3,1,2,28.7,31.82,45,26.0027,52,203,255
12586,2,1,6,3,0,3,1,2,29.52,32.575,37,27.9993,98,222,320
12587,2,1,6,3,0,3,1,1,29.52,32.575,32,32.9975,65,216,281
12588,2,1,6,3,0,3,1,1,29.52,32.575,30,32.9975,72,320,392
12589,2,1,6,3,0,3,1,1,29.52,32.575,32,32.9975,75,782,857
12590,2,1,6,4,0,3,1,1,29.52,32.575,32,30.0026,104,640,744
12591,2,1,6,4,0,3,1,1,28.7,31.82,34,26.0027,123,548,671
12592,2,1,6,4,0,3,1,1,27.88,31.82,36,27.9993,86,362,448
12593,2,1,6,4,0,3,1,1,26.24,31.06,44,23.9994,79,317,396
12594,2,1,6,1,0,3,1,1,25.42,31.06,50,19.9995,29,209,238
12595,2,1,6,1,0,3,1,1,25.42,31.06,50,19.0012,25,128,153
12596,2,1,6,1,0,4,1,1,24.6,31.06,53,19.9995,3,45,48
12597,2,1,6,1,0,4,1,1,24.6,31.06,56,15.0013,4,17,21
12598,2,1,6,1,0,4,1,2,25.42,31.06,53,16.9979,1,8,9
12599,2,1,6,1,0,4,1,2,25.42,31.06,53,19.0012,1,4,5
12600,2,1,6,1,0,4,1,2,24.6,31.06,56,16.9979,0,6,6
12601,2,1,6,1,0,4,1,2,24.6,31.06,56,16.9979,0,40,40
12602,2,1,6,1,0,4,1,1,23.78,27.275,60,19.0012,12,169,181
12603,2,1,6,2,0,4,1,1,24.6,30.305,60,19.0012,26,480,506
12604,2,1,6,2,0,4,1,1,24.6,30.305,64,22.0028,37,682,719
12605,2,1,6,2,0,4,1,1,25.42,30.305,61,15.0013,45,312,357
12606,2,1,6,3,0,4,1,1,26.24,30.305,65,27.9993,47,132,179
12607,2,1,6,3,0,4,1,1,27.06,31.06,57,16.9979,60,168,228
12608,2,1,6,3,0,4,1,2,27.06,31.06,61,15.0013,55,210,265
12609,2,1,6,3,0,4,1,1,27.88,31.82,57,11.0014,71,213,284
12610,2,1,6,3,0,4,1,1,28.7,32.575,54,19.0012,84,214,298
12611,2,1,6,3,0,4,1,1,30.34,33.335,48,19.9995,111,213,324
12612,2,1,6,3,0,4,1,1,29.52,33.335,51,19.0012,70,368,438
12613,2,1,6,3,0,4,1,1,29.52,33.335,48,15.0013,117,750,867
12614,2,1,6,4,0,4,1,1,30.34,33.335,42,12.998,107,716,823
12615,2,1,6,4,0,4,1,1,28.7,32.575,48,16.9979,96,483,579
12616,2,1,6,4,0,4,1,1,27.06,31.06,65,16.9979,84,351,435
12617,2,1,6,4,0,4,1,1,26.24,30.305,65,11.0014,67,270,337
12618,2,1,6,1,0,4,1,2,26.24,30.305,65,15.0013,46,196,242
12619,2,1,6,1,0,4,1,2,25.42,30.305,69,11.0014,36,136,172
12620,2,1,6,1,0,5,1,1,24.6,29.545,73,11.0014,26,68,94
12621,2,1,6,1,0,5,1,1,23.78,27.275,78,12.998,9,42,51
12622,2,1,6,1,0,5,1,1,22.96,26.515,83,7.0015,0,15,15
12623,2,1,6,1,0,5,1,1,22.96,26.515,83,11.0014,2,3,5
12624,2,1,6,1,0,5,1,1,22.96,26.515,83,11.0014,1,13,14
12625,2,1,6,1,0,5,1,1,22.14,25.76,88,7.0015,2,31,33
12626,2,1,6,1,0,5,1,1,22.14,25.76,83,8.9981,9,142,151
12627,2,1,6,2,0,5,1,1,22.96,26.515,83,11.0014,17,413,430
12628,2,1,6,2,0,5,1,1,24.6,29.545,69,11.0014,44,609,653
12629,2,1,6,2,0,5,1,1,25.42,30.305,65,11.0014,58,308,366
12630,2,1,6,3,0,5,1,1,26.24,31.06,57,11.0014,56,160,216
12631,2,1,6,3,0,5,1,1,27.06,31.06,50,12.998,106,180,286
12632,2,1,6,3,0,5,1,1,28.7,31.82,45,11.0014,111,292,403
12633,2,1,6,3,0,5,1,1,28.7,31.82,42,16.9979,121,272,393
12634,2,1,6,3,0,5,1,1,29.52,32.575,39,12.998,121,255,376
12635,2,1,6,3,0,5,1,1,29.52,32.575,39,12.998,107,270,377
12636,2,1,6,3,0,5,1,1,29.52,32.575,37,12.998,132,426,558
12637,2,1,6,3,0,5,1,1,30.34,32.575,37,19.0012,125,698,823
12638,2,1,6,4,0,5,1,1,29.52,32.575,39,15.0013,121,572,693
12639,2,1,6,4,0,5,1,1,28.7,31.82,42,11.0014,98,369,467
12640,2,1,6,4,0,5,1,1,27.88,31.82,44,12.998,89,296,385
12641,2,1,6,4,0,5,1,1,27.06,31.06,50,7.0015,83,250,333
12642,2,1,6,1,0,5,1,1,26.24,31.06,53,8.9981,79,242,321
12643,2,1,6,1,0,5,1,1,25.42,31.06,53,16.9979,46,176,222
12644,2,1,6,1,0,6,0,1,23.78,27.275,56,8.9981,25,112,137
12645,2,1,6,1,0,6,0,1,22.96,26.515,56,0,16,79,95
12646,2,1,6,1,0,6,0,1,23.78,27.275,53,0,12,55,67
12647,2,1,6,1,0,6,0,1,22.96,26.515,60,6.0032,8,19,27
12648,2,1,6,1,0,6,0,1,22.14,25.76,68,8.9981,3,5,8
12649,2,1,6,1,0,6,0,1,22.14,25.76,68,7.0015,2,21,23
12650,2,1,6,1,0,6,0,1,22.14,25.76,68,12.998,11,36,47
12651,2,1,6,2,0,6,0,1,22.14,25.76,68,12.998,10,68,78
12652,2,1,6,2,0,6,0,1,23.78,27.275,64,11.0014,47,157,204
12653,2,1,6,2,0,6,0,1,24.6,30.305,60,6.0032,88,279,367
12654,2,1,6,3,0,6,0,1,26.24,31.06,47,12.998,139,296,435
12655,2,1,6,3,0,6,0,1,27.06,31.06,39,11.0014,213,353,566
12656,2,1,6,3,0,6,0,1,27.88,31.82,41,7.0015,254,349,603
12657,2,1,6,3,0,6,0,1,29.52,32.575,34,11.0014,293,324,617
12658,2,1,6,3,0,6,0,1,29.52,32.575,37,15.0013,264,309,573
12659,2,1,6,3,0,6,0,1,30.34,32.575,35,16.9979,295,288,583
12660,2,1,6,3,0,6,0,2,29.52,32.575,37,7.0015,238,304,542
12661,2,1,6,3,0,6,0,2,29.52,32.575,37,16.9979,244,349,593
12662,2,1,6,4,0,6,0,2,29.52,32.575,37,15.0013,256,315,571
12663,2,1,6,4,0,6,0,2,28.7,31.82,42,12.998,184,277,461
12664,2,1,6,4,0,6,0,2,27.06,31.06,47,12.998,123,229,352
12665,2,1,6,4,0,6,0,2,26.24,31.06,50,15.0013,98,192,290
12666,2,1,6,1,0,6,0,1,25.42,31.06,53,19.9995,91,189,280
12667,2,1,6,1,0,6,0,1,24.6,31.06,53,19.9995,49,134,183
12668,2,1,6,1,0,0,0,1,22.96,26.515,56,8.9981,31,117,148
12669,2,1,6,1,0,0,0,1,22.96,26.515,60,11.0014,21,67,88
12670,2,1,6,1,0,0,0,1,22.96,26.515,56,6.0032,19,55,74
12671,2,1,6,1,0,0,0,1,22.14,25.76,64,7.0015,6,22,28
12672,2,1,6,1,0,0,0,1,22.14,25.76,64,6.0032,2,16,18
12673,2,1,6,1,0,0,0,1,22.14,25.76,68,8.9981,4,13,17
12674,2,1,6,1,0,0,0,1,21.32,25,72,7.0015,7,16,23
12675,2,1,6,2,0,0,0,1,21.32,25,72,6.0032,18,30,48
12676,2,1,6,2,0,0,0,1,22.96,26.515,68,16.9979,24,95,119
12677,2,1,6,2,0,0,0,1,22.96,26.515,68,11.0014,91,183,274
12678,2,1,6,3,0,0,0,1,23.78,27.275,64,0,148,288,436
12679,2,1,6,3,0,0,0,1,25.42,31.06,57,7.0015,196,350,546
12680,2,1,6,3,0,0,0,1,25.42,31.06,57,0,260,355,615
12681,2,1,6,3,0,0,0,1,26.24,31.06,53,11.0014,267,347,614
12682,2,1,6,3,0,0,0,1,26.24,31.06,53,0,255,327,582
12683,2,1,6,3,0,0,0,1,27.06,31.06,50,15.0013,203,260,463
12684,2,1,6,3,0,0,0,1,27.06,31.06,54,19.9995,240,340,580
12685,2,1,6,3,0,0,0,1,26.24,31.06,57,15.0013,232,361,593
12686,2,1,6,4,0,0,0,1,26.24,31.06,53,12.998,203,310,513
12687,2,1,6,4,0,0,0,1,26.24,31.06,53,11.0014,146,244,390
12688,2,1,6,4,0,0,0,1,25.42,31.06,57,12.998,101,201,302
12689,2,1,6,4,0,0,0,1,25.42,31.06,57,12.998,76,170,246
12690,2,1,6,1,0,0,0,1,24.6,30.305,60,12.998,55,98,153
12691,2,1,6,1,0,0,0,1,23.78,27.275,64,12.998,29,79,108
12692,2,1,6,1,0,1,1,1,22.96,26.515,73,16.9979,12,28,40
12693,2,1,6,1,0,1,1,1,22.14,25.76,77,15.0013,9,5,14
12694,2,1,6,1,0,1,1,1,22.14,25.76,77,15.0013,3,6,9
12695,2,1,6,1,0,1,1,2,21.32,25,83,15.0013,1,3,4
12696,2,1,6,1,0,1,1,2,22.14,25.76,77,12.998,0,9,9
12697,2,1,6,1,0,1,1,3,21.32,25,83,8.9981,1,22,23
12698,2,1,6,1,0,1,1,3,21.32,25,88,8.9981,0,37,37
12699,2,1,6,2,0,1,1,3,21.32,25,94,15.0013,10,135,145
12700,2,1,6,2,0,1,1,2,22.14,25.76,83,12.998,27,447,474
12701,2,1,6,2,0,1,1,2,22.14,25.76,83,15.0013,28,222,250
12702,2,1,6,3,0,1,1,3,22.14,25.76,88,7.0015,13,78,91
12703,2,1,6,3,0,1,1,2,22.14,25.76,88,11.0014,25,96,121
12704,2,1,6,3,0,1,1,3,22.96,26.515,78,8.9981,29,139,168
12705,2,1,6,3,0,1,1,2,23.78,27.275,73,8.9981,51,174,225
12706,2,1,6,3,0,1,1,2,23.78,27.275,68,12.998,59,160,219
12707,2,1,6,3,0,1,1,2,24.6,29.545,69,12.998,61,176,237
12708,2,1,6,3,0,1,1,2,24.6,29.545,73,12.998,53,279,332
12709,2,1,6,3,0,1,1,2,24.6,29.545,73,12.998,54,669,723
12710,2,1,6,4,0,1,1,2,25.42,30.305,69,11.0014,47,595,642
12711,2,1,6,4,0,1,1,2,25.42,29.545,73,6.0032,52,411,463
12712,2,1,6,4,0,1,1,2,25.42,29.545,73,8.9981,45,317,362
12713,2,1,6,4,0,1,1,2,25.42,29.545,73,7.0015,35,238,273
12714,2,1,6,1,0,1,1,2,25.42,29.545,73,11.0014,21,143,164
12715,2,1,6,1,0,1,1,3,24.6,28.79,78,12.998,17,57,74
12716,2,1,6,1,0,2,1,2,24.6,28.79,78,11.0014,5,30,35
12717,2,1,6,1,0,2,1,2,24.6,28.79,78,11.0014,1,13,14
12718,2,1,6,1,0,2,1,2,24.6,28.79,78,8.9981,1,14,15
12719,2,1,6,1,0,2,1,2,24.6,28.79,78,7.0015,1,7,8
12720,2,1,6,1,0,2,1,2,24.6,28.79,78,8.9981,1,9,10
12721,2,1,6,1,0,2,1,2,24.6,28.79,78,12.998,3,34,37
12722,2,1,6,1,0,2,1,2,24.6,28.79,78,7.0015,9,152,161
12723,2,1,6,2,0,2,1,2,24.6,28.79,78,8.9981,18,462,480
12724,2,1,6,2,0,2,1,2,24.6,28.79,78,11.0014,40,633,673
12725,2,1,6,2,0,2,1,1,26.24,30.305,73,6.0032,40,288,328
12726,2,1,6,3,0,2,1,1,26.24,30.305,73,6.0032,44,136,180
12727,2,1,6,3,0,2,1,1,27.06,31.06,69,8.9981,56,174,230
12728,2,1,6,3,0,2,1,1,28.7,32.575,65,6.0032,70,222,292
12729,2,1,6,3,0,2,1,1,30.34,34.09,58,8.9981,69,203,272
12730,2,1,6,3,0,2,1,1,31.16,35.605,58,7.0015,61,166,227
12731,2,1,6,3,0,2,1,1,31.98,37.12,59,11.0014,72,187,259
12732,2,1,6,3,0,2,1,1,32.8,37.88,55,15.0013,48,286,334
12733,2,1,6,3,0,2,1,1,32.8,37.88,55,12.998,86,725,811
12734,2,1,6,4,0,2,1,1,32.8,37.88,55,11.0014,91,704,795
12735,2,1,6,4,0,2,1,1,32.8,38.635,59,15.0013,82,432,514
12736,2,1,6,4,0,2,1,1,32.8,37.88,55,16.9979,59,399,458
12737,2,1,6,4,0,2,1,1,31.16,35.605,62,11.0014,37,239,276
12738,2,1,6,1,0,2,1,1,29.52,34.85,79,6.0032,51,240,291
12739,2,1,6,1,0,2,1,1,29.52,34.85,79,8.9981,23,102,125
12740,2,1,6,1,0,3,1,1,28.7,33.335,79,12.998,5,48,53
12741,2,1,6,1,0,3,1,1,27.88,31.82,79,12.998,7,20,27
12742,2,1,6,1,0,3,1,1,27.06,30.305,83,11.0014,1,5,6
12743,2,1,6,1,0,3,1,1,27.06,30.305,83,8.9981,2,6,8
12744,2,1,6,1,0,3,1,1,27.06,30.305,83,6.0032,1,6,7
12745,2,1,6,1,0,3,1,1,27.06,30.305,83,6.0032,2,37,39
12746,2,1,6,1,0,3,1,2,26.24,28.79,89,6.0032,9,156,165
12747,2,1,6,2,0,3,1,2,27.06,29.545,89,0,20,444,464
12748,2,1,6,2,0,3,1,2,28.7,33.335,79,7.0015,43,600,643
12749,2,1,6,2,0,3,1,2,29.52,34.85,74,0,40,276,316
12750,2,1,6,3,0,3,1,1,33.62,38.635,52,8.9981,41,126,167
12751,2,1,6,3,0,3,1,1,34.44,39.395,49,12.998,54,134,188
12752,2,1,6,3,0,3,1,1,35.26,40.15,47,11.0014,30,150,180
12753,2,1,6,3,0,3,1,1,35.26,39.395,44,7.0015,48,163,211
12754,2,1,6,3,0,3,1,1,36.08,40.15,39,12.998,56,134,190
12755,2,1,6,3,0,3,1,1,36.9,40.91,35,0,36,143,179
12756,2,1,6,3,0,3,1,1,36.9,40.91,35,7.0015,51,284,335
12757,2,1,6,3,0,3,1,1,36.9,40.91,37,0,80,611,691
12758,2,1,6,4,0,3,1,1,36.9,40.91,37,0,81,591,672
12759,2,1,6,4,0,3,1,1,36.08,39.395,37,16.9979,90,449,539
12760,2,1,6,4,0,3,1,1,35.26,38.635,39,15.0013,81,326,407
12761,2,1,6,4,0,3,1,1,34.44,37.88,44,6.0032,42,302,344
12762,2,1,6,1,0,3,1,1,33.62,37.88,46,7.0015,31,226,257
12763,2,1,6,1,0,3,1,1,31.98,37.12,59,7.0015,21,102,123
12764,3,1,6,1,0,4,1,1,30.34,34.85,70,6.0032,16,53,69
12765,3,1,6,1,0,4,1,1,29.52,34.85,79,8.9981,2,16,18
12766,3,1,6,1,0,4,1,1,29.52,34.85,79,7.0015,11,7,18
12767,3,1,6,1,0,4,1,1,29.52,34.85,74,0,3,8,11
12768,3,1,6,1,0,4,1,1,28.7,33.335,84,6.0032,1,11,12
12769,3,1,6,1,0,4,1,1,28.7,33.335,84,7.0015,3,37,40
12770,3,1,6,1,0,4,1,2,28.7,33.335,84,6.0032,3,147,150
12771,3,1,6,2,0,4,1,2,28.7,33.335,84,6.0032,26,437,463
12772,3,1,6,2,0,4,1,1,30.34,34.85,70,0,27,563,590
12773,3,1,6,2,0,4,1,1,32.8,37.88,55,12.998,32,224,256
12774,3,1,6,3,0,4,1,1,34.44,39.395,49,7.0015,36,114,150
12775,3,1,6,3,0,4,1,1,35.26,39.395,41,8.9981,40,121,161
12776,3,1,6,3,0,4,1,1,36.9,40.91,35,12.998,33,182,215
12777,3,1,6,3,0,4,1,1,36.9,40.91,35,0,31,141,172
12778,3,1,6,3,0,4,1,1,36.08,39.395,37,11.0014,27,149,176
12779,3,1,6,3,0,4,1,1,37.72,41.665,33,11.0014,40,154,194
12780,3,1,6,3,0,4,1,1,36.9,40.91,35,8.9981,37,283,320
12781,3,1,6,3,0,4,1,1,36.08,39.395,37,0,80,535,615
12782,3,1,6,4,0,4,1,1,35.26,39.395,41,12.998,78,562,640
12783,3,1,6,4,0,4,1,1,36.08,40.15,39,15.0013,84,415,499
12784,3,1,6,4,0,4,1,1,35.26,39.395,44,12.998,79,357,436
12785,3,1,6,4,0,4,1,1,33.62,38.635,52,12.998,55,256,311
12786,3,1,6,1,0,4,1,1,32.8,39.395,63,11.0014,22,221,243
12787,3,1,6,1,0,4,1,1,32.8,38.635,59,6.0032,12,134,146
12788,3,1,6,1,0,5,1,2,31.16,36.365,70,7.0015,16,77,93
12789,3,1,6,1,0,5,1,1,31.16,37.12,75,11.0014,3,28,31
12790,3,1,6,1,0,5,1,1,30.34,35.605,79,0,0,12,12
12791,3,1,6,1,0,5,1,1,30.34,35.605,79,0,1,6,7
12792,3,1,6,1,0,5,1,2,31.16,36.365,66,0,3,7,10
12793,3,1,6,1,0,5,1,2,30.34,34.85,66,6.0032,3,35,38
12794,3,1,6,1,0,5,1,2,30.34,34.85,66,0,4,118,122
12795,3,1,6,2,0,5,1,1,30.34,34.09,58,11.0014,19,340,359
12796,3,1,6,2,0,5,1,1,31.16,34.85,55,8.9981,49,564,613
12797,3,1,6,2,0,5,1,1,31.16,35.605,58,15.0013,55,278,333
12798,3,1,6,3,0,5,1,1,32.8,37.12,52,23.9994,52,133,185
12799,3,1,6,3,0,5,1,1,32.8,37.12,49,11.0014,76,160,236
12800,3,1,6,3,0,5,1,1,34.44,39.395,49,8.9981,63,191,254
12801,3,1,6,3,0,5,1,1,36.08,40.15,39,15.0013,72,228,300
12802,3,1,6,3,0,5,1,1,36.08,40.15,39,15.0013,65,198,263
12803,3,1,6,3,0,5,1,1,36.9,40.91,35,23.9994,72,212,284
12804,3,1,6,3,0,5,1,1,36.9,40.15,31,15.0013,67,313,380
12805,3,1,6,3,0,5,1,2,33.62,36.365,38,11.0014,95,551,646
12806,3,1,6,4,0,5,1,2,32.8,37.88,55,12.998,62,443,505
12807,3,1,6,4,0,5,1,2,31.16,34.85,55,35.0008,45,317,362
12808,3,1,6,4,0,5,1,2,31.16,34.85,55,35.0008,31,171,202
12809,3,1,6,4,0,5,1,3,27.88,31.82,65,19.0012,40,177,217
12810,3,1,6,1,0,5,1,1,27.88,31.82,69,8.9981,42,155,197
12811,3,1,6,1,0,5,1,2,27.06,31.06,74,0,29,145,174
12812,3,1,6,1,0,6,0,1,26.24,28.79,83,0,14,102,116
12813,3,1,6,1,0,6,0,1,27.06,30.305,78,8.9981,16,107,123
12814,3,1,6,1,0,6,0,2,26.24,28.79,83,12.998,18,75,93
12815,3,1,6,1,0,6,0,2,26.24,28.79,83,6.0032,10,32,42
12816,3,1,6,1,0,6,0,2,26.24,28.79,83,11.0014,6,13,19
12817,3,1,6,1,0,6,0,2,26.24,28.79,83,12.998,1,11,12
12818,3,1,6,1,0,6,0,1,26.24,28.79,83,6.0032,10,37,47
12819,3,1,6,2,0,6,0,1,26.24,28.79,83,11.0014,19,59,78
12820,3,1,6,2,0,6,0,1,27.88,31.82,69,15.0013,34,133,167
12821,3,1,6,2,0,6,0,1,29.52,34.09,62,12.998,85,247,332
12822,3,1,6,3,0,6,0,1,30.34,34.09,55,12.998,177,317,494
12823,3,1,6,3,0,6,0,1,31.16,34.09,48,15.0013,167,349,516
12824,3,1,6,3,0,6,0,1,32.8,36.365,43,12.998,203,399,602
12825,3,1,6,3,0,6,0,1,33.62,36.365,34,12.998,226,338,564
12826,3,1,6,3,0,6,0,1,31.98,34.09,33,16.9979,238,371,609
12827,3,1,6,3,0,6,0,1,34.44,36.365,30,22.0028,217,266,483
12828,3,1,6,3,0,6,0,1,34.44,35.605,26,19.9995,196,317,513
12829,3,1,6,3,0,6,0,1,33.62,35.605,26,16.9979,214,316,530
12830,3,1,6,4,0,6,0,1,33.62,35.605,26,19.9995,194,287,481
12831,3,1,6,4,0,6,0,1,32.8,34.85,27,12.998,185,240,425
12832,3,1,6,4,0,6,0,1,31.98,34.09,31,12.998,158,228,386
12833,3,1,6,4,0,6,0,1,31.16,33.335,33,8.9981,99,223,322
12834,3,1,6,1,0,6,0,1,30.34,32.575,37,7.0015,101,178,279
12835,3,1,6,1,0,6,0,1,29.52,32.575,44,0,69,156,225
12836,3,1,6,1,0,0,0,1,28.7,32.575,51,0,31,132,163
12837,3,1,6,1,0,0,0,2,27.88,31.82,54,6.0032,39,88,127
12838,3,1,6,1,0,0,0,2,27.88,31.82,51,0,34,80,114
12839,3,1,6,1,0,0,0,2,27.06,31.06,65,6.0032,19,41,60
12840,3,1,6,1,0,0,0,2,27.06,31.06,65,0,4,9,13
12841,3,1,6,1,0,0,0,1,25.42,30.305,69,8.9981,1,7,8
12842,3,1,6,1,0,0,0,1,26.24,30.305,65,11.0014,6,19,25
12843,3,1,6,2,0,0,0,1,26.24,30.305,69,7.0015,23,48,71
12844,3,1,6,2,0,0,0,1,28.7,32.575,58,0,38,103,141
12845,3,1,6,2,0,0,0,1,29.52,33.335,51,0,63,169,232
12846,3,1,6,3,0,0,0,1,31.16,34.09,40,0,161,291,452
12847,3,1,6,3,0,0,0,1,31.16,34.09,40,8.9981,215,291,506
12848,3,1,6,3,0,0,0,1,32.8,34.85,33,15.0013,227,329,556
12849,3,1,6,3,0,0,0,1,32.8,34.85,33,19.0012,237,348,585
12850,3,1,6,3,0,0,0,1,34.44,36.365,30,19.9995,253,298,551
12851,3,1,6,3,0,0,0,1,35.26,37.12,28,15.0013,197,290,487
12852,3,1,6,3,0,0,0,1,34.44,36.365,30,16.9979,181,280,461
12853,3,1,6,3,0,0,0,1,34.44,36.365,32,16.9979,203,329,532
12854,3,1,6,4,0,0,0,1,33.62,36.365,34,16.9979,186,348,534
12855,3,1,6,4,0,0,0,1,32.8,35.605,38,19.9995,176,247,423
12856,3,1,6,4,0,0,0,1,31.98,34.85,46,16.9979,108,224,332
12857,3,1,6,4,0,0,0,1,31.16,34.85,55,15.0013,76,177,253
12858,3,1,6,1,0,0,0,1,30.34,34.09,55,7.0015,53,125,178
12859,3,1,6,1,0,0,0,1,30.34,34.09,58,7.0015,20,67,87
12860,3,1,6,1,0,1,1,1,29.52,34.09,62,16.9979,31,37,68
12861,3,1,6,1,0,1,1,1,28.7,32.575,65,15.0013,11,20,31
12862,3,1,6,1,0,1,1,1,28.7,32.575,70,15.0013,4,10,14
12863,3,1,6,1,0,1,1,1,27.88,31.82,69,16.9979,1,4,5
12864,3,1,6,1,0,1,1,1,27.06,30.305,78,16.9979,0,4,4
12865,3,1,6,1,0,1,1,1,27.06,31.06,74,11.0014,1,42,43
12866,3,1,6,1,0,1,1,1,26.24,29.545,78,11.0014,11,147,158
12867,3,1,6,2,0,1,1,1,27.06,31.06,74,15.0013,30,455,485
12868,3,1,6,2,0,1,1,1,27.06,31.06,69,12.998,53,555,608
12869,3,1,6,2,0,1,1,1,28.7,32.575,65,12.998,37,231,268
12870,3,1,6,3,0,1,1,1,31.16,34.85,55,11.0014,58,126,184
12871,3,1,6,3,0,1,1,1,32.8,36.365,43,22.0028,54,127,181
12872,3,1,6,3,0,1,1,2,31.16,34.09,45,19.9995,74,196,270
12873,3,1,6,3,0,1,1,1,29.52,33.335,51,19.9995,79,181,260
12874,3,1,6,3,0,1,1,1,31.98,34.85,43,16.9979,90,161,251
12875,3,1,6,3,0,1,1,1,31.98,34.09,38,31.0009,65,168,233
12876,3,1,6,3,0,1,1,1,32.8,34.85,31,26.0027,104,310,414
12877,3,1,6,3,0,1,1,1,32.8,34.09,24,31.0009,76,757,833
12878,3,1,6,4,0,1,1,1,31.16,33.335,27,30.0026,100,691,791
12879,3,1,6,4,0,1,1,1,30.34,32.575,27,31.0009,74,508,582
12880,3,1,6,4,0,1,1,1,29.52,32.575,30,30.0026,100,375,475
12881,3,1,6,4,0,1,1,1,27.88,31.06,30,22.0028,50,281,331
12882,3,1,6,1,0,1,1,1,27.06,31.06,29,26.0027,21,166,187
12883,3,1,6,1,0,1,1,1,26.24,31.06,33,22.0028,15,88,103
12884,3,1,6,1,0,2,1,1,25.42,31.06,33,22.0028,8,29,37
12885,3,1,6,1,0,2,1,1,24.6,31.06,35,26.0027,11,19,30
12886,3,1,6,1,0,2,1,1,22.96,26.515,43,19.0012,2,7,9
12887,3,1,6,1,0,2,1,1,22.14,25.76,45,19.0012,2,7,9
12888,3,1,6,1,0,2,1,1,22.14,25.76,45,19.9995,1,9,10
12889,3,1,6,1,0,2,1,1,21.32,25,48,26.0027,3,36,39
12890,3,1,6,1,0,2,1,1,21.32,25,52,19.9995,12,176,188
12891,3,1,6,2,0,2,1,1,21.32,25,52,23.9994,21,531,552
12892,3,1,6,2,0,2,1,1,22.96,26.515,49,22.0028,34,622,656
12893,3,1,6,2,0,2,1,1,23.78,27.275,46,27.9993,30,298,328
12894,3,1,6,3,0,2,1,1,25.42,31.06,41,23.9994,37,153,190
12895,3,1,6,3,0,2,1,1,26.24,31.06,36,27.9993,46,189,235
12896,3,1,6,3,0,2,1,1,27.06,31.06,34,30.0026,80,228,308
12897,3,1,6,3,0,2,1,1,28.7,31.82,30,31.0009,74,232,306
12898,3,1,6,3,0,2,1,1,28.7,31.82,30,31.0009,81,186,267
12899,3,1,6,3,0,2,1,1,29.52,32.575,28,31.0009,88,229,317
12900,3,1,6,3,0,2,1,1,29.52,31.82,26,32.9975,67,349,416
12901,3,1,6,3,0,2,1,1,29.52,32.575,28,27.9993,104,796,900
12902,3,1,6,4,0,2,1,1,29.52,32.575,28,23.9994,105,719,824
12903,3,1,6,4,0,2,1,1,29.52,32.575,28,15.0013,83,529,612
12904,3,1,6,4,0,2,1,1,28.7,31.82,30,19.0012,88,417,505
12905,3,1,6,4,0,2,1,1,27.88,31.82,34,12.998,61,267,328
12906,3,1,6,1,0,2,1,1,27.06,31.06,34,16.9979,26,219,245
12907,3,1,6,1,0,2,1,1,25.42,31.06,41,8.9981,13,118,131
12908,3,1,6,1,0,3,1,1,25.42,31.06,41,12.998,15,39,54
12909,3,1,6,1,0,3,1,1,24.6,31.06,43,11.0014,5,18,23
12910,3,1,6,1,0,3,1,1,22.96,26.515,49,8.9981,2,12,14
12911,3,1,6,1,0,3,1,1,23.78,27.275,46,6.0032,1,7,8
12912,3,1,6,1,0,3,1,1,24.6,31.06,40,16.9979,0,11,11
12913,3,1,6,1,0,3,1,1,24.6,31.06,43,19.0012,2,34,36
12914,3,1,6,1,0,3,1,1,23.78,27.275,46,19.0012,7,193,200
12915,3,1,6,2,0,3,1,1,24.6,31.06,43,23.9994,29,498,527
12916,3,1,6,2,0,3,1,1,25.42,31.06,43,22.0028,49,638,687
12917,3,1,6,2,0,3,1,1,27.06,31.06,41,23.9994,29,253,282
12918,3,1,6,3,0,3,1,1,28.7,31.82,37,16.9979,34,138,172
12919,3,1,6,3,0,3,1,1,30.34,32.575,30,22.0028,64,145,209
12920,3,1,6,3,0,3,1,1,31.16,33.335,29,19.9995,77,245,322
12921,3,1,6,3,0,3,1,1,32.8,34.85,27,22.0028,77,244,321
12922,3,1,6,3,0,3,1,1,32.8,34.09,24,23.9994,78,192,270
12923,3,1,6,3,0,3,1,1,32.8,34.85,26,31.0009,61,188,249
12924,3,1,6,3,0,3,1,1,33.62,34.85,24,30.0026,55,337,392
12925,3,1,6,3,0,3,1,1,33.62,34.85,24,26.0027,113,730,843
12926,3,1,6,4,0,3,1,1,32.8,34.85,27,22.0028,85,719,804
12927,3,1,6,4,0,3,1,1,31.98,34.09,29,22.0028,101,542,643
12928,3,1,6,4,0,3,1,1,31.16,33.335,31,12.998,76,369,445
12929,3,1,6,4,0,3,1,1,30.34,32.575,35,8.9981,54,313,367
12930,3,1,6,1,0,3,1,1,29.52,32.575,39,6.0032,52,245,297
12931,3,1,6,1,0,3,1,1,27.88,31.82,47,8.9981,11,148,159
12932,3,1,6,1,0,4,1,1,27.06,31.06,50,7.0015,2,52,54
12933,3,1,6,1,0,4,1,1,27.06,31.06,54,0,11,14,25
12934,3,1,6,1,0,4,1,1,27.06,31.06,50,6.0032,1,12,13
12935,3,1,6,1,0,4,1,1,27.06,31.06,50,6.0032,1,6,7
12936,3,1,6,1,0,4,1,1,25.42,30.305,61,7.0015,0,11,11
12937,3,1,6,1,0,4,1,1,25.42,31.06,57,6.0032,8,39,47
12938,3,1,6,1,0,4,1,1,25.42,31.06,57,6.0032,8,185,193
12939,3,1,6,2,0,4,1,1,25.42,30.305,61,7.0015,24,484,508
12940,3,1,6,2,0,4,1,1,27.06,31.06,50,8.9981,40,577,617
12941,3,1,6,2,0,4,1,1,28.7,32.575,54,11.0014,33,318,351
12942,3,1,6,3,0,4,1,1,30.34,33.335,48,12.998,40,144,184
12943,3,1,6,3,0,4,1,1,32.8,34.85,31,12.998,41,170,211
12944,3,1,6,3,0,4,1,1,34.44,35.605,26,19.0012,49,227,276
12945,3,1,6,3,0,4,1,1,35.26,37.12,26,15.0013,31,205,236
12946,3,1,6,3,0,4,1,1,35.26,36.365,25,22.0028,66,188,254
12947,3,1,6,3,0,4,1,1,35.26,36.365,25,22.0028,24,195,219
12948,3,1,6,3,0,4,1,1,36.08,37.12,23,12.998,56,331,387
12949,3,1,6,3,0,4,1,1,36.08,37.12,22,12.998,71,634,705
12950,3,1,6,4,0,4,1,1,35.26,36.365,25,15.0013,100,597,697
12951,3,1,6,4,0,4,1,1,34.44,36.365,30,19.9995,79,492,571
12952,3,1,6,4,0,4,1,1,33.62,36.365,34,12.998,71,399,470
12953,3,1,6,4,0,4,1,1,31.16,34.85,55,12.998,89,309,398
12954,3,1,6,1,0,4,1,1,31.16,34.85,52,11.0014,50,224,274
12955,3,1,6,1,0,4,1,1,30.34,33.335,48,8.9981,26,145,171
12956,3,1,6,1,0,5,1,1,30.34,33.335,48,8.9981,24,90,114
12957,3,1,6,1,0,5,1,1,30.34,33.335,51,11.0014,9,33,42
12958,3,1,6,1,0,5,1,1,29.52,33.335,58,12.998,3,15,18
12959,3,1,6,1,0,5,1,1,29.52,33.335,58,12.998,3,5,8
12960,3,1,6,1,0,5,1,1,28.7,32.575,65,11.0014,1,9,10
12961,3,1,6,1,0,5,1,1,28.7,32.575,61,7.0015,6,39,45
12962,3,1,6,1,0,5,1,2,28.7,32.575,61,11.0014,15,148,163
12963,3,1,6,2,0,5,1,1,28.7,32.575,61,7.0015,19,361,380
12964,3,1,6,2,0,5,1,2,30.34,34.09,55,7.0015,48,576,624
12965,3,1,6,2,0,5,1,1,31.16,34.85,55,11.0014,39,261,300
12966,3,1,6,3,0,5,1,1,36.9,41.665,39,19.9995,32,139,171
12967,3,1,6,3,0,5,1,2,36.9,42.425,42,19.0012,51,137,188
12968,3,1,6,3,0,5,1,2,37.72,43.94,40,16.9979,53,173,226
12969,3,1,6,3,0,5,1,1,38.54,43.94,38,12.998,45,194,239
12970,3,1,6,3,0,5,1,1,39.36,45.455,36,15.0013,49,184,233
12971,3,1,6,3,0,5,1,1,39.36,45.455,36,0,47,183,230
12972,3,1,6,3,0,5,1,1,39.36,45.455,36,0,59,292,351
12973,3,1,6,3,0,5,1,1,40.18,46.21,34,12.998,82,457,539
12974,3,1,6,4,0,5,1,1,39.36,43.18,31,0,50,414,464
12975,3,1,6,4,0,5,1,1,36.9,43.94,47,12.998,60,303,363
12976,3,1,6,4,0,5,1,1,37.72,44.695,42,16.9979,53,255,308
12977,3,1,6,4,0,5,1,2,35.26,41.665,53,12.998,41,195,236
12978,3,1,6,1,0,5,1,3,33.62,41.665,63,12.998,34,129,163
12979,3,1,6,1,0,5,1,3,33.62,41.665,63,12.998,6,42,48
12980,3,1,6,1,0,6,0,3,26.24,28.79,89,11.0014,4,65,69
12981,3,1,6,1,0,6,0,3,26.24,28.79,89,15.0013,3,55,58
12982,3,1,6,1,0,6,0,2,26.24,28.79,89,0,7,54,61
12983,3,1,6,1,0,6,0,2,26.24,28.79,89,0,3,20,23
12984,3,1,6,1,0,6,0,2,25.42,27.275,94,0,3,15,18
12985,3,1,6,1,0,6,0,1,26.24,28.79,89,11.0014,3,7,10
12986,3,1,6,1,0,6,0,1,26.24,28.79,89,11.0014,6,36,42
12987,3,1,6,2,0,6,0,1,26.24,28.79,89,11.0014,10,82,92
12988,3,1,6,2,0,6,0,1,26.24,28.79,89,11.0014,26,168,194
12989,3,1,6,2,0,6,0,1,26.24,28.79,89,11.0014,41,234,275
12990,3,1,6,3,0,6,0,1,36.08,38.635,30,16.9979,96,308,404
12991,3,1,6,3,0,6,0,1,36.08,38.635,30,16.9979,102,350,452
12992,3,1,6,3,0,6,0,1,36.08,38.635,30,16.9979,143,328,471
12993,3,1,6,3,0,6,0,1,36.08,38.635,30,16.9979,105,323,428
12994,3,1,6,3,0,6,0,1,36.08,38.635,30,16.9979,114,295,409
12995,3,1,6,3,0,6,0,1,36.08,38.635,30,16.9979,117,287,404
12996,3,1,6,3,0,6,0,1,36.9,39.395,29,11.0014,109,264,373
12997,3,1,6,3,0,6,0,1,36.08,38.635,32,8.9981,131,231,362
12998,3,1,6,4,0,6,0,1,36.08,39.395,35,0,91,248,339
12999,3,1,6,4,0,6,0,1,34.44,37.88,44,16.9979,134,240,374
13000,3,1,6,4,0,6,0,1,33.62,38.635,52,11.0014,88,204,292
13001,3,1,6,4,0,6,0,1,33.62,38.635,52,11.0014,48,165,213
13002,3,1,6,1,0,6,0,1,31.98,37.12,62,11.0014,38,134,172
13003,3,1,6,1,0,6,0,1,31.98,37.12,62,6.0032,33,119,152
13004,3,1,7,1,0,0,0,1,31.16,36.365,66,0,27,122,149
13005,3,1,7,1,0,0,0,1,30.34,34.85,70,8.9981,12,81,93
13006,3,1,7,1,0,0,0,1,29.52,34.85,74,6.0032,21,69,90
13007,3,1,7,1,0,0,0,1,29.52,35.605,84,8.9981,6,27,33
13008,3,1,7,1,0,0,0,1,28.7,33.335,79,12.998,0,4,4
13009,3,1,7,1,0,0,0,1,27.88,31.82,79,7.0015,3,7,10
13010,3,1,7,1,0,0,0,1,28.7,33.335,79,6.0032,8,19,27
13011,3,1,7,2,0,0,0,1,30.34,34.85,70,0,13,37,50
13012,3,1,7,2,0,0,0,1,31.98,37.12,62,7.0015,36,106,142
13013,3,1,7,2,0,0,0,1,33.62,39.395,56,0,51,168,219
13014,3,1,7,3,0,0,0,1,35.26,39.395,44,19.9995,98,268,366
13015,3,1,7,3,0,0,0,1,36.08,40.15,39,15.0013,121,256,377
13016,3,1,7,3,0,0,0,1,36.9,40.91,37,15.0013,114,319,433
13017,3,1,7,3,0,0,0,1,37.72,41.665,33,16.9979,111,309,420
13018,3,1,7,3,0,0,0,1,37.72,41.665,33,16.9979,98,346,444
13019,3,1,7,3,0,0,0,1,36.9,40.91,37,19.0012,101,244,345
13020,3,1,7,3,0,0,0,1,37.72,41.665,33,19.9995,85,228,313
13021,3,1,7,3,0,0,0,1,37.72,40.15,26,19.9995,90,323,413
13022,3,1,7,4,0,0,0,1,36.08,38.635,32,23.9994,95,275,370
13023,3,1,7,4,0,0,0,1,34.44,37.12,39,8.9981,103,279,382
13024,3,1,7,4,0,0,0,1,34.44,37.12,39,8.9981,88,244,332
13025,3,1,7,4,0,0,0,1,34.44,37.12,39,8.9981,77,181,258
13026,3,1,7,1,0,0,0,1,33.62,37.12,43,8.9981,41,110,151
13027,3,1,7,1,0,0,0,3,31.98,35.605,52,11.0014,22,88,110
13028,3,1,7,1,0,1,1,2,31.16,35.605,58,15.0013,12,31,43
13029,3,1,7,1,0,1,1,2,31.16,35.605,58,12.998,3,14,17
13030,3,1,7,1,0,1,1,2,30.34,33.335,51,16.9979,1,14,15
13031,3,1,7,1,0,1,1,2,29.52,33.335,54,27.9993,0,5,5
13032,3,1,7,1,0,1,1,2,29.52,33.335,54,19.9995,2,10,12
13033,3,1,7,1,0,1,1,2,29.52,33.335,51,0,3,37,40
13034,3,1,7,1,0,1,1,1,28.7,32.575,58,7.0015,4,132,136
13035,3,1,7,2,0,1,1,1,30.34,33.335,51,7.0015,8,390,398
13036,3,1,7,2,0,1,1,1,31.16,34.85,52,12.998,20,548,568
13037,3,1,7,2,0,1,1,1,31.98,34.85,46,16.9979,56,239,295
13038,3,1,7,3,0,1,1,1,32.8,36.365,43,16.9979,70,104,174
13039,3,1,7,3,0,1,1,1,34.44,36.365,28,19.9995,67,134,201
13040,3,1,7,3,0,1,1,1,34.44,36.365,32,12.998,74,183,257
13041,3,1,7,3,0,1,1,1,35.26,37.88,34,15.0013,74,162,236
13042,3,1,7,3,0,1,1,1,35.26,37.88,34,15.0013,79,151,230
13043,3,1,7,3,0,1,1,1,34.44,37.12,36,12.998,59,175,234
13044,3,1,7,3,0,1,1,1,34.44,37.12,36,19.0012,61,304,365
13045,3,1,7,3,0,1,1,1,34.44,36.365,32,8.9981,82,665,747
13046,3,1,7,4,0,1,1,1,34.44,36.365,32,11.0014,72,658,730
13047,3,1,7,4,0,1,1,1,31.98,34.85,43,8.9981,71,510,581
13048,3,1,7,4,0,1,1,1,31.98,34.85,43,8.9981,38,357,395
13049,3,1,7,4,0,1,1,1,31.16,34.09,45,8.9981,17,241,258
13050,3,1,7,1,0,1,1,1,30.34,33.335,51,11.0014,19,169,188
13051,3,1,7,1,0,1,1,1,30.34,33.335,51,7.0015,12,90,102
13052,3,1,7,1,0,2,1,1,29.52,33.335,54,0,9,44,53
13053,3,1,7,1,0,2,1,1,29.52,33.335,58,0,5,9,14
13054,3,1,7,1,0,2,1,1,29.52,33.335,58,0,2,8,10
13055,3,1,7,1,0,2,1,1,28.7,32.575,65,8.9981,0,2,2
13056,3,1,7,1,0,2,1,1,27.88,31.82,65,7.0015,0,6,6
13057,3,1,7,1,0,2,1,1,28.7,32.575,61,0,2,33,35
13058,3,1,7,1,0,2,1,1,28.7,32.575,65,8.9981,5,149,154
13059,3,1,7,2,0,2,1,1,30.34,34.09,58,0,21,462,483
13060,3,1,7,2,0,2,1,1,30.34,34.09,62,6.0032,42,604,646
13061,3,1,7,2,0,2,1,1,32.8,37.12,49,11.0014,46,226,272
13062,3,1,7,3,0,2,1,1,33.62,37.12,43,15.0013,56,153,209
13063,3,1,7,3,0,2,1,1,35.26,37.88,34,12.998,66,151,217
13064,3,1,7,3,0,2,1,1,36.08,37.88,28,12.998,74,198,272
13065,3,1,7,3,0,2,1,1,36.9,38.635,25,8.9981,80,203,283
13066,3,1,7,3,0,2,1,1,36.9,38.635,25,12.998,69,241,310
13067,3,1,7,3,0,2,1,2,36.9,38.635,24,0,71,330,401
13068,3,1,7,3,0,2,1,2,36.9,38.635,24,12.998,90,437,527
13069,3,1,7,3,0,2,1,2,35.26,37.12,30,11.0014,102,620,722
13070,3,1,7,4,0,2,1,2,35.26,37.12,30,0,85,542,627
13071,3,1,7,4,0,2,1,2,34.44,37.12,36,8.9981,66,431,497
13072,3,1,7,4,0,2,1,3,31.16,34.85,55,32.9975,80,296,376
13073,3,1,7,4,0,2,1,2,28.7,32.575,70,19.0012,36,160,196
13074,3,1,7,1,0,2,1,1,27.88,31.82,79,12.998,26,151,177
13075,3,1,7,1,0,2,1,1,27.06,30.305,83,0,19,152,171
13076,3,1,7,1,1,3,0,1,27.88,31.82,79,6.0032,19,140,159
13077,3,1,7,1,1,3,0,1,27.88,31.82,74,0,27,96,123
13078,3,1,7,1,1,3,0,1,27.06,30.305,83,8.9981,27,66,93
13079,3,1,7,1,1,3,0,1,27.88,31.82,74,12.998,9,23,32
13080,3,1,7,1,1,3,0,1,27.88,31.82,69,16.9979,5,11,16
13081,3,1,7,1,1,3,0,1,27.06,31.06,69,0,5,14,19
13082,3,1,7,1,1,3,0,1,27.06,31.06,69,0,9,23,32
13083,3,1,7,2,1,3,0,1,27.88,31.82,65,0,10,62,72
13084,3,1,7,2,1,3,0,1,28.7,32.575,61,7.0015,43,110,153
13085,3,1,7,2,1,3,0,1,31.16,34.85,52,0,90,203,293
13086,3,1,7,3,1,3,0,1,32.8,36.365,46,0,143,304,447
13087,3,1,7,3,1,3,0,1,33.62,37.88,46,8.9981,164,321,485
13088,3,1,7,3,1,3,0,1,35.26,39.395,41,15.0013,164,330,494
13089,3,1,7,3,1,3,0,1,36.9,40.91,35,0,177,322,499
13090,3,1,7,3,1,3,0,1,36.9,40.91,37,11.0014,190,357,547
13091,3,1,7,3,1,3,0,1,37.72,42.425,35,19.9995,155,299,454
13092,3,1,7,3,1,3,0,1,37.72,42.425,35,16.9979,163,226,389
13093,3,1,7,3,1,3,0,1,37.72,42.425,35,19.9995,161,253,414
13094,3,1,7,4,1,3,0,1,36.9,42.425,42,12.998,159,271,430
13095,3,1,7,4,1,3,0,1,35.26,40.15,47,15.0013,177,255,432
13096,3,1,7,4,1,3,0,1,35.26,40.15,47,15.0013,237,314,551
13097,3,1,7,4,1,3,0,1,34.44,40.15,53,8.9981,222,362,584
13098,3,1,7,1,1,3,0,1,33.62,39.395,56,15.0013,175,327,502
13099,3,1,7,1,1,3,0,2,31.98,34.85,43,6.0032,31,152,183
13100,3,1,7,1,0,4,1,1,30.34,33.335,51,7.0015,17,71,88
13101,3,1,7,1,0,4,1,1,30.34,33.335,51,19.0012,6,24,30
13102,3,1,7,1,0,4,1,1,30.34,33.335,51,0,4,14,18
13103,3,1,7,1,0,4,1,1,29.52,33.335,54,12.998,2,5,7
13104,3,1,7,1,0,4,1,1,29.52,33.335,58,0,0,7,7
13105,3,1,7,1,0,4,1,1,29.52,34.09,62,0,1,28,29
13106,3,1,7,1,0,4,1,1,29.52,33.335,58,0,3,130,133
13107,3,1,7,2,0,4,1,1,31.16,34.85,55,0,27,316,343
13108,3,1,7,2,0,4,1,1,32.8,37.12,49,8.9981,36,514,550
13109,3,1,7,2,0,4,1,1,34.44,39.395,49,19.9995,47,246,293
13110,3,1,7,3,0,4,1,1,35.26,39.395,44,23.9994,69,117,186
13111,3,1,7,3,0,4,1,1,36.9,40.91,35,19.9995,107,137,244
13112,3,1,7,3,0,4,1,1,36.9,40.91,35,23.9994,88,188,276
13113,3,1,7,3,0,4,1,1,37.72,41.665,33,15.0013,129,181,310
13114,3,1,7,3,0,4,1,1,37.72,41.665,33,22.0028,87,154,241
13115,3,1,7,3,0,4,1,1,37.72,41.665,33,23.9994,71,183,254
13116,3,1,7,3,0,4,1,1,37.72,41.665,33,16.9979,109,324,433
13117,3,1,7,3,0,4,1,1,37.72,42.425,35,11.0014,114,575,689
13118,3,1,7,4,0,4,1,2,36.9,41.665,39,22.0028,96,511,607
13119,3,1,7,4,0,4,1,2,36.08,40.15,39,16.9979,128,375,503
13120,3,1,7,4,0,4,1,2,35.26,39.395,41,15.0013,78,243,321
13121,3,1,7,4,0,4,1,1,34.44,38.635,47,12.998,91,232,323
13122,3,1,7,1,0,4,1,1,33.62,40.15,59,8.9981,63,162,225
13123,3,1,7,1,0,4,1,1,32.8,37.88,55,11.0014,32,99,131
13124,3,1,7,1,0,5,1,1,31.98,37.12,62,8.9981,39,63,102
13125,3,1,7,1,0,5,1,1,31.98,36.365,55,15.0013,7,22,29
13126,3,1,7,1,0,5,1,1,31.16,35.605,62,8.9981,4,13,17
13127,3,1,7,1,0,5,1,2,30.34,34.85,70,12.998,1,6,7
13128,3,1,7,1,0,5,1,1,30.34,34.85,66,15.0013,2,4,6
13129,3,1,7,1,0,5,1,1,30.34,34.85,66,12.998,4,31,35
13130,3,1,7,1,0,5,1,1,30.34,34.85,66,12.998,4,127,131
13131,3,1,7,2,0,5,1,1,31.98,34.85,46,8.9981,20,333,353
13132,3,1,7,2,0,5,1,1,32.8,35.605,41,11.0014,28,557,585
13133,3,1,7,2,0,5,1,1,33.62,36.365,36,8.9981,55,249,304
13134,3,1,7,3,0,5,1,1,35.26,37.12,30,0,80,130,210
13135,3,1,7,3,0,5,1,1,34.44,36.365,32,6.0032,92,141,233
13136,3,1,7,3,0,5,1,1,36.08,37.88,28,7.0015,111,220,331
13137,3,1,7,3,0,5,1,1,36.9,39.395,27,7.0015,99,194,293
13138,3,1,7,3,0,5,1,1,36.9,40.15,31,11.0014,91,184,275
13139,3,1,7,3,0,5,1,1,37.72,40.91,29,12.998,79,206,285
13140,3,1,7,3,0,5,1,1,37.72,40.91,29,7.0015,69,300,369
13141,3,1,7,3,0,5,1,1,37.72,40.91,29,0,90,486,576
13142,3,1,7,4,0,5,1,1,36.9,40.15,33,16.9979,106,454,560
13143,3,1,7,4,0,5,1,1,36.08,39.395,35,15.0013,112,306,418
13144,3,1,7,4,0,5,1,1,35.26,38.635,39,7.0015,91,245,336
13145,3,1,7,4,0,5,1,1,33.62,38.635,52,8.9981,77,223,300
13146,3,1,7,1,0,5,1,1,32.8,37.88,55,12.998,78,210,288
13147,3,1,7,1,0,5,1,1,32.8,39.395,63,7.0015,27,137,164
13148,3,1,7,1,0,6,0,1,31.98,37.88,66,8.9981,35,115,150
13149,3,1,7,1,0,6,0,1,31.16,36.365,70,11.0014,16,55,71
13150,3,1,7,1,0,6,0,1,31.16,37.12,72,11.0014,11,47,58
13151,3,1,7,1,0,6,0,1,30.34,35.605,74,8.9981,12,19,31
13152,3,1,7,1,0,6,0,1,30.34,35.605,74,11.0014,3,13,16
13153,3,1,7,1,0,6,0,1,30.34,35.605,74,12.998,2,12,14
13154,3,1,7,1,0,6,0,1,30.34,35.605,74,7.0015,4,27,31
13155,3,1,7,2,0,6,0,1,31.98,37.88,66,7.0015,8,63,71
13156,3,1,7,2,0,6,0,1,33.62,41.665,63,12.998,32,120,152
13157,3,1,7,2,0,6,0,1,34.44,41.665,59,11.0014,69,187,256
13158,3,1,7,3,0,6,0,1,37.72,43.18,37,15.0013,100,225,325
13159,3,1,7,3,0,6,0,1,38.54,43.94,38,12.998,122,245,367
13160,3,1,7,3,0,6,0,1,39.36,43.18,31,23.9994,124,218,342
13161,3,1,7,3,0,6,0,2,39.36,43.18,31,16.9979,116,244,360
13162,3,1,7,3,0,6,0,2,39.36,43.18,30,8.9981,105,203,308
13163,3,1,7,3,0,6,0,1,39.36,42.425,26,0,113,193,306
13164,3,1,7,3,0,6,0,1,41,43.18,19,11.0014,102,192,294
13165,3,1,7,3,0,6,0,1,39.36,42.425,26,8.9981,103,176,279
13166,3,1,7,4,0,6,0,1,38.54,41.665,29,6.0032,83,194,277
13167,3,1,7,4,0,6,0,1,37.72,41.665,33,8.9981,68,219,287
13168,3,1,7,4,0,6,0,1,36.9,40.91,37,11.0014,79,197,276
13169,3,1,7,4,0,6,0,1,36.08,39.395,37,12.998,51,150,201
13170,3,1,7,1,0,6,0,1,34.44,41.665,59,12.998,56,164,220
13171,3,1,7,1,0,6,0,1,34.44,40.91,56,11.0014,34,114,148
13172,3,1,7,1,0,0,0,1,33.62,39.395,56,8.9981,22,125,147
13173,3,1,7,1,0,0,0,1,33.62,39.395,56,7.0015,25,99,124
13174,3,1,7,1,0,0,0,1,33.62,38.635,52,7.0015,11,59,70
13175,3,1,7,1,0,0,0,1,32.8,38.635,59,7.0015,1,34,35
13176,3,1,7,1,0,0,0,1,31.98,37.88,66,7.0015,2,11,13
13177,3,1,7,1,0,0,0,1,31.98,37.12,62,0,1,5,6
13178,3,1,7,1,0,0,0,1,31.98,38.635,70,8.9981,5,16,21
13179,3,1,7,2,0,0,0,1,32.8,40.15,66,0,19,33,52
13180,3,1,7,2,0,0,0,1,34.44,40.15,53,8.9981,35,95,130
13181,3,1,7,2,0,0,0,1,35.26,40.91,50,7.0015,70,172,242
13182,3,1,7,3,0,0,0,1,36.9,43.18,45,0,85,234,319
13183,3,1,7,3,0,0,0,1,37.72,44.695,42,19.9995,120,269,389
13184,3,1,7,3,0,0,0,1,37.72,44.695,42,12.998,105,271,376
13185,3,1,7,3,0,0,0,1,38.54,43.94,38,16.9979,118,219,337
13186,3,1,7,3,0,0,0,1,39.36,45.455,36,11.0014,77,235,312
13187,3,1,7,3,0,0,0,3,37.72,44.695,42,19.0012,80,218,298
13188,3,1,7,3,0,0,0,2,32.8,40.15,66,15.0013,65,226,291
13189,3,1,7,3,0,0,0,1,31.98,37.12,59,0,68,202,270
13190,3,1,7,4,0,0,0,1,31.98,37.12,62,7.0015,54,199,253
13191,3,1,7,4,0,0,0,1,31.98,37.12,62,11.0014,66,184,250
13192,3,1,7,4,0,0,0,1,31.16,36.365,70,6.0032,79,206,285
13193,3,1,7,4,0,0,0,1,31.16,36.365,70,8.9981,58,149,207
13194,3,1,7,1,0,0,0,3,30.34,34.85,70,6.0032,12,110,122
13195,3,1,7,1,0,0,0,3,27.88,31.82,83,6.0032,25,98,123
13196,3,1,7,1,0,1,1,2,27.88,31.82,89,6.0032,6,33,39
13197,3,1,7,1,0,1,1,3,28.7,33.335,89,7.0015,5,13,18
13198,3,1,7,1,0,1,1,3,28.7,33.335,89,12.998,1,4,5
13199,3,1,7,1,0,1,1,3,28.7,33.335,89,12.998,0,5,5
13200,3,1,7,1,0,1,1,3,27.06,29.545,89,26.0027,1,1,2
13201,3,1,7,1,0,1,1,2,27.06,30.305,83,15.0013,1,27,28
13202,3,1,7,1,0,1,1,3,26.24,28.79,89,16.9979,6,86,92
13203,3,1,7,2,0,1,1,3,27.06,30.305,83,15.0013,7,223,230
13204,3,1,7,2,0,1,1,2,27.06,30.305,83,11.0014,26,429,455
13205,3,1,7,2,0,1,1,2,27.06,30.305,83,11.0014,38,325,363
13206,3,1,7,3,0,1,1,2,27.06,30.305,83,12.998,58,117,175
13207,3,1,7,3,0,1,1,2,29.52,34.09,62,8.9981,72,144,216
13208,3,1,7,3,0,1,1,2,30.34,34.09,58,8.9981,61,205,266
13209,3,1,7,3,0,1,1,2,31.16,34.85,55,16.9979,67,188,255
13210,3,1,7,3,0,1,1,2,30.34,34.09,55,16.9979,58,184,242
13211,3,1,7,3,0,1,1,2,31.16,34.09,45,15.0013,66,214,280
13212,3,1,7,3,0,1,1,1,31.98,34.85,40,19.0012,88,325,413
13213,3,1,7,3,0,1,1,1,31.98,34.85,40,11.0014,108,741,849
13214,3,1,7,4,0,1,1,1,31.16,34.09,48,8.9981,82,790,872
13215,3,1,7,4,0,1,1,1,30.34,34.09,55,11.0014,88,543,631
13216,3,1,7,4,0,1,1,2,30.34,34.09,55,7.0015,69,378,447
13217,3,1,7,4,0,1,1,2,30.34,34.09,55,6.0032,33,298,331
13218,3,1,7,1,0,1,1,2,29.52,33.335,58,7.0015,35,189,224
13219,3,1,7,1,0,1,1,2,28.7,32.575,65,7.0015,22,109,131
13220,3,1,7,1,0,2,1,1,28.7,32.575,70,6.0032,16,53,69
13221,3,1,7,1,0,2,1,1,28.7,33.335,74,8.9981,0,15,15
13222,3,1,7,1,0,2,1,1,28.7,33.335,74,8.9981,1,15,16
13223,3,1,7,1,0,2,1,1,27.88,31.82,79,0,0,3,3
13224,3,1,7,1,0,2,1,1,27.88,31.82,79,8.9981,0,4,4
13225,3,1,7,1,0,2,1,1,27.06,30.305,83,8.9981,3,39,42
13226,3,1,7,1,0,2,1,2,27.88,31.82,79,7.0015,4,183,187
13227,3,1,7,2,0,2,1,2,28.7,33.335,74,7.0015,31,489,520
13228,3,1,7,2,0,2,1,1,29.52,34.85,74,8.9981,34,615,649
13229,3,1,7,2,0,2,1,1,30.34,34.85,66,8.9981,47,284,331
13230,3,1,7,3,0,2,1,1,31.16,35.605,62,12.998,56,134,190
13231,3,1,7,3,0,2,1,1,32.8,36.365,46,12.998,92,157,249
13232,3,1,7,3,0,2,1,1,32.8,35.605,41,8.9981,69,203,272
13233,3,1,7,3,0,2,1,1,33.62,36.365,38,12.998,77,203,280
13234,3,1,7,3,0,2,1,1,33.62,36.365,38,11.0014,71,171,242
13235,3,1,7,3,0,2,1,1,32.8,35.605,41,15.0013,77,188,265
13236,3,1,7,3,0,2,1,1,32.8,36.365,43,15.0013,89,346,435
13237,3,1,7,3,0,2,1,1,31.98,35.605,49,12.998,103,769,872
13238,3,1,7,4,0,2,1,3,28.7,33.335,74,15.0013,70,749,819
13239,3,1,7,4,0,2,1,3,28.7,33.335,74,15.0013,55,359,414
13240,3,1,7,4,0,2,1,3,26.24,28.79,83,15.0013,9,75,84
13241,3,1,7,4,0,2,1,3,26.24,28.79,89,7.0015,7,83,90
13242,3,1,7,1,0,2,1,2,26.24,28.79,83,8.9981,14,125,139
13243,3,1,7,1,0,2,1,2,26.24,28.79,89,7.0015,29,74,103
13244,3,1,7,1,0,3,1,2,27.06,30.305,83,8.9981,6,38,44
13245,3,1,7,1,0,3,1,1,26.24,28.79,89,0,3,11,14
13246,3,1,7,1,0,3,1,1,26.24,28.79,89,0,0,5,5
13247,3,1,7,1,0,3,1,1,26.24,28.79,89,8.9981,0,5,5
13248,3,1,7,1,0,3,1,1,26.24,28.79,89,8.9981,1,6,7
13249,3,1,7,1,0,3,1,1,26.24,28.79,89,0,5,36,41
13250,3,1,7,1,0,3,1,1,26.24,28.79,89,8.9981,17,168,185
13251,3,1,7,2,0,3,1,2,27.06,30.305,83,7.0015,26,471,497
13252,3,1,7,2,0,3,1,2,27.88,31.82,79,11.0014,30,644,674
13253,3,1,7,2,0,3,1,2,28.7,33.335,74,8.9981,30,298,328
13254,3,1,7,3,0,3,1,2,29.52,34.09,62,8.9981,47,148,195
13255,3,1,7,3,0,3,1,2,31.16,35.605,58,8.9981,56,173,229
13256,3,1,7,3,0,3,1,2,31.98,34.85,43,0,69,223,292
13257,3,1,7,3,0,3,1,2,32.8,35.605,42,11.0014,65,208,273
13258,3,1,7,3,0,3,1,1,32.8,35.605,41,15.0013,66,175,241
13259,3,1,7,3,0,3,1,1,32.8,35.605,41,16.9979,56,220,276
13260,3,1,7,3,0,3,1,1,32.8,35.605,38,12.998,53,358,411
13261,3,1,7,3,0,3,1,1,32.8,34.85,31,15.0013,90,740,830
13262,3,1,7,4,0,3,1,1,31.98,34.09,38,16.9979,79,735,814
13263,3,1,7,4,0,3,1,1,30.34,33.335,48,15.0013,73,560,633
13264,3,1,7,4,0,3,1,1,30.34,33.335,51,11.0014,73,410,483
13265,3,1,7,4,0,3,1,1,29.52,33.335,58,15.0013,69,322,391
13266,3,1,7,1,0,3,1,1,29.52,33.335,58,16.9979,41,203,244
13267,3,1,7,1,0,3,1,2,28.7,32.575,58,16.9979,20,132,152
13268,3,1,7,1,0,4,1,2,27.88,31.82,61,0,1,55,56
13269,3,1,7,1,0,4,1,2,27.06,31.06,61,0,0,21,21
13270,3,1,7,1,0,4,1,2,27.06,31.06,65,6.0032,0,9,9
13271,3,1,7,1,0,4,1,1,26.24,30.305,69,7.0015,0,10,10
13272,3,1,7,1,0,4,1,1,26.24,30.305,73,7.0015,0,5,5
13273,3,1,7,1,0,4,1,1,25.42,29.545,73,7.0015,4,40,44
13274,3,1,7,1,0,4,1,1,26.24,30.305,73,6.0032,7,171,178
13275,3,1,7,2,0,4,1,1,26.24,30.305,73,8.9981,32,480,512
13276,3,1,7,2,0,4,1,1,27.88,31.82,65,8.9981,49,653,702
13277,3,1,7,2,0,4,1,1,29.52,33.335,58,7.0015,42,285,327
13278,3,1,7,3,0,4,1,1,30.34,33.335,48,11.0014,69,145,214
13279,3,1,7,3,0,4,1,1,31.16,34.09,45,7.0015,49,166,215
13280,3,1,7,3,0,4,1,1,31.98,34.09,35,8.9981,71,221,292
13281,3,1,7,3,0,4,1,1,32.8,34.85,33,15.0013,52,225,277
13282,3,1,7,3,0,4,1,1,31.98,34.09,33,15.0013,42,167,209
13283,3,1,7,3,0,4,1,1,32.8,35.605,36,12.998,63,208,271
13284,3,1,7,3,0,4,1,1,32.8,35.605,36,12.998,69,370,439
13285,3,1,7,3,0,4,1,1,31.16,34.09,43,15.0013,91,704,795
13286,3,1,7,4,0,4,1,1,31.16,34.09,45,8.9981,86,739,825
13287,3,1,7,4,0,4,1,1,30.34,33.335,48,15.0013,97,532,629
13288,3,1,7,4,0,4,1,1,30.34,33.335,48,15.0013,75,439,514
13289,3,1,7,4,0,4,1,1,29.52,33.335,48,15.0013,44,329,373
13290,3,1,7,1,0,4,1,1,29.52,33.335,51,11.0014,56,262,318
13291,3,1,7,1,0,4,1,2,28.7,32.575,51,15.0013,33,178,211
13292,3,1,7,1,0,5,1,2,28.7,32.575,54,11.0014,19,76,95
13293,3,1,7,1,0,5,1,2,27.88,31.82,54,7.0015,17,42,59
13294,3,1,7,1,0,5,1,2,27.06,31.06,61,6.0032,2,15,17
13295,3,1,7,1,0,5,1,2,27.88,31.82,61,0,2,7,9
13296,3,1,7,1,0,5,1,2,27.06,31.06,61,0,0,11,11
13297,3,1,7,1,0,5,1,2,27.06,31.82,56,6.0032,4,30,34
13298,3,1,7,1,0,5,1,2,28.7,32.575,54,0,7,120,127
13299,3,1,7,2,0,5,1,2,28.7,32.575,54,0,27,353,380
13300,3,1,7,2,0,5,1,2,28.7,32.575,54,0,53,660,713
13301,3,1,7,2,0,5,1,2,29.52,33.335,51,0,70,344,414
13302,3,1,7,3,0,5,1,2,30.34,33.335,48,0,78,190,268
13303,3,1,7,3,0,5,1,2,31.16,34.09,45,8.9981,68,220,288
13304,3,1,7,3,0,5,1,2,31.16,34.09,40,7.0015,125,254,379
13305,3,1,7,3,0,5,1,2,32.8,35.605,38,8.9981,100,274,374
13306,3,1,7,3,0,5,1,2,32.8,35.605,38,0,120,249,369
13307,3,1,7,3,0,5,1,2,32.8,35.605,36,7.0015,92,261,353
13308,3,1,7,3,0,5,1,2,32.8,35.605,36,15.0013,111,381,492
13309,3,1,7,3,0,5,1,2,32.8,35.605,36,11.0014,138,697,835
13310,3,1,7,4,0,5,1,1,31.98,34.85,46,12.998,108,523,631
13311,3,1,7,4,0,5,1,1,30.34,33.335,51,11.0014,103,385,488
13312,3,1,7,4,0,5,1,1,30.34,33.335,48,8.9981,95,294,389
13313,3,1,7,4,0,5,1,1,29.52,33.335,54,0,76,223,299
13314,3,1,7,1,0,5,1,1,30.34,33.335,45,0,59,204,263
13315,3,1,7,1,0,5,1,2,29.52,32.575,45,8.9981,37,175,212
13316,3,1,7,1,0,6,0,2,29.52,33.335,48,6.0032,35,156,191
13317,3,1,7,1,0,6,0,2,28.7,32.575,51,7.0015,13,105,118
13318,3,1,7,1,0,6,0,2,28.7,32.575,54,7.0015,10,91,101
13319,3,1,7,1,0,6,0,2,28.7,32.575,54,7.0015,9,31,40
13320,3,1,7,1,0,6,0,3,27.06,31.06,61,7.0015,3,6,9
13321,3,1,7,1,0,6,0,2,26.24,30.305,73,7.0015,0,5,5
13322,3,1,7,1,0,6,0,2,26.24,29.545,78,6.0032,6,29,35
13323,3,1,7,2,0,6,0,1,26.24,29.545,78,19.0012,7,41,48
13324,3,1,7,2,0,6,0,1,25.42,29.545,78,19.0012,33,118,151
13325,3,1,7,2,0,6,0,1,27.06,31.06,74,12.998,82,200,282
13326,3,1,7,3,0,6,0,2,29.52,34.09,70,6.0032,123,278,401
13327,3,1,7,3,0,6,0,2,29.52,34.09,70,7.0015,143,296,439
13328,3,1,7,3,0,6,0,2,30.34,34.85,66,6.0032,181,318,499
13329,3,1,7,3,0,6,0,2,31.16,35.605,62,6.0032,219,372,591
13330,3,1,7,3,0,6,0,1,32.8,37.88,55,7.0015,269,363,632
13331,3,1,7,3,0,6,0,1,32.8,37.88,55,11.0014,243,317,560
13332,3,1,7,3,0,6,0,2,29.52,34.85,79,23.9994,226,340,566
13333,3,1,7,3,0,6,0,3,28.7,33.335,79,11.0014,199,259,458
13334,3,1,7,4,0,6,0,1,29.52,34.85,79,8.9981,108,243,351
13335,3,1,7,4,0,6,0,1,29.52,35.605,84,6.0032,156,275,431
13336,3,1,7,4,0,6,0,1,29.52,35.605,84,6.0032,101,255,356
13337,3,1,7,4,0,6,0,1,28.7,33.335,84,15.0013,69,200,269
13338,3,1,7,1,0,6,0,1,28.7,33.335,79,12.998,65,160,225
13339,3,1,7,1,0,6,0,2,27.88,31.82,83,6.0032,55,156,211
13340,3,1,7,1,0,0,0,1,27.88,31.82,89,11.0014,40,147,187
13341,3,1,7,1,0,0,0,2,27.88,31.82,89,8.9981,49,119,168
13342,3,1,7,1,0,0,0,2,27.88,31.82,89,11.0014,29,86,115
13343,3,1,7,1,0,0,0,2,27.88,31.82,89,11.0014,15,42,57
13344,3,1,7,1,0,0,0,2,27.88,31.82,89,7.0015,8,11,19
13345,3,1,7,1,0,0,0,1,27.88,31.82,89,8.9981,2,7,9
13346,3,1,7,1,0,0,0,1,27.88,31.82,83,8.9981,6,9,15
13347,3,1,7,2,0,0,0,1,28.7,33.335,79,6.0032,17,30,47
13348,3,1,7,2,0,0,0,2,28.7,33.335,84,8.9981,37,96,133
13349,3,1,7,2,0,0,0,2,29.52,34.85,79,0,58,163,221
13350,3,1,7,3,0,0,0,1,31.16,36.365,66,8.9981,141,241,382
13351,3,1,7,3,0,0,0,1,33.62,38.635,52,11.0014,170,281,451
13352,3,1,7,3,0,0,0,1,34.44,38.635,47,7.0015,153,336,489
13353,3,1,7,3,0,0,0,1,35.26,39.395,41,7.0015,171,309,480
13354,3,1,7,3,0,0,0,1,36.9,40.91,37,16.9979,162,314,476
13355,3,1,7,3,0,0,0,1,35.26,40.15,47,8.9981,182,307,489
13356,3,1,7,3,0,0,0,1,35.26,39.395,41,15.0013,152,343,495
13357,3,1,7,3,0,0,0,1,32.8,38.635,59,32.9975,122,314,436
13358,3,1,7,4,0,0,0,3,29.52,34.85,79,23.9994,84,228,312
13359,3,1,7,4,0,0,0,1,29.52,35.605,84,15.0013,109,203,312
13360,3,1,7,4,0,0,0,1,29.52,34.85,79,16.9979,95,199,294
13361,3,1,7,4,0,0,0,1,29.52,34.85,79,6.0032,59,164,223
13362,3,1,7,1,0,0,0,1,29.52,34.85,74,7.0015,34,96,130
13363,3,1,7,1,0,0,0,1,29.52,34.85,79,8.9981,25,66,91
13364,3,1,7,1,0,1,1,3,29.52,34.85,79,7.0015,11,32,43
13365,3,1,7,1,0,1,1,2,28.7,33.335,74,12.998,1,10,11
13366,3,1,7,1,0,1,1,1,28.7,33.335,74,7.0015,4,11,15
13367,3,1,7,1,0,1,1,1,27.88,31.82,79,6.0032,2,4,6
13368,3,1,7,1,0,1,1,1,27.88,31.82,79,7.0015,1,11,12
13369,3,1,7,1,0,1,1,1,27.06,30.305,78,7.0015,10,40,50
13370,3,1,7,1,0,1,1,1,27.88,31.82,79,8.9981,8,132,140
13371,3,1,7,2,0,1,1,1,29.52,34.09,70,6.0032,24,459,483
13372,3,1,7,2,0,1,1,1,30.34,34.85,66,7.0015,48,619,667
13373,3,1,7,2,0,1,1,1,31.16,35.605,62,11.0014,51,297,348
13374,3,1,7,3,0,1,1,1,32.8,38.635,59,0,69,117,186
13375,3,1,7,3,0,1,1,1,34.44,40.15,53,15.0013,57,125,182
13376,3,1,7,3,0,1,1,1,34.44,39.395,49,8.9981,79,158,237
13377,3,1,7,3,0,1,1,1,34.44,39.395,49,19.0012,63,176,239
13378,3,1,7,3,0,1,1,1,36.08,40.91,42,7.0015,53,159,212
13379,3,1,7,3,0,1,1,1,35.26,40.15,47,16.9979,61,176,237
13380,3,1,7,3,0,1,1,3,31.16,36.365,66,39.0007,77,309,386
13381,3,1,7,3,0,1,1,3,31.16,36.365,66,39.0007,86,669,755
13382,3,1,7,4,0,1,1,1,34.44,40.15,53,0,97,697,794
13383,3,1,7,4,0,1,1,1,32.8,39.395,63,8.9981,92,503,595
13384,3,1,7,4,0,1,1,1,32.8,38.635,59,8.9981,66,388,454
13385,3,1,7,4,0,1,1,1,31.16,36.365,66,8.9981,45,283,328
13386,3,1,7,1,0,1,1,1,31.16,35.605,62,6.0032,56,228,284
13387,3,1,7,1,0,1,1,1,30.34,35.605,74,6.0032,27,139,166
13388,3,1,7,1,0,2,1,1,29.52,35.605,84,7.0015,10,43,53
13389,3,1,7,1,0,2,1,1,30.34,34.85,70,0,4,21,25
13390,3,1,7,1,0,2,1,1,29.52,34.09,70,6.0032,1,6,7
13391,3,1,7,1,0,2,1,1,29.52,34.09,66,0,0,3,3
13392,3,1,7,1,0,2,1,1,29.52,34.09,62,0,0,7,7
13393,3,1,7,1,0,2,1,1,27.88,31.82,74,6.0032,7,31,38
13394,3,1,7,1,0,2,1,1,29.52,34.09,66,7.0015,16,197,213
13395,3,1,7,2,0,2,1,2,30.34,34.85,70,0,26,500,526
13396,3,1,7,2,0,2,1,2,32.8,37.88,55,0,43,618,661
13397,3,1,7,2,0,2,1,2,33.62,38.635,49,15.0013,32,288,320
13398,3,1,7,3,0,2,1,2,34.44,39.395,49,12.998,37,122,159
13399,3,1,7,3,0,2,1,2,35.26,40.15,47,0,60,146,206
13400,3,1,7,3,0,2,1,2,36.9,40.91,35,0,80,174,254
13401,3,1,7,3,0,2,1,1,37.72,40.91,31,12.998,53,168,221
13402,3,1,7,3,0,2,1,1,38.54,41.665,29,16.9979,54,160,214
13403,3,1,7,3,0,2,1,1,37.72,40.91,31,11.0014,57,187,244
13404,3,1,7,3,0,2,1,1,37.72,40.91,29,11.0014,64,317,381
13405,3,1,7,3,0,2,1,1,37.72,40.91,29,0,95,675,770
13406,3,1,7,4,0,2,1,1,36.9,40.15,33,12.998,60,712,772
13407,3,1,7,4,0,2,1,1,36.08,39.395,35,16.9979,69,478,547
13408,3,1,7,4,0,2,1,1,35.26,37.88,34,11.0014,52,375,427
13409,3,1,7,4,0,2,1,1,33.62,38.635,52,8.9981,50,283,333
13410,3,1,7,1,0,2,1,1,32.8,37.88,55,15.0013,29,215,244
13411,3,1,7,1,0,2,1,1,31.98,37.12,59,12.998,22,139,161
13412,3,1,7,1,0,3,1,1,31.16,36.365,66,11.0014,8,45,53
13413,3,1,7,1,0,3,1,1,31.16,36.365,66,7.0015,2,14,16
13414,3,1,7,1,0,3,1,1,30.34,34.85,66,8.9981,3,5,8
13415,3,1,7,1,0,3,1,1,30.34,34.85,66,8.9981,2,2,4
13416,3,1,7,1,0,3,1,1,29.52,34.09,70,8.9981,0,6,6
13417,3,1,7,1,0,3,1,1,29.52,34.09,70,11.0014,5,41,46
13418,3,1,7,1,0,3,1,1,29.52,34.09,70,11.0014,10,152,162
13419,3,1,7,2,0,3,1,1,30.34,34.85,66,11.0014,23,472,495
13420,3,1,7,2,0,3,1,1,31.98,37.12,62,7.0015,55,624,679
13421,3,1,7,2,0,3,1,1,33.62,39.395,56,0,44,253,297
13422,3,1,7,3,0,3,1,1,36.9,42.425,42,12.998,39,99,138
13423,3,1,7,3,0,3,1,1,36.9,42.425,42,0,47,136,183
13424,3,1,7,3,0,3,1,1,37.72,43.18,37,8.9981,36,166,202
13425,3,1,7,3,0,3,1,1,38.54,42.425,33,0,49,154,203
13426,3,1,7,3,0,3,1,1,38.54,43.94,38,22.0028,54,116,170
13427,3,1,7,3,0,3,1,3,37.72,42.425,35,23.9994,42,152,194
13428,3,1,7,3,0,3,1,1,30.34,34.85,66,16.9979,34,190,224
13429,3,1,7,3,0,3,1,1,30.34,34.85,70,16.9979,35,335,370
13430,3,1,7,4,0,3,1,2,31.16,35.605,62,8.9981,63,580,643
13431,3,1,7,4,0,3,1,2,31.16,35.605,62,7.0015,78,438,516
13432,3,1,7,4,0,3,1,1,30.34,34.09,62,6.0032,56,310,366
13433,3,1,7,4,0,3,1,1,31.16,35.605,62,0,53,266,319
13434,3,1,7,1,0,3,1,1,31.16,35.605,58,6.0032,42,246,288
13435,3,1,7,1,0,3,1,1,31.16,35.605,58,6.0032,19,112,131
13436,3,1,7,1,0,4,1,1,30.34,34.85,66,6.0032,16,50,66
13437,3,1,7,1,0,4,1,1,30.34,34.85,66,6.0032,6,19,25
13438,3,1,7,1,0,4,1,1,29.52,34.09,70,12.998,0,7,7
13439,3,1,7,1,0,4,1,1,29.52,34.09,70,7.0015,1,4,5
13440,3,1,7,1,0,4,1,1,29.52,34.09,70,7.0015,0,8,8
13441,3,1,7,1,0,4,1,2,29.52,34.09,70,7.0015,5,35,40
13442,3,1,7,1,0,4,1,1,29.52,34.09,66,8.9981,8,144,152
13443,3,1,7,2,0,4,1,1,30.34,34.09,58,19.0012,23,450,473
13444,3,1,7,2,0,4,1,1,31.16,35.605,58,16.9979,32,625,657
13445,3,1,7,2,0,4,1,2,31.16,35.605,58,19.0012,36,282,318
13446,3,1,7,3,0,4,1,1,31.16,35.605,58,12.998,41,157,198
13447,3,1,7,3,0,4,1,1,32.8,37.88,55,7.0015,54,162,216
13448,3,1,7,3,0,4,1,1,34.44,39.395,49,19.0012,59,215,274
13449,3,1,7,3,0,4,1,1,34.44,38.635,47,8.9981,74,180,254
13450,3,1,7,3,0,4,1,1,35.26,39.395,44,6.0032,46,151,197
13451,3,1,7,3,0,4,1,1,34.44,38.635,47,6.0032,66,226,292
13452,3,1,7,3,0,4,1,1,34.44,38.635,47,6.0032,70,288,358
13453,3,1,7,3,0,4,1,1,35.26,39.395,41,0,93,678,771
13454,3,1,7,4,0,4,1,1,35.26,39.395,41,12.998,93,684,777
13455,3,1,7,4,0,4,1,1,34.44,37.88,44,16.9979,53,480,533
13456,3,1,7,4,0,4,1,1,33.62,38.635,49,11.0014,65,440,505
13457,3,1,7,4,0,4,1,3,27.06,29.545,89,16.9979,38,294,332
13458,3,1,7,1,0,4,1,3,27.06,29.545,89,16.9979,6,62,68
13459,3,1,7,1,0,4,1,3,27.06,29.545,89,15.0013,3,62,65
13460,3,1,7,1,0,5,1,3,27.06,29.545,89,6.0032,2,32,34
13461,3,1,7,1,0,5,1,1,27.06,29.545,89,8.9981,2,9,11
13462,3,1,7,1,0,5,1,2,27.06,29.545,89,6.0032,5,14,19
13463,3,1,7,1,0,5,1,2,27.06,29.545,89,7.0015,7,29,36
13464,3,1,7,1,0,5,1,2,27.06,29.545,89,11.0014,3,6,9
13465,3,1,7,1,0,5,1,2,27.06,29.545,89,8.9981,2,40,42
13466,3,1,7,1,0,5,1,2,27.06,29.545,89,11.0014,3,123,126
13467,3,1,7,2,0,5,1,2,27.06,29.545,89,12.998,14,346,360
13468,3,1,7,2,0,5,1,2,27.88,31.82,83,11.0014,39,652,691
13469,3,1,7,2,0,5,1,2,28.7,33.335,79,8.9981,45,328,373
13470,3,1,7,3,0,5,1,2,28.7,33.335,79,11.0014,51,182,233
13471,3,1,7,3,0,5,1,3,29.52,34.85,74,12.998,51,161,212
13472,3,1,7,3,0,5,1,3,27.88,31.82,83,11.0014,41,233,274
13473,3,1,7,3,0,5,1,3,27.88,31.82,83,7.0015,20,136,156
13474,3,1,7,3,0,5,1,3,28.7,33.335,84,11.0014,53,176,229
13475,3,1,7,3,0,5,1,2,28.7,33.335,84,19.9995,47,169,216
13476,3,1,7,3,0,5,1,2,27.88,31.82,83,22.0028,70,366,436
13477,3,1,7,3,0,5,1,2,27.06,29.545,89,27.9993,95,620,715
13478,3,1,7,4,0,5,1,2,27.06,30.305,78,22.0028,73,549,622
13479,3,1,7,4,0,5,1,2,26.24,28.79,83,19.0012,44,358,402
13480,3,1,7,4,0,5,1,3,26.24,28.79,83,26.0027,35,216,251
13481,3,1,7,4,0,5,1,3,25.42,28.79,83,22.0028,14,108,122
13482,3,1,7,1,0,5,1,2,25.42,28.79,83,12.998,13,122,135
13483,3,1,7,1,0,5,1,2,25.42,28.79,83,19.0012,18,148,166
13484,3,1,7,1,0,6,0,3,25.42,28.79,83,19.0012,11,92,103
13485,3,1,7,1,0,6,0,2,25.42,28.79,83,16.9979,10,62,72
13486,3,1,7,1,0,6,0,3,24.6,27.275,88,19.0012,5,55,60
13487,3,1,7,1,0,6,0,3,24.6,27.275,88,16.9979,7,18,25
13488,3,1,7,1,0,6,0,3,23.78,27.275,88,19.0012,11,5,16
13489,3,1,7,1,0,6,0,3,23.78,27.275,88,16.9979,7,10,17
13490,3,1,7,1,0,6,0,3,23.78,27.275,88,16.9979,3,12,15
13491,3,1,7,2,0,6,0,2,23.78,27.275,88,16.9979,8,29,37
13492,3,1,7,2,0,6,0,2,23.78,27.275,83,16.9979,18,94,112
13493,3,1,7,2,0,6,0,2,23.78,27.275,83,12.998,32,175,207
13494,3,1,7,3,0,6,0,3,23.78,27.275,88,16.9979,49,219,268
13495,3,1,7,3,0,6,0,2,24.6,28.03,83,16.9979,80,225,305
13496,3,1,7,3,0,6,0,3,24.6,28.03,83,15.0013,156,301,457
13497,3,1,7,3,0,6,0,3,24.6,28.03,83,11.0014,106,248,354
13498,3,1,7,3,0,6,0,2,24.6,27.275,88,16.9979,121,222,343
13499,3,1,7,3,0,6,0,3,24.6,27.275,88,16.9979,148,232,380
13500,3,1,7,3,0,6,0,3,24.6,27.275,88,12.998,130,196,326
13501,3,1,7,3,0,6,0,3,24.6,27.275,88,11.0014,92,149,241
13502,3,1,7,4,0,6,0,2,24.6,27.275,88,12.998,51,126,177
13503,3,1,7,4,0,6,0,2,24.6,27.275,88,11.0014,67,171,238
13504,3,1,7,4,0,6,0,3,24.6,27.275,88,11.0014,51,163,214
13505,3,1,7,4,0,6,0,2,24.6,27.275,88,11.0014,29,134,163
13506,3,1,7,1,0,6,0,2,24.6,27.275,88,7.0015,40,140,180
13507,3,1,7,1,0,6,0,2,24.6,27.275,88,0,32,117,149
13508,3,1,7,1,0,0,0,2,24.6,27.275,88,7.0015,17,96,113
13509,3,1,7,1,0,0,0,2,24.6,27.275,88,11.0014,31,99,130
13510,3,1,7,1,0,0,0,2,24.6,27.275,88,7.0015,32,90,122
13511,3,1,7,1,0,0,0,2,24.6,27.275,88,7.0015,13,30,43
13512,3,1,7,1,0,0,0,1,24.6,27.275,88,0,6,10,16
13513,3,1,7,1,0,0,0,1,24.6,27.275,88,0,0,6,6
13514,3,1,7,1,0,0,0,2,25.42,28.79,83,6.0032,5,14,19
13515,3,1,7,2,0,0,0,2,25.42,28.79,83,0,13,25,38
13516,3,1,7,2,0,0,0,2,26.24,29.545,78,0,31,122,153
13517,3,1,7,2,0,0,0,2,27.06,31.06,69,0,79,179,258
13518,3,1,7,3,0,0,0,2,27.06,31.06,74,0,114,265,379
13519,3,1,7,3,0,0,0,2,27.06,31.06,74,0,191,314,505
13520,3,1,7,3,0,0,0,2,28.7,32.575,70,7.0015,178,326,504
13521,3,1,7,3,0,0,0,2,28.7,32.575,65,6.0032,238,388,626
13522,3,1,7,3,0,0,0,1,29.52,34.09,66,7.0015,256,360,616
13523,3,1,7,3,0,0,0,1,29.52,34.09,66,7.0015,254,370,624
13524,3,1,7,3,0,0,0,1,30.34,34.85,66,7.0015,245,383,628
13525,3,1,7,3,0,0,0,1,30.34,34.85,66,15.0013,188,368,556
13526,3,1,7,4,0,0,0,1,30.34,34.85,66,11.0014,173,342,515
13527,3,1,7,4,0,0,0,1,29.52,34.09,70,11.0014,180,342,522
13528,3,1,7,4,0,0,0,1,28.7,33.335,74,11.0014,124,254,378
13529,3,1,7,4,0,0,0,1,28.7,33.335,79,7.0015,88,257,345
13530,3,1,7,1,0,0,0,1,28.7,33.335,74,12.998,55,136,191
13531,3,1,7,1,0,0,0,1,27.88,31.82,79,11.0014,33,90,123
13532,3,1,7,1,0,1,1,1,27.06,29.545,89,6.0032,11,36,47
13533,3,1,7,1,0,1,1,1,27.06,29.545,89,12.998,7,20,27
13534,3,1,7,1,0,1,1,2,27.06,29.545,94,6.0032,3,14,17
13535,3,1,7,1,0,1,1,2,27.06,29.545,94,6.0032,0,2,2
13536,3,1,7,1,0,1,1,2,27.06,29.545,94,8.9981,0,8,8
13537,3,1,7,1,0,1,1,2,27.06,29.545,94,8.9981,3,48,51
13538,3,1,7,1,0,1,1,2,27.88,31.82,89,6.0032,9,148,157
13539,3,1,7,2,0,1,1,1,28.7,33.335,84,8.9981,17,404,421
13540,3,1,7,2,0,1,1,1,29.52,34.85,79,7.0015,47,691,738
13541,3,1,7,2,0,1,1,2,30.34,35.605,74,8.9981,57,288,345
13542,3,1,7,3,0,1,1,2,31.98,37.12,62,0,63,137,200
13543,3,1,7,3,0,1,1,2,32.8,37.12,52,11.0014,69,129,198
13544,3,1,7,3,0,1,1,2,32.8,37.12,52,11.0014,109,205,314
13545,3,1,7,3,0,1,1,2,32.8,37.12,52,7.0015,64,176,240
13546,3,1,7,3,0,1,1,2,31.98,37.12,59,11.0014,82,189,271
13547,3,1,7,3,0,1,1,1,32.8,37.88,55,12.998,76,205,281
13548,3,1,7,3,0,1,1,1,33.62,38.635,52,8.9981,111,346,457
13549,3,1,7,3,0,1,1,1,33.62,38.635,52,8.9981,87,760,847
13550,3,1,7,4,0,1,1,1,33.62,37.88,46,7.0015,69,672,741
13551,3,1,7,4,0,1,1,1,32.8,37.12,52,16.9979,94,488,582
13552,3,1,7,4,0,1,1,1,31.16,35.605,62,11.0014,56,347,403
13553,3,1,7,4,0,1,1,1,31.16,35.605,62,12.998,45,251,296
13554,3,1,7,1,0,1,1,1,30.34,34.09,62,12.998,40,169,209
13555,3,1,7,1,0,1,1,1,29.52,34.09,66,11.0014,16,98,114
13556,3,1,7,1,0,2,1,1,28.7,33.335,74,8.9981,12,52,64
13557,3,1,7,1,0,2,1,1,27.88,31.82,79,11.0014,7,10,17
13558,3,1,7,1,0,2,1,1,27.06,30.305,83,11.0014,6,10,16
13559,3,1,7,1,0,2,1,1,27.06,30.305,83,11.0014,1,5,6
13560,3,1,7,1,0,2,1,1,27.06,30.305,83,6.0032,0,6,6
13561,3,1,7,1,0,2,1,1,27.06,30.305,83,7.0015,5,45,50
13562,3,1,7,1,0,2,1,1,27.06,30.305,83,8.9981,17,173,190
13563,3,1,7,2,0,2,1,1,28.7,33.335,74,11.0014,24,492,516
13564,3,1,7,2,0,2,1,1,30.34,34.85,70,12.998,49,694,743
13565,3,1,7,2,0,2,1,1,34.44,40.15,53,0,40,299,339
13566,3,1,7,3,0,2,1,1,33.62,39.395,56,19.9995,62,156,218
13567,3,1,7,3,0,2,1,2,34.44,40.15,53,22.0028,45,156,201
13568,3,1,7,3,0,2,1,2,33.62,39.395,56,15.0013,60,169,229
13569,3,1,7,3,0,2,1,2,34.44,40.15,53,19.9995,73,200,273
13570,3,1,7,3,0,2,1,2,34.44,40.15,53,15.0013,48,196,244
13571,3,1,7,3,0,2,1,1,33.62,38.635,49,19.9995,73,212,285
13572,3,1,7,3,0,2,1,1,32.8,37.88,55,19.9995,86,369,455
13573,3,1,7,3,0,2,1,1,32.8,37.12,52,22.0028,94,775,869
13574,3,1,7,4,0,2,1,1,31.16,35.605,62,22.0028,110,767,877
13575,3,1,7,4,0,2,1,1,31.16,35.605,62,11.0014,109,523,632
13576,3,1,7,4,0,2,1,1,30.34,34.85,66,11.0014,85,438,523
13577,3,1,7,4,0,2,1,1,30.34,34.85,66,15.0013,53,325,378
13578,3,1,7,1,0,2,1,1,30.34,34.85,66,16.9979,43,226,269
13579,3,1,7,1,0,2,1,1,30.34,34.09,58,22.0028,38,154,192
13580,3,1,7,1,0,3,1,1,29.52,33.335,58,19.9995,9,57,66
13581,3,1,7,1,0,3,1,1,28.7,32.575,58,12.998,2,26,28
13582,3,1,7,1,0,3,1,1,27.88,31.82,61,15.0013,1,11,12
13583,3,1,7,1,0,3,1,1,27.06,31.06,65,15.0013,1,11,12
13584,3,1,7,1,0,3,1,1,26.24,30.305,65,15.0013,0,4,4
13585,3,1,7,1,0,3,1,1,26.24,30.305,65,11.0014,5,54,59
13586,3,1,7,1,0,3,1,1,26.24,30.305,65,12.998,11,179,190
13587,3,1,7,2,0,3,1,1,27.06,31.06,50,22.0028,34,473,507
13588,3,1,7,2,0,3,1,1,28.7,31.82,42,16.9979,43,745,788
13589,3,1,7,2,0,3,1,1,29.52,32.575,37,19.9995,65,277,342
13590,3,1,7,3,0,3,1,1,30.34,32.575,37,0,68,163,231
13591,3,1,7,3,0,3,1,1,31.16,33.335,33,0,79,202,281
13592,3,1,7,3,0,3,1,1,31.16,33.335,33,0,77,233,310
13593,3,1,7,3,0,3,1,1,31.98,34.09,31,11.0014,81,231,312
13594,3,1,7,3,0,3,1,1,32.8,34.85,29,8.9981,88,159,247
13595,3,1,7,3,0,3,1,1,31.98,34.09,31,6.0032,94,223,317
13596,3,1,7,3,0,3,1,1,32.8,34.85,29,11.0014,91,393,484
13597,3,1,7,3,0,3,1,1,32.8,34.85,31,0,130,783,913
13598,3,1,7,4,0,3,1,1,32.8,34.85,27,8.9981,104,787,891
13599,3,1,7,4,0,3,1,1,31.16,33.335,33,8.9981,116,582,698
13600,3,1,7,4,0,3,1,1,30.34,32.575,40,11.0014,106,461,567
13601,3,1,7,4,0,3,1,1,29.52,32.575,45,8.9981,71,326,397
13602,3,1,7,1,0,3,1,1,28.7,32.575,58,8.9981,55,223,278
13603,3,1,7,1,0,3,1,1,27.88,31.82,57,19.9995,52,187,239
13604,3,1,7,1,0,4,1,1,27.06,31.06,65,12.998,27,65,92
13605,3,1,7,1,0,4,1,1,27.06,31.06,65,15.0013,6,23,29
13606,3,1,7,1,0,4,1,1,27.06,31.06,69,16.9979,5,16,21
13607,3,1,7,1,0,4,1,1,27.06,31.06,69,15.0013,0,8,8
13608,3,1,7,1,0,4,1,1,27.06,31.06,74,12.998,0,4,4
13609,3,1,7,1,0,4,1,1,27.06,31.06,74,12.998,2,40,42
13610,3,1,7,1,0,4,1,1,27.06,30.305,78,16.9979,16,165,181
13611,3,1,7,2,0,4,1,1,28.7,33.335,74,16.9979,17,478,495
13612,3,1,7,2,0,4,1,2,28.7,33.335,74,16.9979,49,680,729
13613,3,1,7,2,0,4,1,2,29.52,34.09,70,8.9981,55,289,344
13614,3,1,7,3,0,4,1,1,30.34,34.85,70,15.0013,79,143,222
13615,3,1,7,3,0,4,1,1,32.8,40.15,66,15.0013,69,143,212
13616,3,1,7,3,0,4,1,1,34.44,40.91,56,16.9979,73,206,279
13617,3,1,7,3,0,4,1,1,35.26,41.665,53,19.9995,53,189,242
13618,3,1,7,3,0,4,1,1,36.9,43.94,47,16.9979,62,151,213
13619,3,1,7,3,0,4,1,1,37.72,44.695,42,19.9995,65,173,238
13620,3,1,7,3,0,4,1,1,38.54,43.94,38,26.0027,62,312,374
13621,3,1,7,3,0,4,1,1,36.9,43.18,45,27.9993,110,628,738
13622,3,1,7,4,0,4,1,1,37.72,43.94,40,23.9994,73,615,688
13623,3,1,7,4,0,4,1,1,36.9,43.18,45,22.0028,80,534,614
13624,3,1,7,4,0,4,1,1,35.26,40.91,50,16.9979,47,399,446
13625,3,1,7,4,0,4,1,1,32.8,37.12,49,40.9973,35,236,271
13626,3,1,7,1,0,4,1,1,32.8,37.12,49,40.9973,33,201,234
13627,3,1,7,1,0,4,1,1,29.52,34.09,70,8.9981,18,127,145
13628,3,1,7,1,0,5,1,1,29.52,34.09,70,0,14,83,97
13629,3,1,7,1,0,5,1,1,29.52,34.09,70,7.0015,12,42,54
13630,3,1,7,1,0,5,1,1,28.7,33.335,79,8.9981,8,18,26
13631,3,1,7,1,0,5,1,1,28.7,33.335,74,11.0014,3,9,12
13632,3,1,7,1,0,5,1,1,28.7,33.335,79,0,3,5,8
13633,3,1,7,1,0,5,1,1,28.7,33.335,84,0,3,34,37
13634,3,1,7,1,0,5,1,1,28.7,33.335,79,0,10,129,139
13635,3,1,7,2,0,5,1,1,29.52,34.09,70,12.998,13,397,410
13636,3,1,7,2,0,5,1,1,31.16,36.365,66,6.0032,34,642,676
13637,3,1,7,2,0,5,1,1,33.62,38.635,49,19.0012,34,329,363
13638,3,1,7,3,0,5,1,1,34.44,38.635,47,0,85,146,231
13639,3,1,7,3,0,5,1,1,34.44,38.635,47,22.0028,67,184,251
13640,3,1,7,3,0,5,1,1,34.44,39.395,49,23.9994,92,207,299
13641,3,1,7,3,0,5,1,1,34.44,38.635,47,19.0012,83,231,314
13642,3,1,7,3,0,5,1,1,35.26,40.15,47,19.9995,105,221,326
13643,3,1,7,3,0,5,1,1,35.26,39.395,41,15.0013,81,242,323
13644,3,1,7,3,0,5,1,1,34.44,38.635,47,15.0013,80,419,499
13645,3,1,7,3,0,5,1,1,35.26,39.395,41,19.0012,101,598,699
13646,3,1,7,4,0,5,1,1,33.62,37.88,46,11.0014,100,522,622
13647,3,1,7,4,0,5,1,1,33.62,38.635,52,12.998,93,423,516
13648,3,1,7,4,0,5,1,1,31.98,37.12,59,7.0015,85,269,354
13649,3,1,7,4,0,5,1,1,31.98,37.12,59,7.0015,71,189,260
13650,3,1,7,1,0,5,1,1,31.98,37.12,59,8.9981,48,151,199
13651,3,1,7,1,0,5,1,1,31.16,36.365,66,0,34,155,189
13652,3,1,7,1,0,6,0,1,30.34,34.09,62,8.9981,21,170,191
13653,3,1,7,1,0,6,0,1,29.52,34.09,70,6.0032,11,69,80
13654,3,1,7,1,0,6,0,1,29.52,34.09,70,0,14,76,90
13655,3,1,7,1,0,6,0,1,29.52,34.09,70,0,10,33,43
13656,3,1,7,1,0,6,0,1,28.7,33.335,79,12.998,1,10,11
13657,3,1,7,1,0,6,0,1,27.88,31.82,79,11.0014,4,10,14
13658,3,1,7,1,0,6,0,1,28.7,32.575,70,7.0015,10,40,50
13659,3,1,7,2,0,6,0,1,29.52,34.09,70,8.9981,18,58,76
13660,3,1,7,2,0,6,0,1,30.34,34.85,66,11.0014,36,127,163
13661,3,1,7,2,0,6,0,1,31.98,37.12,59,7.0015,110,227,337
13662,3,1,7,3,0,6,0,1,33.62,38.635,52,15.0013,129,266,395
13663,3,1,7,3,0,6,0,1,34.44,37.12,39,15.0013,162,295,457
13664,3,1,7,3,0,6,0,1,34.44,37.88,41,15.0013,157,330,487
13665,3,1,7,3,0,6,0,1,35.26,39.395,41,19.0012,173,325,498
13666,3,1,7,3,0,6,0,1,35.26,38.635,39,16.9979,186,308,494
13667,3,1,7,3,0,6,0,1,36.08,38.635,32,19.0012,206,291,497
13668,3,1,7,3,0,6,0,1,35.26,38.635,39,15.0013,208,279,487
13669,3,1,7,3,0,6,0,1,33.62,37.88,46,12.998,199,280,479
13670,3,1,7,4,0,6,0,1,33.62,37.12,43,19.0012,151,330,481
13671,3,1,7,4,0,6,0,1,27.88,31.82,83,0,115,223,338
13672,3,1,7,4,0,6,0,1,27.06,30.305,83,15.0013,79,154,233
13673,3,1,7,4,0,6,0,1,27.06,30.305,78,6.0032,94,206,300
13674,3,1,7,1,0,6,0,1,27.06,30.305,78,6.0032,88,188,276
13675,3,1,7,1,0,6,0,1,27.06,30.305,83,6.0032,52,156,208
13676,3,1,7,1,0,0,0,1,27.06,29.545,89,8.9981,59,129,188
13677,3,1,7,1,0,0,0,1,27.06,30.305,83,7.0015,49,109,158
13678,3,1,7,1,0,0,0,1,27.06,31.06,74,8.9981,33,79,112
13679,3,1,7,1,0,0,0,1,27.06,31.06,69,15.0013,18,37,55
13680,3,1,7,1,0,0,0,1,26.24,30.305,69,12.998,2,11,13
13681,3,1,7,1,0,0,0,1,25.42,29.545,78,12.998,3,14,17
13682,3,1,7,1,0,0,0,1,26.24,30.305,73,11.0014,6,12,18
13683,3,1,7,2,0,0,0,1,27.06,31.06,69,16.9979,4,36,40
13684,3,1,7,2,0,0,0,1,28.7,32.575,65,15.0013,37,90,127
13685,3,1,7,2,0,0,0,1,29.52,34.09,62,16.9979,64,162,226
13686,3,1,7,3,0,0,0,1,30.34,34.09,62,0,123,258,381
13687,3,1,7,3,0,0,0,1,31.16,34.85,55,15.0013,183,326,509
13688,3,1,7,3,0,0,0,1,31.16,34.85,55,22.0028,154,357,511
13689,3,1,7,3,0,0,0,1,32.8,37.12,49,15.0013,181,302,483
13690,3,1,7,3,0,0,0,1,32.8,36.365,46,12.998,231,291,522
13691,3,1,7,3,0,0,0,1,32.8,36.365,43,8.9981,195,306,501
13692,3,1,7,3,0,0,0,1,32.8,36.365,43,8.9981,191,330,521
13693,3,1,7,3,0,0,0,1,33.62,37.12,41,11.0014,164,367,531
13694,3,1,7,4,0,0,0,1,32.8,35.605,41,19.9995,117,302,419
13695,3,1,7,4,0,0,0,1,31.16,34.85,55,11.0014,143,300,443
13696,3,1,7,4,0,0,0,1,30.34,34.85,66,7.0015,75,228,303
13697,3,1,7,4,0,0,0,1,29.52,34.09,70,8.9981,72,199,271
13698,3,1,7,1,0,0,0,1,28.7,32.575,70,7.0015,31,117,148
13699,3,1,7,1,0,0,0,1,28.7,32.575,70,0,18,82,100
13700,3,1,7,1,0,1,1,1,28.7,33.335,74,6.0032,12,46,58
13701,3,1,7,1,0,1,1,1,28.7,33.335,74,0,4,15,19
13702,3,1,7,1,0,1,1,1,27.88,31.82,74,0,2,6,8
13703,3,1,7,1,0,1,1,1,27.06,30.305,83,0,0,3,3
13704,3,1,7,1,0,1,1,1,27.06,30.305,83,0,0,5,5
13705,3,1,7,1,0,1,1,1,27.06,30.305,83,7.0015,4,43,47
13706,3,1,7,1,0,1,1,1,27.06,30.305,83,11.0014,6,155,161
13707,3,1,7,2,0,1,1,1,28.7,33.335,79,6.0032,14,455,469
13708,3,1,7,2,0,1,1,2,29.52,34.85,74,7.0015,31,720,751
13709,3,1,7,2,0,1,1,2,30.34,34.85,70,0,34,259,293
13710,3,1,7,3,0,1,1,2,30.34,34.85,66,15.0013,54,135,189
13711,3,1,7,3,0,1,1,2,31.98,36.365,55,8.9981,69,146,215
13712,3,1,7,3,0,1,1,2,31.16,35.605,58,7.0015,77,201,278
13713,3,1,7,3,0,1,1,1,32.8,37.12,49,11.0014,57,169,226
13714,3,1,7,3,0,1,1,1,32.8,37.12,49,15.0013,87,167,254
13715,3,1,7,3,0,1,1,1,32.8,37.12,49,16.9979,51,185,236
13716,3,1,7,3,0,1,1,1,32.8,37.12,49,19.0012,88,337,425
13717,3,1,7,3,0,1,1,1,31.16,34.85,55,22.0028,62,765,827
13718,3,1,7,4,0,1,1,1,31.16,35.605,58,27.9993,77,735,812
13719,3,1,7,4,0,1,1,1,33.62,38.635,52,11.0014,81,584,665
13720,3,1,7,4,0,1,1,1,29.52,34.09,70,15.0013,78,384,462
13721,3,1,7,4,0,1,1,1,29.52,34.09,70,12.998,71,251,322
13722,3,1,7,1,0,1,1,2,28.7,33.335,74,15.0013,47,183,230
13723,3,1,7,1,0,1,1,1,28.7,33.335,74,12.998,34,116,150
13724,3,1,7,1,0,2,1,1,27.88,31.82,79,8.9981,11,27,38
13725,3,1,7,1,0,2,1,1,27.06,30.305,83,8.9981,3,18,21
13726,3,1,7,1,0,2,1,1,27.06,30.305,83,8.9981,0,8,8
13727,3,1,7,1,0,2,1,1,27.06,30.305,83,6.0032,1,5,6
13728,3,1,7,1,0,2,1,1,27.06,30.305,83,6.0032,0,6,6
13729,3,1,7,1,0,2,1,1,27.06,30.305,83,11.0014,5,40,45
13730,3,1,7,1,0,2,1,1,26.24,28.79,89,11.0014,2,192,194
13731,3,1,7,2,0,2,1,1,27.88,31.82,83,15.0013,21,492,513
13732,3,1,7,2,0,2,1,1,28.7,33.335,79,8.9981,30,730,760
13733,3,1,7,2,0,2,1,1,29.52,34.09,70,7.0015,31,302,333
13734,3,1,7,3,0,2,1,1,29.52,34.09,66,0,73,154,227
13735,3,1,7,3,0,2,1,1,31.16,35.605,58,0,54,170,224
13736,3,1,7,3,0,2,1,1,32.8,36.365,46,0,50,198,248
13737,3,1,7,3,0,2,1,1,32.8,37.88,55,19.0012,69,219,288
13738,3,1,7,3,0,2,1,1,32.8,37.88,55,19.0012,72,188,260
13739,3,1,7,3,0,2,1,1,31.16,35.605,62,8.9981,29,115,144
13740,3,1,7,3,0,2,1,1,31.16,35.605,58,15.0013,66,336,402
13741,3,1,7,3,0,2,1,1,31.98,35.605,52,15.0013,94,726,820
13742,3,1,7,4,0,2,1,1,31.16,34.85,55,19.0012,99,758,857
13743,3,1,7,4,0,2,1,3,30.34,34.09,62,23.9994,90,524,614
13744,3,1,7,4,0,2,1,3,28.7,32.575,70,12.998,55,397,452
13745,3,1,7,4,0,2,1,1,27.88,31.82,79,12.998,60,292,352
13746,3,1,7,1,0,2,1,1,27.88,31.82,74,16.9979,33,224,257
13747,3,1,7,1,0,2,1,2,27.06,30.305,83,11.0014,20,127,147
13748,3,1,8,1,0,3,1,1,27.88,31.82,79,11.0014,3,44,47
13749,3,1,8,1,0,3,1,1,27.06,30.305,83,6.0032,5,28,33
13750,3,1,8,1,0,3,1,1,26.24,28.79,83,7.0015,0,13,13
13751,3,1,8,1,0,3,1,1,26.24,28.79,83,7.0015,0,7,7
13752,3,1,8,1,0,3,1,2,26.24,29.545,78,8.9981,1,3,4
13753,3,1,8,1,0,3,1,2,26.24,29.545,78,8.9981,3,46,49
13754,3,1,8,1,0,3,1,1,26.24,29.545,78,8.9981,6,179,185
13755,3,1,8,2,0,3,1,2,26.24,28.79,83,8.9981,19,468,487
13756,3,1,8,2,0,3,1,2,27.06,30.305,78,12.998,32,649,681
13757,3,1,8,2,0,3,1,2,27.88,31.82,74,6.0032,34,316,350
13758,3,1,8,3,0,3,1,1,29.52,34.09,66,6.0032,61,175,236
13759,3,1,8,3,0,3,1,1,31.16,35.605,58,6.0032,54,180,234
13760,3,1,8,3,0,3,1,1,32.8,37.12,49,7.0015,75,209,284
13761,3,1,8,3,0,3,1,1,32.8,37.12,52,11.0014,59,221,280
13762,3,1,8,3,0,3,1,1,33.62,37.88,46,11.0014,88,175,263
13763,3,1,8,3,0,3,1,1,33.62,37.88,46,11.0014,89,206,295
13764,3,1,8,3,0,3,1,1,32.8,37.88,55,19.0012,93,386,479
13765,3,1,8,3,0,3,1,1,32.8,37.12,49,11.0014,103,734,837
13766,3,1,8,4,0,3,1,3,31.16,35.605,62,15.0013,105,786,891
13767,3,1,8,4,0,3,1,1,30.34,34.85,66,16.9979,88,564,652
13768,3,1,8,4,0,3,1,1,30.34,34.85,66,11.0014,65,448,513
13769,3,1,8,4,0,3,1,1,29.52,34.09,70,8.9981,36,284,320
13770,3,1,8,1,0,3,1,1,29.52,34.09,70,7.0015,37,251,288
13771,3,1,8,1,0,3,1,1,28.7,33.335,74,0,18,134,152
13772,3,1,8,1,0,4,1,1,28.7,33.335,74,0,8,55,63
13773,3,1,8,1,0,4,1,1,27.88,31.82,79,7.0015,6,36,42
13774,3,1,8,1,0,4,1,1,27.06,30.305,83,6.0032,3,8,11
13775,3,1,8,1,0,4,1,1,27.06,30.305,83,0,0,6,6
13776,3,1,8,1,0,4,1,1,27.06,30.305,83,0,0,9,9
13777,3,1,8,1,0,4,1,1,27.06,29.545,89,8.9981,4,37,41
13778,3,1,8,1,0,4,1,1,27.06,30.305,83,0,6,177,183
13779,3,1,8,2,0,4,1,1,28.7,33.335,79,0,21,452,473
13780,3,1,8,2,0,4,1,1,29.52,34.85,74,7.0015,21,718,739
13781,3,1,8,2,0,4,1,1,31.16,36.365,66,7.0015,31,312,343
13782,3,1,8,3,0,4,1,1,32.8,37.88,55,0,51,130,181
13783,3,1,8,3,0,4,1,1,33.62,38.635,52,7.0015,59,167,226
13784,3,1,8,3,0,4,1,1,34.44,37.88,44,8.9981,56,230,286
13785,3,1,8,3,0,4,1,1,35.26,39.395,44,15.0013,98,212,310
13786,3,1,8,3,0,4,1,1,35.26,39.395,41,8.9981,54,171,225
13787,3,1,8,3,0,4,1,1,31.98,37.12,62,31.0009,68,202,270
13788,3,1,8,3,0,4,1,1,33.62,37.88,46,12.998,71,335,406
13789,3,1,8,3,0,4,1,1,33.62,38.635,52,16.9979,90,775,865
13790,3,1,8,4,0,4,1,1,32.8,38.635,59,15.0013,86,681,767
13791,3,1,8,4,0,4,1,1,32.8,39.395,63,11.0014,98,509,607
13792,3,1,8,4,0,4,1,1,31.98,37.88,66,0,51,376,427
13793,3,1,8,4,0,4,1,1,31.16,36.365,66,15.0013,41,301,342
13794,3,1,8,1,0,4,1,1,30.34,34.85,70,12.998,35,227,262
13795,3,1,8,1,0,4,1,1,29.52,34.09,70,16.9979,25,152,177
13796,3,1,8,1,0,5,1,1,29.52,34.09,70,12.998,15,56,71
13797,3,1,8,1,0,5,1,1,28.7,33.335,74,12.998,11,32,43
13798,3,1,8,1,0,5,1,1,27.88,31.82,79,15.0013,0,14,14
13799,3,1,8,1,0,5,1,1,27.88,31.82,79,15.0013,1,5,6
13800,3,1,8,1,0,5,1,1,27.06,30.305,83,16.9979,1,11,12
13801,3,1,8,1,0,5,1,1,27.06,30.305,83,11.0014,2,35,37
13802,3,1,8,1,0,5,1,1,27.06,30.305,83,15.0013,5,158,163
13803,3,1,8,2,0,5,1,1,28.7,33.335,74,7.0015,25,396,421
13804,3,1,8,2,0,5,1,1,29.52,34.09,70,8.9981,32,636,668
13805,3,1,8,2,0,5,1,2,30.34,34.85,66,7.0015,69,327,396
13806,3,1,8,3,0,5,1,2,32.8,37.12,52,12.998,82,167,249
13807,3,1,8,3,0,5,1,2,34.44,39.395,49,19.0012,77,186,263
13808,3,1,8,3,0,5,1,2,35.26,40.91,50,19.9995,95,243,338
13809,3,1,8,3,0,5,1,2,35.26,40.15,47,19.0012,98,247,345
13810,3,1,8,3,0,5,1,2,35.26,39.395,44,16.9979,102,229,331
13811,3,1,8,3,0,5,1,1,36.08,40.91,42,16.9979,112,268,380
13812,3,1,8,3,0,5,1,2,35.26,39.395,41,15.0013,112,380,492
13813,3,1,8,3,0,5,1,2,34.44,40.15,53,19.0012,95,646,741
13814,3,1,8,4,0,5,1,2,33.62,40.15,59,16.9979,98,573,671
13815,3,1,8,4,0,5,1,2,32.8,39.395,63,15.0013,81,388,469
13816,3,1,8,4,0,5,1,2,31.98,37.88,66,15.0013,89,300,389
13817,3,1,8,4,0,5,1,2,31.16,36.365,66,12.998,54,224,278
13818,3,1,8,1,0,5,1,1,31.16,36.365,70,16.9979,46,156,202
13819,3,1,8,1,0,5,1,1,30.34,35.605,79,8.9981,26,170,196
13820,3,1,8,1,0,6,0,1,30.34,35.605,79,11.0014,24,137,161
13821,3,1,8,1,0,6,0,1,29.52,35.605,84,12.998,23,99,122
13822,3,1,8,1,0,6,0,1,29.52,35.605,84,8.9981,20,64,84
13823,3,1,8,1,0,6,0,1,29.52,35.605,84,8.9981,11,19,30
13824,3,1,8,1,0,6,0,1,29.52,34.85,79,12.998,2,11,13
13825,3,1,8,1,0,6,0,1,28.7,33.335,84,15.0013,1,16,17
13826,3,1,8,1,0,6,0,1,28.7,33.335,84,15.0013,12,37,49
13827,3,1,8,2,0,6,0,1,29.52,34.85,77,11.0014,18,49,67
13828,3,1,8,2,0,6,0,1,30.34,36.365,72,12.998,49,132,181
13829,3,1,8,2,0,6,0,1,31.98,37.88,65,15.0013,61,217,278
13830,3,1,8,3,0,6,0,1,33.62,38.635,57,12.998,108,288,396
13831,3,1,8,3,0,6,0,1,35.26,40.15,47,16.9979,155,315,470
13832,3,1,8,3,0,6,0,1,35.26,39.395,40,23.9994,222,325,547
13833,3,1,8,3,0,6,0,1,36.08,40.91,42,19.9995,195,332,527
13834,3,1,8,3,0,6,0,1,36.08,40.15,40,26.0027,183,289,472
13835,3,1,8,3,0,6,0,1,36.08,40.91,42,27.9993,205,284,489
13836,3,1,8,3,0,6,0,1,36.9,40.91,39,19.9995,197,253,450
13837,3,1,8,3,0,6,0,1,36.08,39.395,37,19.9995,179,313,492
13838,3,1,8,4,0,6,0,1,35.26,39.395,41,22.0028,169,321,490
13839,3,1,8,4,0,6,0,1,33.62,38.635,52,23.9994,133,264,397
13840,3,1,8,4,0,6,0,1,33.62,38.635,52,19.9995,117,195,312
13841,3,1,8,4,0,6,0,1,32.8,38.635,59,16.9979,96,193,289
13842,3,1,8,1,0,6,0,1,31.16,36.365,66,19.0012,104,165,269
13843,3,1,8,1,0,6,0,1,31.16,36.365,66,19.9995,61,161,222
13844,3,1,8,1,0,0,0,1,30.34,34.85,70,19.0012,32,121,153
13845,3,1,8,1,0,0,0,1,30.34,34.85,70,16.9979,8,79,87
13846,3,1,8,1,0,0,0,1,30.34,34.85,70,19.9995,5,68,73
13847,3,1,8,1,0,0,0,1,29.52,34.85,74,16.9979,9,32,41
13848,3,1,8,1,0,0,0,1,29.52,34.85,74,16.9979,3,11,14
13849,3,1,8,1,0,0,0,1,29.52,34.85,74,16.9979,1,18,19
13850,3,1,8,1,0,0,0,1,29.52,34.85,79,16.9979,7,12,19
13851,3,1,8,2,0,0,0,1,30.34,35.605,74,19.9995,18,50,68
13852,3,1,8,2,0,0,0,1,31.16,36.365,66,22.0028,27,81,108
13853,3,1,8,2,0,0,0,1,32.8,38.635,59,23.9994,61,168,229
13854,3,1,8,3,0,0,0,1,32.8,38.635,59,27.9993,111,253,364
13855,3,1,8,3,0,0,0,1,33.62,39.395,56,27.9993,155,282,437
13856,3,1,8,3,0,0,0,1,35.26,40.15,47,35.0008,161,330,491
13857,3,1,8,3,0,0,0,1,36.08,40.91,44,31.0009,208,315,523
13858,3,1,8,3,0,0,0,1,36.9,42.425,42,31.0009,161,365,526
13859,3,1,8,3,0,0,0,1,36.9,40.91,37,35.0008,164,286,450
13860,3,1,8,3,0,0,0,1,33.62,37.88,46,16.9979,143,278,421
13861,3,1,8,3,0,0,0,1,33.62,37.88,46,16.9979,122,260,382
13862,3,1,8,4,0,0,0,3,28.7,33.335,74,8.9981,75,154,229
13863,3,1,8,4,0,0,0,1,28.7,33.335,84,15.0013,46,139,185
13864,3,1,8,4,0,0,0,1,28.7,33.335,84,7.0015,53,140,193
13865,3,1,8,4,0,0,0,1,29.52,34.85,79,7.0015,51,157,208
13866,3,1,8,1,0,0,0,1,29.52,34.85,79,6.0032,57,100,157
13867,3,1,8,1,0,0,0,2,29.52,34.85,79,11.0014,29,58,87
13868,3,1,8,1,0,1,1,2,29.52,34.85,79,0,9,24,33
13869,3,1,8,1,0,1,1,1,29.52,34.85,79,6.0032,1,10,11
13870,3,1,8,1,0,1,1,2,29.52,34.85,79,8.9981,0,5,5
13871,3,1,8,1,0,1,1,3,29.52,34.85,79,6.0032,0,5,5
13872,3,1,8,1,0,1,1,2,29.52,34.85,74,8.9981,3,8,11
13873,3,1,8,1,0,1,1,1,28.7,33.335,79,12.998,2,23,25
13874,3,1,8,1,0,1,1,2,28.7,33.335,79,15.0013,4,137,141
13875,3,1,8,2,0,1,1,3,29.52,34.09,70,12.998,14,393,407
13876,3,1,8,2,0,1,1,2,28.7,33.335,79,0,27,578,605
13877,3,1,8,2,0,1,1,3,28.7,33.335,79,11.0014,28,248,276
13878,3,1,8,3,0,1,1,1,30.34,34.85,70,15.0013,54,159,213
13879,3,1,8,3,0,1,1,1,31.16,36.365,66,8.9981,108,152,260
13880,3,1,8,3,0,1,1,2,31.98,36.365,55,6.0032,72,213,285
13881,3,1,8,3,0,1,1,1,32.8,37.12,49,15.0013,85,204,289
13882,3,1,8,3,0,1,1,1,33.62,37.88,46,0,99,188,287
13883,3,1,8,3,0,1,1,1,33.62,37.88,46,8.9981,91,183,274
13884,3,1,8,3,0,1,1,1,34.44,37.88,41,7.0015,88,363,451
13885,3,1,8,3,0,1,1,1,33.62,37.12,41,0,112,746,858
13886,3,1,8,4,0,1,1,1,33.62,37.12,41,8.9981,100,743,843
13887,3,1,8,4,0,1,1,1,31.98,37.12,59,12.998,109,531,640
13888,3,1,8,4,0,1,1,1,31.16,36.365,66,11.0014,89,368,457
13889,3,1,8,4,0,1,1,1,30.34,34.85,70,12.998,72,245,317
13890,3,1,8,1,0,1,1,1,30.34,34.85,70,6.0032,50,157,207
13891,3,1,8,1,0,1,1,1,29.52,34.85,74,12.998,16,97,113
13892,3,1,8,1,0,2,1,1,28.7,33.335,84,12.998,15,32,47
13893,3,1,8,1,0,2,1,1,28.7,33.335,84,8.9981,2,16,18
13894,3,1,8,1,0,2,1,1,28.7,33.335,84,8.9981,6,7,13
13895,3,1,8,1,0,2,1,1,28.7,33.335,84,0,0,6,6
13896,3,1,8,1,0,2,1,1,27.88,31.82,83,8.9981,2,7,9
13897,3,1,8,1,0,2,1,1,28.7,33.335,79,7.0015,3,33,36
13898,3,1,8,1,0,2,1,2,28.7,33.335,79,12.998,3,176,179
13899,3,1,8,2,0,2,1,2,28.7,33.335,74,8.9981,21,481,502
13900,3,1,8,2,0,2,1,2,28.7,32.575,70,11.0014,41,664,705
13901,3,1,8,2,0,2,1,2,28.7,33.335,74,8.9981,44,283,327
13902,3,1,8,3,0,2,1,2,30.34,34.85,70,8.9981,89,161,250
13903,3,1,8,3,0,2,1,2,31.16,36.365,66,6.0032,84,130,214
13904,3,1,8,3,0,2,1,2,32.8,37.88,55,8.9981,86,197,283
13905,3,1,8,3,0,2,1,2,32.8,37.12,52,12.998,68,185,253
13906,3,1,8,3,0,2,1,2,33.62,37.88,46,0,76,185,261
13907,3,1,8,3,0,2,1,1,32.8,37.12,52,0,100,206,306
13908,3,1,8,3,0,2,1,3,31.16,36.365,66,19.0012,101,344,445
13909,3,1,8,3,0,2,1,2,31.98,37.12,62,8.9981,125,743,868
13910,3,1,8,4,0,2,1,2,31.16,35.605,62,11.0014,103,711,814
13911,3,1,8,4,0,2,1,2,31.16,36.365,66,7.0015,104,506,610
13912,3,1,8,4,0,2,1,2,30.34,34.85,70,8.9981,74,374,448
13913,3,1,8,4,0,2,1,2,29.52,34.85,74,0,70,247,317
13914,3,1,8,1,0,2,1,1,29.52,34.85,74,7.0015,43,181,224
13915,3,1,8,1,0,2,1,1,29.52,34.85,79,0,18,120,138
13916,3,1,8,1,0,3,1,1,28.7,33.335,84,0,12,46,58
13917,3,1,8,1,0,3,1,1,29.52,34.85,79,0,3,20,23
13918,3,1,8,1,0,3,1,1,28.7,33.335,84,0,1,5,6
13919,3,1,8,1,0,3,1,1,28.7,33.335,84,0,1,6,7
13920,3,1,8,1,0,3,1,1,28.7,33.335,84,0,1,6,7
13921,3,1,8,1,0,3,1,2,27.88,31.82,89,11.0014,3,40,43
13922,3,1,8,1,0,3,1,2,28.7,33.335,84,11.0014,4,169,173
13923,3,1,8,2,0,3,1,2,28.7,33.335,84,11.0014,24,458,482
13924,3,1,8,2,0,3,1,2,30.34,36.365,72,6.0032,48,689,737
13925,3,1,8,2,0,3,1,2,31.16,36.365,66,0,33,308,341
13926,3,1,8,3,0,3,1,2,32.8,37.12,52,8.9981,63,151,214
13927,3,1,8,3,0,3,1,2,32.8,37.12,52,0,80,159,239
13928,3,1,8,3,0,3,1,2,32.8,37.12,52,0,63,217,280
13929,3,1,8,3,0,3,1,2,32.8,37.12,52,0,101,212,313
13930,3,1,8,3,0,3,1,2,32.8,37.12,52,16.9979,63,173,236
13931,3,1,8,3,0,3,1,2,34.44,37.88,44,12.998,110,168,278
13932,3,1,8,3,0,3,1,2,32.8,37.12,49,19.0012,113,328,441
13933,3,1,8,3,0,3,1,2,32.8,37.88,55,19.0012,107,751,858
13934,3,1,8,4,0,3,1,2,31.98,36.365,55,11.0014,117,745,862
13935,3,1,8,4,0,3,1,1,31.16,36.365,66,15.0013,119,567,686
13936,3,1,8,4,0,3,1,1,30.34,34.85,66,12.998,76,424,500
13937,3,1,8,4,0,3,1,1,30.34,34.85,66,7.0015,70,311,381
13938,3,1,8,1,0,3,1,1,29.52,34.85,74,7.0015,35,198,233
13939,3,1,8,1,0,3,1,1,29.52,34.09,70,8.9981,16,120,136
13940,3,1,8,1,0,4,1,1,29.52,34.85,74,12.998,16,51,67
13941,3,1,8,1,0,4,1,1,28.7,33.335,79,8.9981,5,23,28
13942,3,1,8,1,0,4,1,1,28.7,33.335,84,6.0032,2,12,14
13943,3,1,8,1,0,4,1,1,27.88,31.82,83,6.0032,1,5,6
13944,3,1,8,1,0,4,1,2,27.88,31.82,89,8.9981,0,10,10
13945,3,1,8,1,0,4,1,2,27.06,29.545,94,0,4,37,41
13946,3,1,8,1,0,4,1,1,27.06,30.305,83,11.0014,5,162,167
13947,3,1,8,2,0,4,1,2,28.7,33.335,84,11.0014,24,451,475
13948,3,1,8,2,0,4,1,1,29.52,34.85,74,7.0015,28,670,698
13949,3,1,8,2,0,4,1,1,31.16,36.365,66,11.0014,54,299,353
13950,3,1,8,3,0,4,1,1,32.8,37.88,55,15.0013,72,133,205
13951,3,1,8,3,0,4,1,1,34.44,37.88,44,0,94,166,260
13952,3,1,8,3,0,4,1,1,34.44,37.88,44,7.0015,85,192,277
13953,3,1,8,3,0,4,1,1,35.26,39.395,41,7.0015,80,201,281
13954,3,1,8,3,0,4,1,1,36.08,38.635,32,15.0013,86,161,247
13955,3,1,8,3,0,4,1,1,36.08,38.635,32,15.0013,63,204,267
13956,3,1,8,3,0,4,1,1,35.26,38.635,39,16.9979,97,320,417
13957,3,1,8,3,0,4,1,1,35.26,37.88,36,16.9979,111,699,810
13958,3,1,8,4,0,4,1,2,33.62,37.88,46,16.9979,78,733,811
13959,3,1,8,4,0,4,1,1,32.8,37.88,55,12.998,90,533,623
13960,3,1,8,4,0,4,1,1,28.7,32.575,54,19.0012,91,387,478
13961,3,1,8,4,0,4,1,2,28.7,32.575,58,11.0014,50,286,336
13962,3,1,8,1,0,4,1,2,27.06,31.06,69,15.0013,41,218,259
13963,3,1,8,1,0,4,1,1,27.06,31.06,74,0,19,137,156
13964,3,1,8,1,0,5,1,1,28.7,32.575,65,6.0032,17,68,85
13965,3,1,8,1,0,5,1,1,28.7,32.575,65,7.0015,6,35,41
13966,3,1,8,1,0,5,1,1,28.7,33.335,74,11.0014,6,14,20
13967,3,1,8,1,0,5,1,2,29.52,34.85,79,12.998,3,6,9
13968,3,1,8,1,0,5,1,3,28.7,33.335,84,19.0012,0,7,7
13969,3,1,8,1,0,5,1,3,28.7,33.335,84,19.0012,4,29,33
13970,3,1,8,1,0,5,1,3,26.24,28.79,89,19.9995,3,41,44
13971,3,1,8,2,0,5,1,3,26.24,28.79,89,7.0015,5,128,133
13972,3,1,8,2,0,5,1,3,25.42,27.275,91,11.0014,7,112,119
13973,3,1,8,2,0,5,1,2,26.24,28.79,89,0,21,199,220
13974,3,1,8,3,0,5,1,1,27.06,29.545,89,7.0015,27,166,193
13975,3,1,8,3,0,5,1,3,27.88,31.82,79,8.9981,73,178,251
13976,3,1,8,3,0,5,1,2,30.34,34.85,66,23.9994,75,240,315
13977,3,1,8,3,0,5,1,2,31.16,35.605,58,23.9994,66,224,290
13978,3,1,8,3,0,5,1,1,31.16,35.605,58,23.9994,71,236,307
13979,3,1,8,3,0,5,1,1,32.8,37.12,52,30.0026,100,224,324
13980,3,1,8,3,0,5,1,1,31.98,36.365,55,19.9995,96,371,467
13981,3,1,8,3,0,5,1,1,32.8,37.12,52,19.0012,111,619,730
13982,3,1,8,4,0,5,1,1,31.16,35.605,62,19.9995,88,552,640
13983,3,1,8,4,0,5,1,1,31.16,35.605,62,19.0012,98,394,492
13984,3,1,8,4,0,5,1,1,30.34,34.85,66,19.9995,55,315,370
13985,3,1,8,4,0,5,1,1,30.34,34.85,66,16.9979,50,236,286
13986,3,1,8,1,0,5,1,1,29.52,34.85,74,19.0012,50,168,218
13987,3,1,8,1,0,5,1,1,29.52,34.09,70,19.0012,33,159,192
13988,3,1,8,1,0,6,0,1,28.7,32.575,70,19.0012,38,142,180
13989,3,1,8,1,0,6,0,1,27.06,31.06,74,15.0013,32,84,116
13990,3,1,8,1,0,6,0,3,26.24,29.545,78,12.998,19,66,85
13991,3,1,8,1,0,6,0,3,25.42,28.79,83,11.0014,2,19,21
13992,3,1,8,1,0,6,0,1,25.42,28.79,83,7.0015,3,7,10
13993,3,1,8,1,0,6,0,1,25.42,28.03,88,7.0015,2,9,11
13994,3,1,8,1,0,6,0,2,25.42,28.03,88,7.0015,5,18,23
13995,3,1,8,2,0,6,0,1,26.24,28.79,83,6.0032,8,54,62
13996,3,1,8,2,0,6,0,1,27.06,30.305,83,7.0015,30,132,162
13997,3,1,8,2,0,6,0,1,27.88,31.82,79,12.998,54,217,271
13998,3,1,8,3,0,6,0,1,29.52,34.09,62,6.0032,125,282,407
13999,3,1,8,3,0,6,0,1,30.34,34.85,66,11.0014,203,296,499
14000,3,1,8,3,0,6,0,1,31.16,35.605,58,15.0013,214,332,546
14001,3,1,8,3,0,6,0,1,32.8,37.12,49,23.9994,228,341,569
14002,3,1,8,3,0,6,0,1,32.8,37.12,49,19.9995,248,290,538
14003,3,1,8,3,0,6,0,1,32.8,36.365,46,19.0012,246,316,562
14004,3,1,8,3,0,6,0,1,32.8,36.365,46,19.9995,227,304,531
14005,3,1,8,3,0,6,0,3,30.34,34.85,66,23.9994,220,292,512
14006,3,1,8,4,0,6,0,2,28.7,33.335,74,19.9995,107,193,300
14007,3,1,8,4,0,6,0,2,27.06,29.545,89,7.0015,97,178,275
14008,3,1,8,4,0,6,0,3,27.06,29.545,89,27.9993,31,129,160
14009,3,1,8,4,0,6,0,2,27.06,29.545,89,11.0014,26,102,128
14010,3,1,8,1,0,6,0,2,27.06,29.545,89,11.0014,40,128,168
14011,3,1,8,1,0,6,0,3,27.06,30.305,78,11.0014,42,121,163
14012,3,1,8,1,0,0,0,2,26.24,30.305,73,8.9981,24,96,120
14013,3,1,8,1,0,0,0,1,25.42,29.545,78,8.9981,21,92,113
14014,3,1,8,1,0,0,0,1,26.24,30.305,69,8.9981,19,67,86
14015,3,1,8,1,0,0,0,1,25.42,29.545,73,6.0032,11,37,48
14016,3,1,8,1,0,0,0,1,26.24,30.305,69,6.0032,2,8,10
14017,3,1,8,1,0,0,0,1,26.24,31.06,61,12.998,1,9,10
14018,3,1,8,1,0,0,0,1,26.24,30.305,65,11.0014,2,14,16
14019,3,1,8,2,0,0,0,1,26.24,30.305,65,8.9981,9,30,39
14020,3,1,8,2,0,0,0,1,27.06,31.06,54,15.0013,35,84,119
14021,3,1,8,2,0,0,0,1,28.7,32.575,48,15.0013,64,153,217
14022,3,1,8,3,0,0,0,1,28.7,32.575,51,11.0014,88,240,328
14023,3,1,8,3,0,0,0,1,30.34,33.335,42,11.0014,167,282,449
14024,3,1,8,3,0,0,0,1,30.34,33.335,42,12.998,163,342,505
14025,3,1,8,3,0,0,0,1,31.98,34.85,40,0,178,365,543
14026,3,1,8,3,0,0,0,1,31.16,34.09,40,12.998,213,366,579
14027,3,1,8,3,0,0,0,1,31.16,34.09,40,8.9981,235,342,577
14028,3,1,8,3,0,0,0,1,31.16,34.09,40,7.0015,213,300,513
14029,3,1,8,3,0,0,0,1,32.8,34.85,33,0,186,319,505
14030,3,1,8,4,0,0,0,1,31.98,34.09,35,7.0015,164,327,491
14031,3,1,8,4,0,0,0,1,30.34,32.575,40,8.9981,148,317,465
14032,3,1,8,4,0,0,0,1,29.52,32.575,45,0,96,204,300
14033,3,1,8,4,0,0,0,1,29.52,33.335,51,6.0032,78,142,220
14034,3,1,8,1,0,0,0,1,28.7,32.575,58,8.9981,40,141,181
14035,3,1,8,1,0,0,0,1,27.88,31.82,61,0,25,85,110
14036,3,1,8,1,0,1,1,1,27.06,31.06,65,7.0015,14,33,47
14037,3,1,8,1,0,1,1,1,27.06,31.06,65,6.0032,3,11,14
14038,3,1,8,1,0,1,1,1,26.24,30.305,69,7.0015,1,8,9
14039,3,1,8,1,0,1,1,1,26.24,30.305,69,0,1,5,6
14040,3,1,8,1,0,1,1,1,26.24,30.305,69,7.0015,0,11,11
14041,3,1,8,1,0,1,1,1,26.24,30.305,69,7.0015,3,33,36
14042,3,1,8,1,0,1,1,1,25.42,29.545,73,6.0032,4,155,159
14043,3,1,8,2,0,1,1,1,27.06,31.06,65,8.9981,11,425,436
14044,3,1,8,2,0,1,1,2,29.52,33.335,51,6.0032,25,648,673
14045,3,1,8,2,0,1,1,2,30.34,33.335,45,0,40,265,305
14046,3,1,8,3,0,1,1,2,31.16,34.09,40,0,88,111,199
14047,3,1,8,3,0,1,1,1,31.16,34.09,40,6.0032,94,151,245
14048,3,1,8,3,0,1,1,1,31.98,34.85,40,12.998,96,180,276
14049,3,1,8,3,0,1,1,1,31.98,34.85,40,11.0014,79,175,254
14050,3,1,8,3,0,1,1,1,32.8,34.85,33,7.0015,85,163,248
14051,3,1,8,3,0,1,1,1,33.62,36.365,34,15.0013,80,194,274
14052,3,1,8,3,0,1,1,1,32.8,35.605,36,6.0032,116,348,464
14053,3,1,8,3,0,1,1,1,32.8,35.605,36,11.0014,102,716,818
14054,3,1,8,4,0,1,1,1,31.16,34.85,52,19.0012,103,709,812
14055,3,1,8,4,0,1,1,1,30.34,34.09,58,11.0014,88,467,555
14056,3,1,8,4,0,1,1,1,30.34,34.09,62,15.0013,58,374,432
14057,3,1,8,4,0,1,1,1,29.52,34.09,66,12.998,44,246,290
14058,3,1,8,1,0,1,1,1,29.52,34.09,62,22.0028,44,148,192
14059,3,1,8,1,0,1,1,1,28.7,32.575,70,15.0013,28,100,128
14060,3,1,8,1,0,2,1,1,28.7,33.335,74,15.0013,12,48,60
14061,3,1,8,1,0,2,1,1,27.88,31.82,79,16.9979,8,19,27
14062,3,1,8,1,0,2,1,2,27.88,31.82,83,12.998,2,9,11
14063,3,1,8,1,0,2,1,2,27.88,31.82,83,12.998,0,3,3
14064,3,1,8,1,0,2,1,2,27.88,31.82,83,12.998,0,5,5
14065,3,1,8,1,0,2,1,2,27.88,31.82,89,12.998,1,35,36
14066,3,1,8,1,0,2,1,3,26.24,28.79,83,12.998,1,63,64
14067,3,1,8,2,0,2,1,2,27.06,30.305,83,6.0032,1,178,179
14068,3,1,8,2,0,2,1,2,27.06,29.545,89,6.0032,27,591,618
14069,3,1,8,2,0,2,1,2,28.7,33.335,74,0,48,354,402
14070,3,1,8,3,0,2,1,1,28.7,33.335,79,7.0015,53,155,208
14071,3,1,8,3,0,2,1,1,30.34,34.09,62,0,69,127,196
14072,3,1,8,3,0,2,1,1,31.98,35.605,49,8.9981,93,207,300
14073,3,1,8,3,0,2,1,1,32.8,36.365,46,6.0032,83,203,286
14074,3,1,8,3,0,2,1,1,33.62,37.12,41,15.0013,80,175,255
14075,3,1,8,3,0,2,1,1,33.62,37.88,46,15.0013,84,199,283
14076,3,1,8,3,0,2,1,1,33.62,37.12,43,15.0013,95,363,458
14077,3,1,8,3,0,2,1,3,31.16,36.365,66,16.9979,78,734,812
14078,3,1,8,4,0,2,1,1,31.16,35.605,62,19.0012,97,757,854
14079,3,1,8,4,0,2,1,1,31.16,36.365,66,12.998,94,533,627
14080,3,1,8,4,0,2,1,1,30.34,35.605,74,15.0013,65,371,436
14081,3,1,8,4,0,2,1,1,30.34,34.09,62,15.0013,56,252,308
14082,3,1,8,1,0,2,1,1,29.52,34.09,66,6.0032,28,161,189
14083,3,1,8,1,0,2,1,1,29.52,34.09,66,11.0014,53,114,167
14084,3,1,8,1,0,3,1,1,28.7,32.575,61,12.998,8,52,60
14085,3,1,8,1,0,3,1,1,28.7,32.575,61,0,6,31,37
14086,3,1,8,1,0,3,1,1,27.88,31.82,65,0,1,7,8
14087,3,1,8,1,0,3,1,1,27.06,31.06,74,7.0015,1,10,11
14088,3,1,8,1,0,3,1,1,26.24,28.79,83,7.0015,0,4,4
14089,3,1,8,1,0,3,1,1,26.24,29.545,78,7.0015,4,35,39
14090,3,1,8,1,0,3,1,1,26.24,29.545,78,7.0015,12,160,172
14091,3,1,8,2,0,3,1,2,27.06,31.06,69,12.998,25,467,492
14092,3,1,8,2,0,3,1,2,28.7,32.575,65,19.0012,40,642,682
14093,3,1,8,2,0,3,1,2,29.52,34.09,62,12.998,57,310,367
14094,3,1,8,3,0,3,1,2,29.52,34.09,62,12.998,70,163,233
14095,3,1,8,3,0,3,1,2,30.34,34.09,58,12.998,80,155,235
14096,3,1,8,3,0,3,1,1,30.34,34.09,55,15.0013,77,230,307
14097,3,1,8,3,0,3,1,2,31.98,35.605,49,12.998,88,206,294
14098,3,1,8,3,0,3,1,2,31.16,34.85,52,19.9995,94,161,255
14099,3,1,8,3,0,3,1,1,31.16,34.85,52,16.9979,70,196,266
14100,3,1,8,3,0,3,1,1,31.16,34.09,48,12.998,91,340,431
14101,3,1,8,3,0,3,1,1,30.34,34.09,55,19.0012,102,749,851
14102,3,1,8,4,0,3,1,1,30.34,33.335,51,15.0013,80,768,848
14103,3,1,8,4,0,3,1,1,28.7,32.575,61,8.9981,124,525,649
14104,3,1,8,4,0,3,1,1,28.7,32.575,61,8.9981,72,355,427
14105,3,1,8,4,0,3,1,1,28.7,32.575,61,12.998,49,266,315
14106,3,1,8,1,0,3,1,1,28.7,32.575,61,11.0014,29,197,226
14107,3,1,8,1,0,3,1,1,27.88,31.82,65,7.0015,18,120,138
14108,3,1,8,1,0,4,1,1,27.06,31.06,69,0,13,63,76
14109,3,1,8,1,0,4,1,1,26.24,30.305,73,0,3,18,21
14110,3,1,8,1,0,4,1,1,26.24,30.305,69,12.998,0,15,15
14111,3,1,8,1,0,4,1,1,25.42,29.545,73,16.9979,0,4,4
14112,3,1,8,1,0,4,1,1,25.42,29.545,73,15.0013,2,3,5
14113,3,1,8,1,0,4,1,1,24.6,28.79,78,11.0014,7,30,37
14114,3,1,8,1,0,4,1,1,24.6,28.79,78,11.0014,3,162,165
14115,3,1,8,2,0,4,1,1,26.24,30.305,69,15.0013,16,448,464
14116,3,1,8,2,0,4,1,1,27.88,31.82,61,12.998,33,649,682
14117,3,1,8,2,0,4,1,1,29.52,33.335,54,7.0015,41,296,337
14118,3,1,8,3,0,4,1,1,30.34,33.335,48,8.9981,78,121,199
14119,3,1,8,3,0,4,1,1,31.16,33.335,37,6.0032,83,191,274
14120,3,1,8,3,0,4,1,1,32.8,34.85,33,7.0015,96,247,343
14121,3,1,8,3,0,4,1,1,32.8,34.85,31,15.0013,81,219,300
14122,3,1,8,3,0,4,1,1,33.62,35.605,32,0,72,176,248
14123,3,1,8,3,0,4,1,1,32.8,34.85,33,16.9979,63,197,260
14124,3,1,8,3,0,4,1,1,33.62,35.605,32,15.0013,79,340,419
14125,3,1,8,3,0,4,1,1,33.62,36.365,34,12.998,130,767,897
14126,3,1,8,4,0,4,1,1,32.8,35.605,36,0,109,723,832
14127,3,1,8,4,0,4,1,1,31.16,34.09,40,7.0015,119,558,677
14128,3,1,8,4,0,4,1,1,31.16,34.09,40,6.0032,100,414,514
14129,3,1,8,4,0,4,1,1,30.34,33.335,48,12.998,83,273,356
14130,3,1,8,1,0,4,1,1,29.52,33.335,51,11.0014,69,185,254
14131,3,1,8,1,0,4,1,1,28.7,32.575,54,7.0015,58,168,226
14132,3,1,8,1,0,5,1,1,27.88,12.12,57,11.0014,21,67,88
14133,3,1,8,1,0,5,1,1,27.06,12.12,65,7.0015,16,38,54
14134,3,1,8,1,0,5,1,1,27.06,12.12,61,8.9981,4,15,19
14135,3,1,8,1,0,5,1,1,26.24,12.12,65,7.0015,0,6,6
14136,3,1,8,1,0,5,1,1,26.24,12.12,73,11.0014,0,9,9
14137,3,1,8,1,0,5,1,1,26.24,12.12,73,7.0015,2,34,36
14138,3,1,8,1,0,5,1,1,25.42,12.12,78,8.9981,6,151,157
14139,3,1,8,2,0,5,1,1,26.24,12.12,73,7.0015,11,368,379
14140,3,1,8,2,0,5,1,1,27.88,12.12,65,8.9981,43,625,668
14141,3,1,8,2,0,5,1,1,28.7,12.12,58,7.0015,58,320,378
14142,3,1,8,3,0,5,1,1,30.34,12.12,55,11.0014,82,149,231
14143,3,1,8,3,0,5,1,1,31.16,12.12,52,19.0012,98,205,303
14144,3,1,8,3,0,5,1,1,33.62,12.12,41,15.0013,110,255,365
14145,3,1,8,3,0,5,1,1,34.44,12.12,36,26.0027,103,254,357
14146,3,1,8,3,0,5,1,1,35.26,12.12,34,27.9993,128,200,328
14147,3,1,8,3,0,5,1,1,35.26,12.12,30,31.0009,127,256,383
14148,3,1,8,3,0,5,1,2,34.44,12.12,32,30.0026,116,372,488
14149,3,1,8,3,0,5,1,1,33.62,12.12,36,22.0028,144,647,791
14150,3,1,8,4,0,5,1,2,33.62,12.12,38,16.9979,108,561,669
14151,3,1,8,4,0,5,1,2,30.34,12.12,55,26.0027,88,403,491
14152,3,1,8,4,0,5,1,2,29.52,12.12,58,15.0013,97,262,359
14153,3,1,8,4,0,5,1,2,27.88,12.12,69,19.9995,57,198,255
14154,3,1,8,1,0,5,1,3,27.06,12.12,83,12.998,43,170,213
14155,3,1,8,1,0,5,1,3,26.24,12.12,83,15.0013,21,100,121
14156,3,1,8,1,0,6,0,2,26.24,28.79,83,15.0013,6,99,105
14157,3,1,8,1,0,6,0,3,25.42,27.275,94,11.0014,14,78,92
14158,3,1,8,1,0,6,0,3,25.42,28.03,88,11.0014,4,39,43
14159,3,1,8,1,0,6,0,1,25.42,28.03,88,12.998,7,23,30
14160,3,1,8,1,0,6,0,1,25.42,29.545,73,15.0013,5,8,13
14161,3,1,8,1,0,6,0,1,24.6,28.79,78,16.9979,2,7,9
14162,3,1,8,1,0,6,0,1,24.6,28.03,83,15.0013,4,23,27
14163,3,1,8,2,0,6,0,1,24.6,28.03,83,15.0013,12,52,64
14164,3,1,8,2,0,6,0,1,26.24,30.305,69,16.9979,28,161,189
14165,3,1,8,2,0,6,0,1,27.06,31.06,65,19.0012,81,211,292
14166,3,1,8,3,0,6,0,1,28.7,32.575,54,11.0014,166,314,480
14167,3,1,8,3,0,6,0,1,29.52,33.335,51,0,180,356,536
14168,3,1,8,3,0,6,0,1,31.16,33.335,37,12.998,266,388,654
14169,3,1,8,3,0,6,0,1,30.34,32.575,40,12.998,289,355,644
14170,3,1,8,3,0,6,0,1,31.16,33.335,37,19.0012,242,356,598
14171,3,1,8,3,0,6,0,1,31.16,33.335,37,15.0013,250,346,596
14172,3,1,8,3,0,6,0,1,31.16,33.335,37,16.9979,287,354,641
14173,3,1,8,3,0,6,0,1,31.16,33.335,37,15.0013,256,379,635
14174,3,1,8,4,0,6,0,1,30.34,32.575,37,11.0014,225,329,554
14175,3,1,8,4,0,6,0,1,28.7,31.82,45,11.0014,164,324,488
14176,3,1,8,4,0,6,0,1,28.7,31.82,45,7.0015,99,242,341
14177,3,1,8,4,0,6,0,1,27.06,31.06,61,0,90,248,338
14178,3,1,8,1,0,6,0,1,27.06,31.06,61,0,90,171,261
14179,3,1,8,1,0,6,0,1,26.24,30.305,65,6.0032,60,175,235
14180,3,1,8,1,0,0,0,1,27.06,31.06,57,6.0032,44,143,187
14181,3,1,8,1,0,0,0,1,26.24,30.305,65,0,29,102,131
14182,3,1,8,1,0,0,0,2,25.42,30.305,69,6.0032,16,103,119
14183,3,1,8,1,0,0,0,2,25.42,30.305,61,11.0014,21,34,55
14184,3,1,8,1,0,0,0,2,25.42,30.305,65,11.0014,4,22,26
14185,3,1,8,1,0,0,0,2,24.6,29.545,73,8.9981,3,8,11
14186,3,1,8,1,0,0,0,2,25.42,30.305,69,7.0015,5,15,20
14187,3,1,8,2,0,0,0,2,25.42,30.305,69,8.9981,12,29,41
14188,3,1,8,2,0,0,0,2,26.24,30.305,69,7.0015,34,90,124
14189,3,1,8,2,0,0,0,2,27.06,31.06,74,0,86,184,270
14190,3,1,8,3,0,0,0,2,27.88,31.82,69,0,138,287,425
14191,3,1,8,3,0,0,0,3,26.24,29.545,78,11.0014,83,189,272
14192,3,1,8,3,0,0,0,3,26.24,30.305,73,0,112,186,298
14193,3,1,8,3,0,0,0,3,26.24,28.79,83,8.9981,50,112,162
14194,3,1,8,3,0,0,0,3,26.24,30.305,73,0,41,108,149
14195,3,1,8,3,0,0,0,2,26.24,30.305,65,0,89,187,276
14196,3,1,8,3,0,0,0,2,27.06,31.06,65,0,97,259,356
14197,3,1,8,3,0,0,0,2,26.24,29.545,78,7.0015,76,267,343
14198,3,1,8,4,0,0,0,2,26.24,29.545,78,7.0015,86,291,377
14199,3,1,8,4,0,0,0,2,26.24,30.305,73,8.9981,72,269,341
14200,3,1,8,4,0,0,0,2,26.24,30.305,73,12.998,61,213,274
14201,3,1,8,4,0,0,0,3,25.42,29.545,78,6.0032,36,154,190
14202,3,1,8,1,0,0,0,2,25.42,29.545,78,11.0014,6,50,56
14203,3,1,8,1,0,0,0,2,25.42,29.545,73,0,7,39,46
14204,3,1,8,1,0,1,1,2,24.6,28.03,83,7.0015,1,25,26
14205,3,1,8,1,0,1,1,1,24.6,28.03,83,11.0014,0,10,10
14206,3,1,8,1,0,1,1,1,24.6,28.03,83,11.0014,0,5,5
14207,3,1,8,1,0,1,1,1,24.6,27.275,88,7.0015,0,3,3
14208,3,1,8,1,0,1,1,2,24.6,28.03,83,6.0032,0,7,7
14209,3,1,8,1,0,1,1,2,24.6,28.03,83,0,2,35,37
14210,3,1,8,1,0,1,1,2,24.6,28.79,78,8.9981,6,155,161
14211,3,1,8,2,0,1,1,2,25.42,29.545,78,8.9981,15,427,442
14212,3,1,8,2,0,1,1,2,25.42,29.545,73,7.0015,37,618,655
14213,3,1,8,2,0,1,1,2,26.24,30.305,69,0,55,302,357
14214,3,1,8,3,0,1,1,2,26.24,30.305,69,6.0032,69,124,193
14215,3,1,8,3,0,1,1,1,27.06,31.06,65,7.0015,90,151,241
14216,3,1,8,3,0,1,1,2,27.06,31.06,61,7.0015,66,216,282
14217,3,1,8,3,0,1,1,1,28.7,32.575,58,8.9981,97,194,291
14218,3,1,8,3,0,1,1,1,29.52,33.335,54,11.0014,87,188,275
14219,3,1,8,3,0,1,1,1,29.52,33.335,54,16.9979,102,207,309
14220,3,1,8,3,0,1,1,1,29.52,33.335,54,16.9979,103,357,460
14221,3,1,8,3,0,1,1,1,28.7,32.575,58,19.0012,83,810,893
14222,3,1,8,4,0,1,1,2,25.42,29.545,78,16.9979,89,726,815
14223,3,1,8,4,0,1,1,2,25.42,29.545,78,12.998,33,266,299
14224,3,1,8,4,0,1,1,2,25.42,28.79,83,19.0012,30,231,261
14225,3,1,8,4,0,1,1,1,24.6,28.03,83,0,26,219,245
14226,3,1,8,1,0,1,1,2,24.6,28.03,83,0,25,136,161
14227,3,1,8,1,0,1,1,2,24.6,28.03,83,0,10,92,102
14228,3,1,8,1,0,2,1,2,24.6,28.03,83,6.0032,7,52,59
14229,3,1,8,1,0,2,1,2,24.6,28.03,83,8.9981,11,22,33
14230,3,1,8,1,0,2,1,2,23.78,27.275,88,19.0012,1,7,8
14231,3,1,8,1,0,2,1,1,22.96,26.515,88,0,0,3,3
14232,3,1,8,1,0,2,1,1,22.96,26.515,88,0,0,4,4
14233,3,1,8,1,0,2,1,1,22.96,26.515,83,6.0032,4,30,34
14234,3,1,8,1,0,2,1,1,22.96,26.515,83,7.0015,5,164,169
14235,3,1,8,2,0,2,1,1,24.6,28.79,78,7.0015,19,500,519
14236,3,1,8,2,0,2,1,1,24.6,28.79,78,8.9981,27,696,723
14237,3,1,8,2,0,2,1,1,26.24,30.305,69,0,47,281,328
14238,3,1,8,3,0,2,1,1,27.06,31.06,61,7.0015,58,120,178
14239,3,1,8,3,0,2,1,1,28.7,32.575,54,0,61,195,256
14240,3,1,8,3,0,2,1,1,29.52,32.575,45,0,79,226,305
14241,3,1,8,3,0,2,1,1,30.34,32.575,40,0,76,255,331
14242,3,1,8,3,0,2,1,1,31.16,33.335,37,6.0032,110,192,302
14243,3,1,8,3,0,2,1,1,31.16,33.335,37,0,76,226,302
14244,3,1,8,3,0,2,1,1,31.16,33.335,37,0,109,358,467
14245,3,1,8,3,0,2,1,1,30.34,33.335,51,19.0012,92,786,878
14246,3,1,8,4,0,2,1,1,29.52,33.335,54,15.0013,93,532,625
14247,3,1,8,4,0,2,1,3,25.42,29.545,73,7.0015,56,420,476
14248,3,1,8,4,0,2,1,1,26.24,30.305,73,0,62,296,358
14249,3,1,8,4,0,2,1,1,26.24,30.305,73,0,41,239,280
14250,3,1,8,1,0,2,1,1,26.24,29.545,78,0,24,208,232
14251,3,1,8,1,0,2,1,1,25.42,28.79,83,0,23,113,136
14252,3,1,8,1,0,3,1,1,25.42,28.79,83,7.0015,9,46,55
14253,3,1,8,1,0,3,1,1,25.42,29.545,78,0,1,20,21
14254,3,1,8,1,0,3,1,1,25.42,29.545,78,0,7,10,17
14255,3,1,8,1,0,3,1,1,25.42,29.545,78,0,0,7,7
14256,3,1,8,1,0,3,1,1,23.78,27.275,83,7.0015,1,7,8
14257,3,1,8,1,0,3,1,1,24.6,28.79,78,0,2,38,40
14258,3,1,8,1,0,3,1,1,25.42,29.545,73,0,12,175,187
14259,3,1,8,2,0,3,1,1,25.42,29.545,78,0,16,537,553
14260,3,1,8,2,0,3,1,1,26.24,30.305,73,6.0032,37,703,740
14261,3,1,8,2,0,3,1,1,27.88,31.82,65,0,41,335,376
14262,3,1,8,3,0,3,1,1,28.7,32.575,61,6.0032,66,159,225
14263,3,1,8,3,0,3,1,1,29.52,33.335,58,6.0032,71,196,267
14264,3,1,8,3,0,3,1,1,30.34,33.335,51,0,59,253,312
14265,3,1,8,3,0,3,1,1,31.16,34.09,48,7.0015,74,242,316
14266,3,1,8,3,0,3,1,1,31.16,34.09,45,7.0015,82,184,266
14267,3,1,8,3,0,3,1,1,31.16,34.09,48,8.9981,94,222,316
14268,3,1,8,3,0,3,1,3,30.34,34.09,55,15.0013,102,358,460
14269,3,1,8,3,0,3,1,3,30.34,34.09,55,15.0013,72,711,783
14270,3,1,8,4,0,3,1,3,27.06,31.06,61,15.0013,91,592,683
14271,3,1,8,4,0,3,1,2,27.06,31.06,74,0,56,524,580
14272,3,1,8,4,0,3,1,1,26.24,30.305,73,12.998,59,332,391
14273,3,1,8,4,0,3,1,1,26.24,30.305,73,0,60,291,351
14274,3,1,8,1,0,3,1,1,26.24,30.305,73,0,55,226,281
14275,3,1,8,1,0,3,1,1,26.24,28.79,83,0,27,113,140
14276,3,1,8,1,0,4,1,1,26.24,29.545,78,0,9,51,60
14277,3,1,8,1,0,4,1,1,25.42,28.79,83,0,10,15,25
14278,3,1,8,1,0,4,1,1,25.42,28.79,83,0,9,11,20
14279,3,1,8,1,0,4,1,1,25.42,28.79,83,6.0032,3,6,9
14280,3,1,8,1,0,4,1,1,25.42,28.79,83,0,0,6,6
14281,3,1,8,1,0,4,1,1,25.42,28.79,83,0,1,36,37
14282,3,1,8,1,0,4,1,2,24.6,27.275,88,6.0032,14,178,192
14283,3,1,8,2,0,4,1,2,25.42,28.79,83,6.0032,18,463,481
14284,3,1,8,2,0,4,1,2,27.06,31.06,74,6.0032,45,662,707
14285,3,1,8,2,0,4,1,2,28.7,32.575,70,0,58,354,412
14286,3,1,8,3,0,4,1,1,30.34,34.09,58,6.0032,76,157,233
14287,3,1,8,3,0,4,1,1,31.16,34.09,48,6.0032,86,192,278
14288,3,1,8,3,0,4,1,1,31.98,34.09,38,0,97,235,332
14289,3,1,8,3,0,4,1,1,33.62,36.365,38,6.0032,93,253,346
14290,3,1,8,3,0,4,1,1,31.98,34.85,46,15.0013,114,191,305
14291,3,1,8,3,0,4,1,1,31.98,34.85,46,8.9981,104,201,305
14292,3,1,8,3,0,4,1,1,31.16,34.09,48,11.0014,121,344,465
14293,3,1,8,3,0,4,1,1,31.16,34.09,45,15.0013,111,709,820
14294,3,1,8,4,0,4,1,1,30.34,33.335,48,15.0013,130,811,941
14295,3,1,8,4,0,4,1,1,29.52,33.335,51,6.0032,96,537,633
14296,3,1,8,4,0,4,1,1,28.7,32.575,61,7.0015,70,404,474
14297,3,1,8,4,0,4,1,1,28.7,32.575,61,8.9981,53,276,329
14298,3,1,8,1,0,4,1,2,27.88,31.82,61,7.0015,21,177,198
14299,3,1,8,1,0,4,1,2,27.06,31.06,69,0,24,133,157
14300,3,1,8,1,0,5,1,2,27.06,31.06,69,0,27,84,111
14301,3,1,8,1,0,5,1,2,26.24,30.305,73,0,5,37,42
14302,3,1,8,1,0,5,1,1,27.06,31.06,69,0,1,15,16
14303,3,1,8,1,0,5,1,1,26.24,30.305,73,0,2,6,8
14304,3,1,8,1,0,5,1,2,26.24,30.305,73,0,2,6,8
14305,3,1,8,1,0,5,1,1,26.24,29.545,78,0,1,37,38
14306,3,1,8,1,0,5,1,2,25.42,28.79,83,0,9,142,151
14307,3,1,8,2,0,5,1,2,26.24,29.545,78,0,13,412,425
14308,3,1,8,2,0,5,1,2,27.06,31.06,74,0,41,703,744
14309,3,1,8,2,0,5,1,2,29.52,33.335,58,0,58,331,389
14310,3,1,8,3,0,5,1,2,31.16,34.09,48,0,78,184,262
14311,3,1,8,3,0,5,1,2,31.16,34.09,48,7.0015,69,212,281
14312,3,1,8,3,0,5,1,2,31.16,34.09,45,6.0032,95,276,371
14313,3,1,8,3,0,5,1,2,32.8,35.605,41,7.0015,79,272,351
14314,3,1,8,3,0,5,1,1,31.98,34.85,43,7.0015,109,229,338
14315,3,1,8,3,0,5,1,2,31.16,34.09,48,8.9981,99,251,350
14316,3,1,8,3,0,5,1,2,31.16,34.09,48,8.9981,101,414,515
14317,3,1,8,3,0,5,1,2,30.34,33.335,51,15.0013,117,695,812
14318,3,1,8,4,0,5,1,2,29.52,34.09,62,12.998,109,627,736
14319,3,1,8,4,0,5,1,2,29.52,33.335,58,11.0014,106,430,536
14320,3,1,8,4,0,5,1,2,28.7,32.575,65,15.0013,66,297,363
14321,3,1,8,4,0,5,1,2,28.7,32.575,61,11.0014,58,248,306
14322,3,1,8,1,0,5,1,2,28.7,32.575,61,0,42,209,251
14323,3,1,8,1,0,5,1,2,27.88,31.82,69,6.0032,38,140,178
14324,3,1,8,1,0,6,0,2,28.7,32.575,61,0,21,114,135
14325,3,1,8,1,0,6,0,2,27.88,31.82,69,0,15,100,115
14326,3,1,8,1,0,6,0,2,27.06,31.06,74,6.0032,18,61,79
14327,3,1,8,1,0,6,0,1,27.06,31.06,69,6.0032,7,31,38
14328,3,1,8,1,0,6,0,2,27.06,31.06,69,7.0015,3,9,12
14329,3,1,8,1,0,6,0,2,26.24,30.305,73,11.0014,4,10,14
14330,3,1,8,1,0,6,0,2,26.24,29.545,78,11.0014,5,25,30
14331,3,1,8,2,0,6,0,2,26.24,29.545,78,12.998,14,88,102
14332,3,1,8,2,0,6,0,2,27.06,31.06,74,16.9979,29,133,162
14333,3,1,8,2,0,6,0,2,27.88,31.82,69,19.0012,60,228,288
14334,3,1,8,3,0,6,0,2,28.7,32.575,65,19.9995,148,294,442
14335,3,1,8,3,0,6,0,2,29.52,34.09,62,19.0012,143,314,457
14336,3,1,8,3,0,6,0,3,29.52,33.335,54,26.0027,217,367,584
14337,3,1,8,3,0,6,0,2,29.52,33.335,51,23.9994,186,331,517
14338,3,1,8,3,0,6,0,3,27.06,31.06,65,16.9979,150,332,482
14339,3,1,8,3,0,6,0,2,26.24,30.305,73,22.0028,79,154,233
14340,3,1,8,3,0,6,0,2,27.06,31.06,74,19.9995,174,260,434
14341,3,1,8,3,0,6,0,2,27.06,31.06,74,22.0028,132,271,403
14342,3,1,8,4,0,6,0,2,27.06,31.06,69,31.0009,122,261,383
14343,3,1,8,4,0,6,0,2,26.24,29.545,78,19.9995,97,257,354
14344,3,1,8,4,0,6,0,3,25.42,28.79,83,16.9979,65,176,241
14345,3,1,8,4,0,6,0,1,25.42,28.79,83,23.9994,60,148,208
14346,3,1,8,1,0,6,0,1,25.42,28.79,83,23.9994,46,136,182
14347,3,1,8,1,0,6,0,2,25.42,28.79,83,16.9979,34,124,158
14348,3,1,8,1,0,0,0,1,26.24,28.79,89,16.9979,23,111,134
14349,3,1,8,1,0,0,0,1,26.24,28.79,89,12.998,18,116,134
14350,3,1,8,1,0,0,0,2,26.24,28.79,89,15.0013,12,104,116
14351,3,1,8,1,0,0,0,2,26.24,28.79,89,16.9979,11,42,53
14352,3,1,8,1,0,0,0,2,26.24,28.79,89,12.998,5,11,16
14353,3,1,8,1,0,0,0,1,26.24,28.79,89,12.998,3,13,16
14354,3,1,8,1,0,0,0,1,25.42,28.03,88,19.9995,5,16,21
14355,3,1,8,2,0,0,0,1,26.24,28.79,89,12.998,11,23,34
14356,3,1,8,2,0,0,0,1,27.88,31.82,79,19.0012,21,112,133
14357,3,1,8,2,0,0,0,1,27.88,31.82,79,16.9979,67,196,263
14358,3,1,8,3,0,0,0,1,30.34,34.85,66,26.0027,127,258,385
14359,3,1,8,3,0,0,0,1,30.34,34.85,66,23.9994,150,332,482
14360,3,1,8,3,0,0,0,3,29.52,34.85,74,23.9994,225,401,626
14361,3,1,8,3,0,0,0,3,27.06,30.305,78,27.9993,166,375,541
14362,3,1,8,3,0,0,0,1,26.24,28.79,89,7.0015,125,252,377
14363,3,1,8,3,0,0,0,3,26.24,28.79,89,19.0012,132,259,391
14364,3,1,8,3,0,0,0,3,26.24,28.79,89,19.0012,57,116,173
14365,3,1,8,3,0,0,0,1,26.24,28.79,89,15.0013,61,172,233
14366,3,1,8,4,0,0,0,2,26.24,28.79,89,6.0032,77,187,264
14367,3,1,8,4,0,0,0,2,26.24,28.79,89,11.0014,80,212,292
14368,3,1,8,4,0,0,0,1,26.24,28.79,89,11.0014,40,171,211
14369,3,1,8,4,0,0,0,1,26.24,28.79,83,8.9981,26,140,166
14370,3,1,8,1,0,0,0,1,25.42,28.03,88,6.0032,20,94,114
14371,3,1,8,1,0,0,0,1,25.42,28.79,83,6.0032,21,59,80
14372,3,1,8,1,0,1,1,1,25.42,28.79,83,0,4,28,32
14373,3,1,8,1,0,1,1,1,25.42,28.03,88,6.0032,3,4,7
14374,3,1,8,1,0,1,1,1,25.42,28.03,88,8.9981,0,8,8
14375,3,1,8,1,0,1,1,1,25.42,28.03,88,6.0032,1,3,4
14376,3,1,8,1,0,1,1,1,25.42,28.79,83,0,1,11,12
14377,3,1,8,1,0,1,1,1,25.42,28.03,88,0,4,32,36
14378,3,1,8,1,0,1,1,1,25.42,28.03,88,0,4,141,145
14379,3,1,8,2,0,1,1,1,27.06,30.305,83,0,15,418,433
14380,3,1,8,2,0,1,1,1,27.06,30.305,83,6.0032,29,670,699
14381,3,1,8,2,0,1,1,1,27.06,30.305,83,7.0015,40,302,342
14382,3,1,8,3,0,1,1,1,29.52,34.85,74,8.9981,63,143,206
14383,3,1,8,3,0,1,1,1,30.34,34.85,66,12.998,47,182,229
14384,3,1,8,3,0,1,1,1,31.16,35.605,62,0,69,214,283
14385,3,1,8,3,0,1,1,1,31.16,35.605,57,11.0014,77,211,288
14386,3,1,8,3,0,1,1,1,32.8,37.12,49,6.0032,66,180,246
14387,3,1,8,3,0,1,1,1,32.8,37.88,55,19.9995,77,205,282
14388,3,1,8,3,0,1,1,1,32.8,37.88,55,16.9979,77,367,444
14389,3,1,8,3,0,1,1,1,32.8,36.365,46,15.0013,101,744,845
14390,3,1,8,4,0,1,1,1,31.98,35.605,52,16.9979,83,751,834
14391,3,1,8,4,0,1,1,1,30.34,34.85,70,15.0013,74,499,573
14392,3,1,8,4,0,1,1,1,30.34,34.85,70,12.998,50,366,416
14393,3,1,8,4,0,1,1,1,29.52,34.85,74,12.998,39,239,278
14394,3,1,8,1,0,1,1,1,28.7,33.335,84,12.998,30,131,161
14395,3,1,8,1,0,1,1,1,28.7,33.335,84,11.0014,35,79,114
14396,3,1,8,1,0,2,1,1,28.7,33.335,84,16.9979,9,29,38
14397,3,1,8,1,0,2,1,1,27.88,31.82,89,12.998,4,17,21
14398,3,1,8,1,0,2,1,1,27.88,31.82,83,16.9979,2,13,15
14399,3,1,8,1,0,2,1,1,27.06,29.545,89,8.9981,0,4,4
14400,3,1,8,1,0,2,1,1,27.06,30.305,83,8.9981,2,6,8
14401,3,1,8,1,0,2,1,2,27.06,30.305,83,6.0032,3,39,42
14402,3,1,8,1,0,2,1,2,27.06,29.545,89,7.0015,3,144,147
14403,3,1,8,2,0,2,1,2,27.06,30.305,83,7.0015,14,255,269
14404,3,1,8,2,0,2,1,2,27.06,31.06,85,7.0015,25,668,693
14405,3,1,8,2,0,2,1,2,28.7,33.335,79,11.0014,44,351,395
14406,3,1,8,3,0,2,1,1,30.34,34.09,62,16.9979,39,165,204
14407,3,1,8,3,0,2,1,1,31.98,36.365,55,16.9979,47,171,218
14408,3,1,8,3,0,2,1,1,32.8,37.12,49,19.0012,56,241,297
14409,3,1,8,3,0,2,1,1,33.62,37.12,43,19.9995,56,232,288
14410,3,1,8,3,0,2,1,1,34.44,37.12,38,22.0028,72,179,251
14411,3,1,8,3,0,2,1,1,33.62,36.365,34,19.9995,59,258,317
14412,3,1,8,3,0,2,1,1,33.62,35.605,33,22.0028,84,396,480
14413,3,1,8,3,0,2,1,1,32.8,34.85,35,26.0027,90,774,864
14414,3,1,8,4,0,2,1,1,31.98,34.85,40,16.9979,82,736,818
14415,3,1,8,4,0,2,1,1,30.34,33.335,45,11.0014,82,515,597
14416,3,1,8,4,0,2,1,1,29.52,33.335,48,7.0015,87,348,435
14417,3,1,8,4,0,2,1,1,29.52,33.335,48,6.0032,38,276,314
14418,3,1,8,1,0,2,1,1,28.7,32.575,54,0,20,196,216
14419,3,1,8,1,0,2,1,1,27.88,31.82,57,0,17,92,109
14420,3,1,8,1,0,3,1,1,27.06,31.06,69,0,8,39,47
14421,3,1,8,1,0,3,1,1,26.24,30.305,69,8.9981,2,12,14
14422,3,1,8,1,0,3,1,1,25.42,29.545,73,8.9981,2,4,6
14423,3,1,8,1,0,3,1,1,25.42,29.545,73,7.0015,0,9,9
14424,3,1,8,1,0,3,1,1,24.6,29.545,73,15.0013,2,8,10
14425,3,1,8,1,0,3,1,1,24.6,29.545,73,12.998,3,37,40
14426,3,1,8,1,0,3,1,1,24.6,29.545,73,12.998,6,175,181
14427,3,1,8,2,0,3,1,1,26.24,30.305,65,6.0032,23,531,554
14428,3,1,8,2,0,3,1,1,27.06,31.06,61,11.0014,28,780,808
14429,3,1,8,2,0,3,1,1,28.7,32.575,51,12.998,40,308,348
14430,3,1,8,3,0,3,1,1,29.52,33.335,48,11.0014,34,144,178
14431,3,1,8,3,0,3,1,1,29.52,32.575,45,0,67,186,253
14432,3,1,8,3,0,3,1,1,31.16,34.09,40,0,79,281,360
14433,3,1,8,3,0,3,1,1,30.34,33.335,42,0,68,232,300
14434,3,1,8,3,0,3,1,1,31.16,34.09,40,6.0032,87,214,301
14435,3,1,8,3,0,3,1,1,31.16,34.09,40,12.998,96,242,338
14436,3,1,8,3,0,3,1,1,31.16,33.335,37,8.9981,104,389,493
14437,3,1,8,3,0,3,1,1,31.98,34.09,35,15.0013,108,762,870
14438,3,1,8,4,0,3,1,1,30.34,33.335,42,11.0014,119,693,812
14439,3,1,8,4,0,3,1,1,28.7,32.575,54,12.998,120,523,643
14440,3,1,8,4,0,3,1,1,27.88,31.82,57,0,49,378,427
14441,3,1,8,4,0,3,1,1,27.06,31.06,54,7.0015,48,265,313
14442,3,1,8,1,0,3,1,1,27.06,31.06,54,0,50,185,235
14443,3,1,8,1,0,3,1,1,27.06,31.06,57,0,34,123,157
14444,3,1,8,1,0,4,1,1,26.24,30.305,69,0,14,51,65
14445,3,1,8,1,0,4,1,1,26.24,30.305,65,0,6,17,23
14446,3,1,8,1,0,4,1,1,25.42,29.545,73,0,3,14,17
14447,3,1,8,1,0,4,1,1,25.42,29.545,73,0,0,5,5
14448,3,1,8,1,0,4,1,1,25.42,29.545,73,0,4,4,8
14449,3,1,8,1,0,4,1,1,25.42,29.545,73,0,2,33,35
14450,3,1,8,1,0,4,1,1,24.6,28.03,83,11.0014,8,155,163
14451,3,1,8,2,0,4,1,1,26.24,30.305,73,0,31,501,532
14452,3,1,8,2,0,4,1,1,27.06,31.06,65,0,53,701,754
14453,3,1,8,2,0,4,1,1,28.7,32.575,58,0,57,339,396
14454,3,1,8,3,0,4,1,1,29.52,33.335,54,0,73,161,234
14455,3,1,8,3,0,4,1,1,31.16,34.09,40,6.0032,85,191,276
14456,3,1,8,3,0,4,1,1,31.16,34.09,45,8.9981,73,221,294
14457,3,1,8,3,0,4,1,1,31.16,34.09,48,7.0015,76,214,290
14458,3,1,8,3,0,4,1,1,31.16,34.09,48,8.9981,74,199,273
14459,3,1,8,3,0,4,1,1,32.8,36.365,46,11.0014,99,239,338
14460,3,1,8,3,0,4,1,1,32.8,36.365,43,11.0014,77,405,482
14461,3,1,8,3,0,4,1,1,33.62,36.365,34,15.0013,93,751,844
14462,3,1,8,4,0,4,1,1,32.8,35.605,38,8.9981,109,744,853
14463,3,1,8,4,0,4,1,1,31.16,34.09,48,8.9981,78,532,610
14464,3,1,8,4,0,4,1,1,30.34,34.09,58,11.0014,68,403,471
14465,3,1,8,4,0,4,1,1,29.52,34.09,66,8.9981,32,275,307
14466,3,1,8,1,0,4,1,1,28.7,32.575,70,0,38,253,291
14467,3,1,8,1,0,4,1,1,28.7,33.335,74,7.0015,19,133,152
14468,3,1,8,1,0,5,1,1,27.88,31.82,83,11.0014,13,69,82
14469,3,1,8,1,0,5,1,1,27.88,31.82,83,11.0014,8,24,32
14470,3,1,8,1,0,5,1,1,27.06,29.545,89,8.9981,9,11,20
14471,3,1,8,1,0,5,1,1,27.06,29.545,89,7.0015,3,2,5
14472,3,1,8,1,0,5,1,1,26.24,28.79,89,8.9981,0,7,7
14473,3,1,8,1,0,5,1,1,26.24,28.79,89,11.0014,2,27,29
14474,3,1,8,1,0,5,1,2,26.24,28.79,89,11.0014,7,101,108
14475,3,1,8,2,0,5,1,2,26.24,28.79,89,6.0032,21,400,421
14476,3,1,8,2,0,5,1,2,28.7,33.335,74,0,36,654,690
14477,3,1,8,2,0,5,1,1,30.34,34.85,70,0,61,337,398
14478,3,1,8,3,0,5,1,1,31.16,35.605,62,6.0032,59,197,256
14479,3,1,8,3,0,5,1,1,35.26,37.12,28,19.9995,88,221,309
14480,3,1,8,3,0,5,1,1,35.26,37.12,26,16.9979,120,290,410
14481,3,1,8,3,0,5,1,1,36.08,37.88,27,22.0028,97,271,368
14482,3,1,8,3,0,5,1,1,36.9,38.635,25,15.0013,112,324,436
14483,3,1,8,3,0,5,1,1,36.9,39.395,27,19.9995,109,417,526
14484,3,1,8,3,0,5,1,1,36.9,39.395,27,16.9979,111,417,528
14485,3,1,8,3,0,5,1,1,36.08,38.635,32,11.0014,129,488,617
14486,3,1,8,4,0,5,1,1,35.26,37.88,36,16.9979,87,459,546
14487,3,1,8,4,0,5,1,1,32.8,37.12,49,8.9981,91,361,452
14488,3,1,8,4,0,5,1,1,32.8,37.12,49,8.9981,102,254,356
14489,3,1,8,4,0,5,1,1,31.16,35.605,58,12.998,71,232,303
14490,3,1,8,1,0,5,1,1,31.16,35.605,58,12.998,65,212,277
14491,3,1,8,1,0,5,1,1,30.34,34.09,62,7.0015,32,142,174
14492,3,1,9,1,0,6,0,1,30.34,34.09,62,7.0015,22,146,168
14493,3,1,9,1,0,6,0,1,29.52,34.85,74,8.9981,11,68,79
14494,3,1,9,1,0,6,0,1,28.7,32.575,70,11.0014,8,61,69
14495,3,1,9,1,0,6,0,1,28.7,32.575,70,7.0015,6,29,35
14496,3,1,9,1,0,6,0,1,28.7,32.575,70,0,3,9,12
14497,3,1,9,1,0,6,0,1,27.88,31.82,79,0,2,20,22
14498,3,1,9,1,0,6,0,1,27.88,31.82,79,0,13,23,36
14499,3,1,9,2,0,6,0,2,30.34,34.09,58,8.9981,8,58,66
14500,3,1,9,2,0,6,0,2,31.16,35.605,58,16.9979,28,134,162
14501,3,1,9,2,0,6,0,2,31.16,35.605,58,12.998,62,175,237
14502,3,1,9,3,0,6,0,2,31.98,36.365,55,12.998,128,289,417
14503,3,1,9,3,0,6,0,2,32.8,37.88,55,15.0013,219,273,492
14504,3,1,9,3,0,6,0,2,32.8,37.88,55,11.0014,187,284,471
14505,3,1,9,3,0,6,0,2,33.62,38.635,52,6.0032,237,267,504
14506,3,1,9,3,0,6,0,2,35.26,39.395,44,11.0014,240,274,514
14507,3,1,9,3,0,6,0,2,35.26,39.395,44,19.0012,257,306,563
14508,3,1,9,3,0,6,0,2,34.44,39.395,49,11.0014,209,253,462
14509,3,1,9,3,0,6,0,2,33.62,38.635,52,0,205,258,463
14510,3,1,9,4,0,6,0,2,33.62,38.635,52,0,184,258,442
14511,3,1,9,4,0,6,0,3,31.98,37.12,62,0,157,235,392
14512,3,1,9,4,0,6,0,3,31.16,36.365,67,16.9979,67,140,207
14513,3,1,9,4,0,6,0,3,26.24,28.79,89,0,21,83,104
14514,3,1,9,1,0,6,0,2,27.06,29.545,89,0,21,57,78
14515,3,1,9,1,0,6,0,1,27.06,29.545,89,6.0032,57,88,145
14516,3,1,9,1,0,0,0,2,27.06,29.545,89,6.0032,27,72,99
14517,3,1,9,1,0,0,0,1,27.06,29.545,89,0,15,58,73
14518,3,1,9,1,0,0,0,1,27.06,29.545,89,0,28,56,84
14519,3,1,9,1,0,0,0,1,27.06,29.545,89,6.0032,9,33,42
14520,3,1,9,1,0,0,0,1,27.06,29.545,89,0,7,15,22
14521,3,1,9,1,0,0,0,1,27.06,29.545,89,0,2,10,12
14522,3,1,9,1,0,0,0,2,27.06,29.545,89,0,2,13,15
14523,3,1,9,2,0,0,0,1,27.06,29.545,94,6.0032,13,29,42
14524,3,1,9,2,0,0,0,1,27.88,31.82,89,6.0032,30,99,129
14525,3,1,9,2,0,0,0,2,28.7,33.335,84,0,88,144,232
14526,3,1,9,3,0,0,0,2,29.52,34.85,79,0,158,230,388
14527,3,1,9,3,0,0,0,2,30.34,34.85,70,0,226,263,489
14528,3,1,9,3,0,0,0,3,30.34,34.85,70,0,248,297,545
14529,3,1,9,3,0,0,0,3,29.52,34.85,74,6.0032,263,230,493
14530,3,1,9,3,0,0,0,3,29.52,34.85,79,6.0032,249,208,457
14531,3,1,9,3,0,0,0,3,30.34,35.605,74,8.9981,179,176,355
14532,3,1,9,3,0,0,0,1,30.34,34.85,70,0,222,252,474
14533,3,1,9,3,0,0,0,1,31.16,36.365,66,6.0032,219,284,503
14534,3,1,9,4,0,0,0,1,30.34,35.605,74,0,227,273,500
14535,3,1,9,4,0,0,0,2,28.7,33.335,84,15.0013,140,152,292
14536,3,1,9,4,0,0,0,2,28.7,33.335,84,11.0014,63,41,104
14537,3,1,9,4,0,0,0,1,28.7,32.575,70,11.0014,79,92,171
14538,3,1,9,1,0,0,0,3,27.88,31.82,83,8.9981,66,100,166
14539,3,1,9,1,0,0,0,3,27.06,29.545,89,6.0032,53,70,123
14540,3,1,9,1,1,1,0,2,27.06,29.545,94,0,42,62,104
14541,3,1,9,1,1,1,0,2,27.88,31.82,89,11.0014,18,37,55
14542,3,1,9,1,1,1,0,1,27.06,29.545,89,7.0015,10,30,40
14543,3,1,9,1,1,1,0,1,27.06,29.545,89,8.9981,6,22,28
14544,3,1,9,1,1,1,0,1,27.06,29.545,89,6.0032,6,5,11
14545,3,1,9,1,1,1,0,1,27.06,29.545,89,0,1,3,4
14546,3,1,9,1,1,1,0,1,27.06,29.545,94,0,3,12,15
14547,3,1,9,2,1,1,0,1,27.88,31.82,85,0,6,37,43
14548,3,1,9,2,1,1,0,2,28.7,33.335,84,7.0015,36,91,127
14549,3,1,9,2,1,1,0,2,28.7,33.335,84,8.9981,71,158,229
14550,3,1,9,3,1,1,0,2,30.34,35.605,74,15.0013,135,224,359
14551,3,1,9,3,1,1,0,2,30.34,34.85,70,19.0012,187,272,459
14552,3,1,9,3,1,1,0,2,31.16,35.605,62,19.9995,191,352,543
14553,3,1,9,3,1,1,0,2,31.16,36.365,66,16.9979,209,357,566
14554,3,1,9,3,1,1,0,1,30.34,34.85,70,19.9995,163,349,512
14555,3,1,9,3,1,1,0,1,30.34,34.85,70,15.0013,168,281,449
14556,3,1,9,3,1,1,0,1,30.34,34.85,70,15.0013,165,335,500
14557,3,1,9,3,1,1,0,1,30.34,34.85,70,8.9981,181,317,498
14558,3,1,9,4,1,1,0,1,30.34,34.85,66,11.0014,145,337,482
14559,3,1,9,4,1,1,0,1,29.52,34.85,74,12.998,73,301,374
14560,3,1,9,4,1,1,0,1,29.52,34.09,76,7.0015,78,183,261
14561,3,1,9,4,1,1,0,1,29.52,34.09,76,7.0015,42,142,184
14562,3,1,9,1,1,1,0,2,28.7,33.335,84,8.9981,17,104,121
14563,3,1,9,1,1,1,0,2,28.7,33.335,84,16.9979,12,58,70
14564,3,1,9,1,0,2,1,2,28.7,33.335,84,16.9979,10,19,29
14565,3,1,9,1,0,2,1,1,27.88,31.82,82,8.9981,15,9,24
14566,3,1,9,1,0,2,1,1,27.88,31.82,82,8.9981,1,4,5
14567,3,1,9,1,0,2,1,2,27.06,29.545,89,6.0032,1,9,10
14568,3,1,9,1,0,2,1,2,27.06,29.545,89,0,0,8,8
14569,3,1,9,1,0,2,1,2,27.06,29.545,89,0,1,37,38
14570,3,1,9,1,0,2,1,2,27.88,31.82,89,7.0015,7,165,172
14571,3,1,9,2,0,2,1,2,27.88,31.82,89,7.0015,13,480,493
14572,3,1,9,2,0,2,1,1,28.7,33.335,84,11.0014,15,617,632
14573,3,1,9,2,0,2,1,2,29.52,34.85,79,15.0013,30,293,323
14574,3,1,9,3,0,2,1,2,29.52,34.85,74,16.9979,42,130,172
14575,3,1,9,3,0,2,1,2,30.34,34.85,70,19.0012,39,159,198
14576,3,1,9,3,0,2,1,1,31.16,36.365,70,19.0012,54,233,287
14577,3,1,9,3,0,2,1,1,32.8,37.88,55,30.0026,72,203,275
14578,3,1,9,3,0,2,1,1,32.8,37.88,55,27.9993,72,202,274
14579,3,1,9,3,0,2,1,1,32.8,38.635,59,31.0009,68,224,292
14580,3,1,9,3,0,2,1,1,31.16,36.365,70,27.9993,61,397,458
14581,3,1,9,3,0,2,1,1,31.16,36.365,70,23.9994,110,746,856
14582,3,1,9,4,0,2,1,1,31.16,37.12,75,15.0013,94,745,839
14583,3,1,9,4,0,2,1,1,31.16,36.365,70,15.0013,50,502,552
14584,3,1,9,4,0,2,1,1,30.34,34.85,70,16.9979,47,338,385
14585,3,1,9,4,0,2,1,1,30.34,35.605,74,16.9979,28,240,268
14586,3,1,9,1,0,2,1,1,30.34,34.85,70,19.0012,25,154,179
14587,3,1,9,1,0,2,1,1,29.52,34.85,74,19.9995,12,83,95
14588,3,1,9,1,0,3,1,1,29.52,34.85,74,16.9979,10,27,37
14589,3,1,9,1,0,3,1,1,28.7,33.335,84,12.998,2,11,13
14590,3,1,9,1,0,3,1,1,28.7,33.335,84,12.998,0,9,9
14591,3,1,9,1,0,3,1,1,28.7,33.335,79,19.0012,0,4,4
14592,3,1,9,1,0,3,1,1,28.7,33.335,79,19.0012,2,3,5
14593,3,1,9,1,0,3,1,2,28.7,33.335,79,19.9995,1,39,40
14594,3,1,9,1,0,3,1,1,28.7,33.335,79,19.0012,7,203,210
14595,3,1,9,2,0,3,1,2,28.7,33.335,79,16.9979,11,489,500
14596,3,1,9,2,0,3,1,1,29.52,34.85,74,12.998,33,692,725
14597,3,1,9,2,0,3,1,1,30.34,34.85,70,16.9979,27,263,290
14598,3,1,9,3,0,3,1,2,31.16,36.365,70,11.0014,54,181,235
14599,3,1,9,3,0,3,1,2,31.98,37.12,62,11.0014,61,156,217
14600,3,1,9,3,0,3,1,1,31.98,38.635,70,7.0015,49,217,266
14601,3,1,9,3,0,3,1,1,32.8,39.395,63,11.0014,50,184,234
14602,3,1,9,3,0,3,1,1,33.62,39.395,56,7.0015,34,177,211
14603,3,1,9,3,0,3,1,1,31.98,38.635,70,12.998,41,204,245
14604,3,1,9,3,0,3,1,1,31.16,36.365,70,16.9979,86,344,430
14605,3,1,9,3,0,3,1,1,31.16,36.365,66,16.9979,83,780,863
14606,3,1,9,4,0,3,1,1,31.16,37.12,75,12.998,82,757,839
14607,3,1,9,4,0,3,1,1,30.34,34.85,70,11.0014,64,598,662
14608,3,1,9,4,0,3,1,1,29.52,35.605,84,11.0014,55,357,412
14609,3,1,9,4,0,3,1,1,29.52,34.85,79,0,18,278,296
14610,3,1,9,1,0,3,1,1,29.52,34.85,79,0,38,181,219
14611,3,1,9,1,0,3,1,1,28.7,33.335,84,6.0032,24,126,150
14612,3,1,9,1,0,4,1,2,28.7,33.335,84,6.0032,30,35,65
14613,3,1,9,1,0,4,1,2,28.7,33.335,84,0,2,16,18
14614,3,1,9,1,0,4,1,1,29.52,34.85,79,0,1,7,8
14615,3,1,9,1,0,4,1,1,28.7,33.335,84,7.0015,0,9,9
14616,3,1,9,1,0,4,1,2,28.7,33.335,84,6.0032,0,8,8
14617,3,1,9,1,0,4,1,2,28.7,33.335,84,12.998,3,35,38
14618,3,1,9,1,0,4,1,2,28.7,33.335,84,6.0032,11,189,200
14619,3,1,9,2,0,4,1,2,28.7,33.335,84,7.0015,21,461,482
14620,3,1,9,2,0,4,1,3,28.7,33.335,79,0,24,622,646
14621,3,1,9,2,0,4,1,3,27.06,29.545,94,8.9981,8,115,123
14622,3,1,9,3,0,4,1,3,27.06,29.545,94,8.9981,9,40,49
14623,3,1,9,3,0,4,1,3,28.7,33.335,84,11.0014,10,52,62
14624,3,1,9,3,0,4,1,2,29.52,34.85,79,15.0013,11,126,137
14625,3,1,9,3,0,4,1,2,29.52,34.85,79,7.0015,39,152,191
14626,3,1,9,3,0,4,1,1,30.34,35.605,74,6.0032,38,178,216
14627,3,1,9,3,0,4,1,1,30.34,34.85,66,12.998,42,228,270
14628,3,1,9,3,0,4,1,1,30.34,34.85,70,15.0013,42,374,416
14629,3,1,9,3,0,4,1,1,30.34,34.85,70,16.9979,67,741,808
14630,3,1,9,4,0,4,1,1,29.52,34.09,70,16.9979,74,761,835
14631,3,1,9,4,0,4,1,1,27.88,31.82,74,16.9979,54,504,558
14632,3,1,9,4,0,4,1,1,27.06,30.305,78,15.0013,50,356,406
14633,3,1,9,4,0,4,1,1,26.24,28.79,89,11.0014,32,240,272
14634,3,1,9,1,0,4,1,1,26.24,28.79,89,11.0014,24,193,217
14635,3,1,9,1,0,4,1,1,26.24,28.79,89,11.0014,19,150,169
14636,3,1,9,1,0,5,1,1,26.24,28.79,89,8.9981,17,79,96
14637,3,1,9,1,0,5,1,1,25.42,28.03,88,7.0015,10,19,29
14638,3,1,9,1,0,5,1,1,25.42,28.79,83,6.0032,1,10,11
14639,3,1,9,1,0,5,1,1,25.42,28.79,83,6.0032,0,9,9
14640,3,1,9,1,0,5,1,1,25.42,28.03,88,0,1,7,8
14641,3,1,9,1,0,5,1,1,25.42,28.03,88,0,1,39,40
14642,3,1,9,1,0,5,1,1,25.42,28.03,88,7.0015,5,135,140
14643,3,1,9,2,0,5,1,1,26.24,28.79,89,7.0015,21,465,486
14644,3,1,9,2,0,5,1,1,27.06,30.305,83,7.0015,29,690,719
14645,3,1,9,2,0,5,1,1,28.7,33.335,79,8.9981,33,311,344
14646,3,1,9,3,0,5,1,1,29.52,34.85,74,8.9981,53,171,224
14647,3,1,9,3,0,5,1,1,31.16,35.605,62,8.9981,81,215,296
14648,3,1,9,3,0,5,1,1,31.98,37.12,59,11.0014,76,247,323
14649,3,1,9,3,0,5,1,1,32.8,38.635,59,16.9979,71,283,354
14650,3,1,9,3,0,5,1,1,32.8,38.635,59,16.9979,66,187,253
14651,3,1,9,3,0,5,1,1,32.8,37.88,55,16.9979,66,265,331
14652,3,1,9,3,0,5,1,1,32.8,37.88,55,19.0012,75,395,470
14653,3,1,9,3,0,5,1,1,31.98,37.12,59,22.0028,88,684,772
14654,3,1,9,4,0,5,1,1,31.16,35.605,62,19.9995,95,697,792
14655,3,1,9,4,0,5,1,1,30.34,34.09,62,19.0012,70,498,568
14656,3,1,9,4,0,5,1,1,29.52,34.09,66,15.0013,51,340,391
14657,3,1,9,4,0,5,1,1,28.7,33.335,74,11.0014,55,246,301
14658,3,1,9,1,0,5,1,1,28.7,33.335,74,15.0013,52,247,299
14659,3,1,9,1,0,5,1,1,27.06,29.545,89,16.9979,28,220,248
14660,3,1,9,1,0,6,0,1,27.06,29.545,89,16.9979,20,130,150
14661,3,1,9,1,0,6,0,2,27.06,29.545,89,19.0012,10,107,117
14662,3,1,9,1,0,6,0,1,27.06,29.545,89,22.0028,9,68,77
14663,3,1,9,1,0,6,0,2,27.06,29.545,89,15.0013,3,40,43
14664,3,1,9,1,0,6,0,2,27.06,29.545,94,15.0013,3,8,11
14665,3,1,9,1,0,6,0,2,27.06,29.545,94,16.9979,2,13,15
14666,3,1,9,1,0,6,0,2,27.06,29.545,89,19.0012,8,26,34
14667,3,1,9,2,0,6,0,1,27.06,29.545,89,19.0012,11,71,82
14668,3,1,9,2,0,6,0,1,28.7,33.335,79,22.0028,33,197,230
14669,3,1,9,2,0,6,0,1,28.7,33.335,74,26.0027,87,261,348
14670,3,1,9,3,0,6,0,1,30.34,34.85,70,26.0027,100,322,422
14671,3,1,9,3,0,6,0,1,31.16,35.605,62,30.0026,173,405,578
14672,3,1,9,3,0,6,0,1,32.8,37.88,55,32.9975,220,474,694
14673,3,1,9,3,0,6,0,1,33.62,38.635,52,35.0008,233,435,668
14674,3,1,9,3,0,6,0,1,33.62,38.635,52,30.0026,260,366,626
14675,3,1,9,3,0,6,0,3,22.96,26.515,88,16.9979,175,337,512
14676,3,1,9,3,0,6,0,3,22.96,26.515,88,12.998,19,95,114
14677,3,1,9,3,0,6,0,3,23.78,27.275,83,12.998,52,119,171
14678,3,1,9,4,0,6,0,3,23.78,27.275,83,8.9981,27,140,167
14679,3,1,9,4,0,6,0,3,23.78,27.275,88,7.0015,28,187,215
14680,3,1,9,4,0,6,0,2,23.78,27.275,88,6.0032,28,166,194
14681,3,1,9,4,0,6,0,2,24.6,28.03,83,11.0014,26,155,181
14682,3,1,9,1,0,6,0,2,23.78,27.275,78,19.9995,18,176,194
14683,3,1,9,1,0,6,0,2,23.78,27.275,73,11.0014,12,121,133
14684,3,1,9,1,0,0,0,2,22.96,26.515,73,12.998,18,106,124
14685,3,1,9,1,0,0,0,1,22.96,26.515,73,15.0013,20,104,124
14686,3,1,9,1,0,0,0,1,22.14,25.76,77,19.0012,15,81,96
14687,3,1,9,1,0,0,0,1,22.14,25.76,73,15.0013,14,32,46
14688,3,1,9,1,0,0,0,1,21.32,25,77,16.9979,12,16,28
14689,3,1,9,1,0,0,0,1,21.32,25,77,12.998,16,39,55
14690,3,1,9,1,0,0,0,1,21.32,25,77,12.998,11,24,35
14691,3,1,9,2,0,0,0,1,22.14,25.76,73,11.0014,20,50,70
14692,3,1,9,2,0,0,0,1,23.78,27.275,68,15.0013,27,143,170
14693,3,1,9,2,0,0,0,1,25.42,30.305,61,16.9979,85,214,299
14694,3,1,9,3,0,0,0,1,26.24,31.06,57,19.9995,172,323,495
14695,3,1,9,3,0,0,0,1,27.06,31.06,47,16.9979,194,391,585
14696,3,1,9,3,0,0,0,1,27.06,31.06,47,0,247,510,757
14697,3,1,9,3,0,0,0,1,27.88,31.82,39,0,238,491,729
14698,3,1,9,3,0,0,0,1,29.52,32.575,30,19.0012,232,415,647
14699,3,1,9,3,0,0,0,1,29.52,32.575,32,16.9979,284,412,696
14700,3,1,9,3,0,0,0,1,27.88,31.82,36,19.0012,228,473,701
14701,3,1,9,3,0,0,0,1,28.7,31.82,37,16.9979,213,458,671
14702,3,1,9,4,0,0,0,1,27.06,31.06,36,16.9979,156,404,560
14703,3,1,9,4,0,0,0,1,27.06,31.06,36,16.9979,134,362,496
14704,3,1,9,4,0,0,0,1,25.42,31.06,41,19.0012,91,265,356
14705,3,1,9,4,0,0,0,1,24.6,31.06,46,15.0013,57,149,206
14706,3,1,9,1,0,0,0,1,23.78,27.275,49,16.9979,64,125,189
14707,3,1,9,1,0,0,0,1,22.96,26.515,52,19.0012,22,70,92
14708,3,1,9,1,0,1,1,1,22.96,26.515,52,19.0012,6,35,41
14709,3,1,9,1,0,1,1,1,22.14,25.76,60,12.998,7,11,18
14710,3,1,9,1,0,1,1,1,22.14,25.76,60,23.9994,11,6,17
14711,3,1,9,1,0,1,1,1,21.32,25,68,19.0012,5,7,12
14712,3,1,9,1,0,1,1,1,21.32,25,68,19.0012,1,4,5
14713,3,1,9,1,0,1,1,1,20.5,24.24,72,16.9979,4,36,40
14714,3,1,9,1,0,1,1,1,20.5,24.24,72,8.9981,8,172,180
14715,3,1,9,2,0,1,1,1,21.32,25,68,15.0013,20,427,447
14716,3,1,9,2,0,1,1,1,22.96,26.515,60,19.0012,33,697,730
14717,3,1,9,2,0,1,1,1,24.6,31.06,53,19.9995,40,321,361
14718,3,1,9,3,0,1,1,1,25.42,31.06,50,19.0012,42,168,210
14719,3,1,9,3,0,1,1,1,25.42,31.06,43,19.9995,69,167,236
14720,3,1,9,3,0,1,1,1,26.24,31.06,44,26.0027,76,256,332
14721,3,1,9,3,0,1,1,1,26.24,31.06,38,15.0013,72,251,323
14722,3,1,9,3,0,1,1,1,27.06,31.06,36,19.0012,107,233,340
14723,3,1,9,3,0,1,1,1,27.06,31.06,31,26.0027,115,231,346
14724,3,1,9,3,0,1,1,1,27.06,31.06,34,22.0028,108,380,488
14725,3,1,9,3,0,1,1,1,27.06,31.06,34,22.0028,127,744,871
14726,3,1,9,4,0,1,1,1,25.42,31.06,35,19.9995,111,857,968
14727,3,1,9,4,0,1,1,1,25.42,31.06,38,19.9995,71,562,633
14728,3,1,9,4,0,1,1,1,24.6,31.06,40,12.998,34,356,390
14729,3,1,9,4,0,1,1,1,22.96,26.515,49,11.0014,29,256,285
14730,3,1,9,1,0,1,1,1,22.14,25.76,52,8.9981,15,144,159
14731,3,1,9,1,0,1,1,1,22.14,25.76,52,0,7,86,93
14732,3,1,9,1,0,2,1,1,21.32,25,59,7.0015,5,27,32
14733,3,1,9,1,0,2,1,1,20.5,24.24,63,0,0,10,10
14734,3,1,9,1,0,2,1,1,19.68,23.485,77,11.0014,1,5,6
14735,3,1,9,1,0,2,1,1,19.68,23.485,67,8.9981,1,7,8
14736,3,1,9,1,0,2,1,1,19.68,23.485,72,7.0015,1,8,9
14737,3,1,9,1,0,2,1,1,18.86,22.725,72,6.0032,3,41,44
14738,3,1,9,1,0,2,1,1,18.86,22.725,77,7.0015,11,200,211
14739,3,1,9,2,0,2,1,1,20.5,24.24,72,7.0015,24,572,596
14740,3,1,9,2,0,2,1,1,22.14,25.76,68,6.0032,48,702,750
14741,3,1,9,2,0,2,1,1,24.6,31.06,49,0,35,323,358
14742,3,1,9,3,0,2,1,1,25.42,31.06,38,0,54,142,196
14743,3,1,9,3,0,2,1,1,26.24,31.06,33,6.0032,60,187,247
14744,3,1,9,3,0,2,1,1,26.24,31.06,33,0,62,254,316
14745,3,1,9,3,0,2,1,1,27.06,31.06,29,6.0032,72,256,328
14746,3,1,9,3,0,2,1,1,27.88,31.06,30,6.0032,74,181,255
14747,3,1,9,3,0,2,1,1,28.7,31.82,28,7.0015,73,253,326
14748,3,1,9,3,0,2,1,1,28.7,31.82,28,8.9981,99,437,536
14749,3,1,9,3,0,2,1,1,28.7,31.82,28,0,168,802,970
14750,3,1,9,4,0,2,1,1,26.24,31.06,36,11.0014,110,767,877
14751,3,1,9,4,0,2,1,1,25.42,31.06,41,12.998,56,540,596
14752,3,1,9,4,0,2,1,1,23.78,27.275,56,8.9981,40,421,461
14753,3,1,9,4,0,2,1,1,22.96,26.515,60,7.0015,28,282,310
14754,3,1,9,1,0,2,1,1,22.96,26.515,64,7.0015,27,189,216
14755,3,1,9,1,0,2,1,1,22.14,25.76,68,7.0015,18,91,109
14756,3,1,9,1,0,3,1,1,21.32,25,72,7.0015,8,41,49
14757,3,1,9,1,0,3,1,1,21.32,25,72,7.0015,2,19,21
14758,3,1,9,1,0,3,1,1,21.32,25,72,6.0032,2,9,11
14759,3,1,9,1,0,3,1,1,20.5,24.24,77,6.0032,0,7,7
14760,3,1,9,1,0,3,1,1,20.5,24.24,72,6.0032,0,5,5
14761,3,1,9,1,0,3,1,1,20.5,24.24,72,6.0032,4,44,48
14762,3,1,9,1,0,3,1,1,20.5,24.24,72,6.0032,6,199,205
14763,3,1,9,2,0,3,1,1,21.32,25,72,0,24,533,557
14764,3,1,9,2,0,3,1,1,22.96,26.515,64,7.0015,43,727,770
14765,3,1,9,2,0,3,1,1,24.6,30.305,64,8.9981,50,278,328
14766,3,1,9,3,0,3,1,1,25.42,30.305,61,8.9981,57,148,205
14767,3,1,9,3,0,3,1,1,27.06,31.06,50,12.998,51,181,232
14768,3,1,9,3,0,3,1,1,27.88,31.82,36,8.9981,88,264,352
14769,3,1,9,3,0,3,1,1,28.7,31.82,34,8.9981,85,238,323
14770,3,1,9,3,0,3,1,1,28.7,31.82,37,11.0014,78,200,278
14771,3,1,9,3,0,3,1,1,29.52,32.575,37,8.9981,75,243,318
14772,3,1,9,3,0,3,1,1,29.52,32.575,37,11.0014,90,419,509
14773,3,1,9,3,0,3,1,1,28.7,31.82,41,19.9995,114,811,925
14774,3,1,9,4,0,3,1,1,27.06,31.06,44,16.9979,91,886,977
14775,3,1,9,4,0,3,1,1,26.24,31.06,50,12.998,78,557,635
14776,3,1,9,4,0,3,1,1,25.42,31.06,57,8.9981,38,432,470
14777,3,1,9,4,0,3,1,1,24.6,30.305,60,8.9981,27,279,306
14778,3,1,9,1,0,3,1,1,22.96,26.515,64,6.0032,23,189,212
14779,3,1,9,1,0,3,1,1,22.96,26.515,68,7.0015,16,111,127
14780,3,1,9,1,0,4,1,1,22.96,26.515,73,6.0032,11,46,57
14781,3,1,9,1,0,4,1,1,22.14,25.76,77,6.0032,6,22,28
14782,3,1,9,1,0,4,1,1,22.14,25.76,77,0,0,9,9
14783,3,1,9,1,0,4,1,1,21.32,25,83,0,2,9,11
14784,3,1,9,1,0,4,1,1,21.32,25,83,0,0,6,6
14785,3,1,9,1,0,4,1,1,21.32,25,83,0,3,54,57
14786,3,1,9,1,0,4,1,1,20.5,24.24,82,0,9,186,195
14787,3,1,9,2,0,4,1,1,22.14,25.76,77,0,22,549,571
14788,3,1,9,2,0,4,1,1,22.96,26.515,73,0,33,725,758
14789,3,1,9,2,0,4,1,1,24.6,30.305,64,6.0032,46,292,338
14790,3,1,9,3,0,4,1,1,26.24,31.06,61,6.0032,63,149,212
14791,3,1,9,3,0,4,1,1,27.06,31.06,50,11.0014,71,183,254
14792,3,1,9,3,0,4,1,1,27.88,31.82,44,7.0015,57,240,297
14793,3,1,9,3,0,4,1,1,28.7,31.82,42,0,60,223,283
14794,3,1,9,3,0,4,1,1,29.52,32.575,39,8.9981,60,214,274
14795,3,1,9,3,0,4,1,1,29.52,32.575,42,7.0015,99,253,352
14796,3,1,9,3,0,4,1,1,29.52,32.575,39,6.0032,85,406,491
14797,3,1,9,3,0,4,1,1,29.52,32.575,42,12.998,97,787,884
14798,3,1,9,4,0,4,1,1,27.88,31.82,57,16.9979,108,744,852
14799,3,1,9,4,0,4,1,1,26.24,30.305,65,8.9981,80,594,674
14800,3,1,9,4,0,4,1,1,25.42,30.305,69,7.0015,55,408,463
14801,3,1,9,4,0,4,1,1,25.42,30.305,65,7.0015,26,291,317
14802,3,1,9,1,0,4,1,1,24.6,29.545,69,8.9981,28,223,251
14803,3,1,9,1,0,4,1,1,23.78,27.275,73,7.0015,33,137,170
14804,3,1,9,1,0,5,1,1,22.96,26.515,73,6.0032,24,63,87
14805,3,1,9,1,0,5,1,1,22.96,26.515,73,6.0032,6,35,41
14806,3,1,9,1,0,5,1,1,22.96,26.515,73,0,7,23,30
14807,3,1,9,1,0,5,1,1,22.14,25.76,77,0,5,9,14
14808,3,1,9,1,0,5,1,1,22.14,25.76,77,0,1,11,12
14809,3,1,9,1,0,5,1,1,22.14,25.76,83,0,1,40,41
14810,3,1,9,1,0,5,1,1,22.14,25.76,88,0,8,144,152
14811,3,1,9,2,0,5,1,2,22.96,26.515,88,0,17,437,454
14812,3,1,9,2,0,5,1,2,24.6,28.79,78,11.0014,51,715,766
14813,3,1,9,2,0,5,1,2,25.42,29.545,78,11.0014,46,301,347
14814,3,1,9,3,0,5,1,2,27.88,31.82,65,0,75,171,246
14815,3,1,9,3,0,5,1,2,27.88,31.82,61,7.0015,84,196,280
14816,3,1,9,3,0,5,1,2,28.7,32.575,54,12.998,119,290,409
14817,3,1,9,3,0,5,1,2,28.7,32.575,54,12.998,107,301,408
14818,3,1,9,3,0,5,1,2,29.52,32.575,45,11.0014,113,258,371
14819,3,1,9,3,0,5,1,2,29.52,33.335,48,8.9981,94,273,367
14820,3,1,9,3,0,5,1,2,29.52,33.335,51,0,109,454,563
14821,3,1,9,3,0,5,1,1,29.52,33.335,51,12.998,137,757,894
14822,3,1,9,4,0,5,1,1,29.52,32.575,45,15.0013,116,692,808
14823,3,1,9,4,0,5,1,1,27.88,31.82,57,11.0014,83,496,579
14824,3,1,9,4,0,5,1,1,27.06,31.06,61,7.0015,67,337,404
14825,3,1,9,4,0,5,1,1,26.24,30.305,73,15.0013,42,270,312
14826,3,1,9,1,0,5,1,1,25.42,28.79,83,12.998,40,189,229
14827,3,1,9,1,0,5,1,1,25.42,29.545,78,6.0032,27,168,195
14828,3,1,9,1,0,6,0,1,24.6,28.03,83,7.0015,38,169,207
14829,3,1,9,1,0,6,0,1,24.6,29.545,73,0,8,101,109
14830,3,1,9,1,0,6,0,1,23.78,27.275,78,7.0015,18,75,93
14831,3,1,9,1,0,6,0,1,24.6,29.545,73,16.9979,6,31,37
14832,3,1,9,1,0,6,0,2,24.6,29.545,69,23.9994,3,3,6
14833,3,1,9,1,0,6,0,1,23.78,27.275,60,35.0008,1,15,16
14834,3,1,9,1,0,6,0,1,22.14,25.76,49,27.9993,6,27,33
14835,3,1,9,2,0,6,0,1,22.14,25.76,52,19.0012,10,63,73
14836,3,1,9,2,0,6,0,1,22.96,26.515,49,27.9993,43,169,212
14837,3,1,9,2,0,6,0,1,24.6,31.06,43,27.9993,79,263,342
14838,3,1,9,3,0,6,0,1,25.42,31.06,41,26.0027,119,323,442
14839,3,1,9,3,0,6,0,1,26.24,31.06,38,26.0027,228,399,627
14840,3,1,9,3,0,6,0,1,27.06,31.06,36,23.9994,287,419,706
14841,3,1,9,3,0,6,0,1,27.88,31.82,36,12.998,327,377,704
14842,3,1,9,3,0,6,0,1,27.88,31.82,34,22.0028,325,390,715
14843,3,1,9,3,0,6,0,2,27.88,31.82,34,19.0012,312,342,654
14844,3,1,9,3,0,6,0,2,27.06,31.06,36,15.0013,350,433,783
14845,3,1,9,3,0,6,0,2,27.06,31.06,36,16.9979,295,434,729
14846,3,1,9,4,0,6,0,2,26.24,31.06,36,19.0012,232,382,614
14847,3,1,9,4,0,6,0,1,25.42,31.06,41,11.0014,169,309,478
14848,3,1,9,4,0,6,0,1,24.6,31.06,43,6.0032,89,241,330
14849,3,1,9,4,0,6,0,1,22.96,26.515,52,7.0015,86,210,296
14850,3,1,9,1,0,6,0,1,22.96,26.515,52,0,82,197,279
14851,3,1,9,1,0,6,0,1,22.14,25.76,60,0,47,182,229
14852,3,1,9,1,0,0,0,1,22.14,25.76,64,0,28,123,151
14853,3,1,9,1,0,0,0,1,22.14,25.76,64,0,35,82,117
14854,3,1,9,1,0,0,0,1,21.32,25,63,0,27,62,89
14855,3,1,9,1,0,0,0,1,20.5,24.24,68,0,10,38,48
14856,3,1,9,1,0,0,0,1,20.5,24.24,72,0,2,6,8
14857,3,1,9,1,0,0,0,1,20.5,24.24,72,0,3,10,13
14858,3,1,9,1,0,0,0,1,20.5,24.24,72,0,9,26,35
14859,3,1,9,2,0,0,0,1,20.5,24.24,77,7.0015,28,43,71
14860,3,1,9,2,0,0,0,1,22.14,25.76,64,11.0014,34,94,128
14861,3,1,9,2,0,0,0,1,23.78,27.275,60,8.9981,70,226,296
14862,3,1,9,3,0,0,0,1,25.42,31.06,50,7.0015,160,330,490
14863,3,1,9,3,0,0,0,1,26.24,31.06,47,11.0014,183,376,559
14864,3,1,9,3,0,0,0,1,27.06,31.06,44,11.0014,188,468,656
14865,3,1,9,3,0,0,0,1,26.24,31.06,41,11.0014,240,454,694
14866,3,1,9,3,0,0,0,1,27.06,31.06,39,8.9981,225,410,635
14867,3,1,9,3,0,0,0,1,26.24,31.06,41,11.0014,215,342,557
14868,3,1,9,3,0,0,0,1,26.24,31.06,44,11.0014,194,402,596
14869,3,1,9,3,0,0,0,1,27.06,31.06,41,0,177,393,570
14870,3,1,9,4,0,0,0,1,25.42,31.06,50,11.0014,120,361,481
14871,3,1,9,4,0,0,0,1,25.42,31.06,50,8.9981,91,312,403
14872,3,1,9,4,0,0,0,1,24.6,31.06,53,7.0015,57,267,324
14873,3,1,9,4,0,0,0,1,24.6,31.06,56,7.0015,43,148,191
14874,3,1,9,1,0,0,0,1,22.96,26.515,68,6.0032,18,109,127
14875,3,1,9,1,0,0,0,1,22.14,25.76,68,7.0015,9,85,94
14876,3,1,9,1,0,1,1,1,22.14,25.76,68,11.0014,14,31,45
14877,3,1,9,1,0,1,1,1,21.32,25,72,6.0032,9,12,21
14878,3,1,9,1,0,1,1,1,21.32,25,72,0,5,8,13
14879,3,1,9,1,0,1,1,1,20.5,24.24,77,6.0032,0,7,7
14880,3,1,9,1,0,1,1,1,20.5,24.24,77,0,2,9,11
14881,3,1,9,1,0,1,1,1,19.68,23.485,82,6.0032,1,44,45
14882,3,1,9,1,0,1,1,1,19.68,23.485,82,0,7,157,164
14883,3,1,9,2,0,1,1,1,21.32,25,77,0,18,474,492
14884,3,1,9,2,0,1,1,1,22.14,25.76,77,6.0032,36,647,683
14885,3,1,9,2,0,1,1,1,23.78,27.275,68,8.9981,34,265,299
14886,3,1,9,3,0,1,1,2,25.42,30.305,65,12.998,73,129,202
14887,3,1,9,3,0,1,1,2,25.42,30.305,69,15.0013,61,191,252
14888,3,1,9,3,0,1,1,2,25.42,30.305,69,12.998,62,233,295
14889,3,1,9,3,0,1,1,1,26.24,30.305,65,16.9979,112,231,343
14890,3,1,9,3,0,1,1,2,26.24,30.305,65,16.9979,129,203,332
14891,3,1,9,3,0,1,1,2,26.24,30.305,65,16.9979,82,256,338
14892,3,1,9,3,0,1,1,2,26.24,30.305,69,16.9979,74,379,453
14893,3,1,9,3,0,1,1,2,26.24,30.305,65,15.0013,102,740,842
14894,3,1,9,4,0,1,1,2,25.42,29.545,73,11.0014,66,708,774
14895,3,1,9,4,0,1,1,2,25.42,29.545,73,7.0015,51,435,486
14896,3,1,9,4,0,1,1,2,25.42,29.545,73,8.9981,32,308,340
14897,3,1,9,4,0,1,1,3,25.42,28.79,83,15.0013,28,205,233
14898,3,1,9,1,0,1,1,3,25.42,28.79,83,16.9979,20,109,129
14899,3,1,9,1,0,1,1,3,24.6,25.76,94,16.9979,4,66,70
14900,3,1,9,1,0,2,1,3,24.6,25.76,94,16.9979,2,11,13
14901,3,1,9,1,0,2,1,3,24.6,25.76,94,12.998,0,5,5
14902,3,1,9,1,0,2,1,3,24.6,25.76,94,12.998,0,4,4
14903,3,1,9,1,0,2,1,2,25.42,27.275,94,19.0012,0,6,6
14904,3,1,9,1,0,2,1,2,25.42,27.275,94,23.9994,2,5,7
14905,3,1,9,1,0,2,1,2,26.24,28.79,89,22.0028,3,45,48
14906,3,1,9,1,0,2,1,2,26.24,28.79,89,22.0028,4,163,167
14907,3,1,9,2,0,2,1,2,26.24,28.79,89,30.0026,13,343,356
14908,3,1,9,2,0,2,1,2,27.06,30.305,83,36.9974,32,640,672
14909,3,1,9,2,0,2,1,2,27.06,30.305,83,39.0007,27,266,293
14910,3,1,9,3,0,2,1,3,27.88,31.82,79,43.0006,30,130,160
14911,3,1,9,3,0,2,1,2,27.88,31.82,79,43.0006,36,115,151
14912,3,1,9,3,0,2,1,3,27.88,31.82,83,30.0026,16,72,88
14913,3,1,9,3,0,2,1,2,28.7,33.335,74,39.0007,17,97,114
14914,3,1,9,3,0,2,1,3,24.6,25.76,94,31.0009,27,116,143
14915,3,1,9,3,0,2,1,3,24.6,27.275,88,16.9979,1,35,36
14916,3,1,9,3,0,2,1,3,24.6,27.275,88,19.9995,19,122,141
14917,3,1,9,3,0,2,1,3,24.6,27.275,88,12.998,36,302,338
14918,3,1,9,4,0,2,1,2,24.6,27.275,88,11.0014,19,262,281
14919,3,1,9,4,0,2,1,2,24.6,27.275,88,19.9995,22,302,324
14920,3,1,9,4,0,2,1,2,24.6,27.275,88,12.998,19,271,290
14921,3,1,9,4,0,2,1,2,24.6,27.275,88,12.998,21,186,207
14922,3,1,9,1,0,2,1,3,23.78,27.275,83,31.0009,14,137,151
14923,3,1,9,1,0,2,1,2,22.96,26.515,83,15.0013,11,67,78
14924,3,1,9,1,0,3,1,2,22.96,26.515,68,19.0012,3,23,26
14925,3,1,9,1,0,3,1,2,22.14,25.76,68,16.9979,0,12,12
14926,3,1,9,1,0,3,1,2,22.14,25.76,64,22.0028,0,3,3
14927,3,1,9,1,0,3,1,2,21.32,25,63,16.9979,1,4,5
14928,3,1,9,1,0,3,1,2,21.32,25,68,23.9994,0,10,10
14929,3,1,9,1,0,3,1,2,21.32,25,68,19.0012,2,54,56
14930,3,1,9,1,0,3,1,1,21.32,25,63,16.9979,6,166,172
14931,3,1,9,2,0,3,1,1,21.32,25,63,15.0013,16,529,545
14932,3,1,9,2,0,3,1,1,21.32,25,59,15.0013,39,758,797
14933,3,1,9,2,0,3,1,1,22.14,25.76,60,16.9979,26,336,362
14934,3,1,9,3,0,3,1,1,22.96,26.515,52,12.998,23,169,192
14935,3,1,9,3,0,3,1,1,24.6,31.06,43,16.9979,44,203,247
14936,3,1,9,3,0,3,1,1,24.6,31.06,43,16.9979,53,260,313
14937,3,1,9,3,0,3,1,1,24.6,31.06,40,16.9979,55,234,289
14938,3,1,9,3,0,3,1,1,25.42,31.06,38,16.9979,59,227,286
14939,3,1,9,3,0,3,1,1,25.42,31.06,35,0,57,254,311
14940,3,1,9,3,0,3,1,1,25.42,31.06,35,0,69,397,466
14941,3,1,9,3,0,3,1,1,24.6,31.06,38,15.0013,74,812,886
14942,3,1,9,4,0,3,1,1,23.78,27.275,40,19.0012,85,807,892
14943,3,1,9,4,0,3,1,1,22.96,26.515,43,15.0013,72,539,611
14944,3,1,9,4,0,3,1,1,21.32,25,48,11.0014,31,378,409
14945,3,1,9,4,0,3,1,1,20.5,24.24,59,11.0014,25,324,349
14946,3,1,9,1,0,3,1,1,20.5,24.24,63,6.0032,31,198,229
14947,3,1,9,1,0,3,1,1,19.68,23.485,67,6.0032,17,106,123
14948,3,1,9,1,0,4,1,1,20.5,24.24,63,0,12,46,58
14949,3,1,9,1,0,4,1,1,18.86,22.725,72,7.0015,4,14,18
14950,3,1,9,1,0,4,1,1,18.86,22.725,72,6.0032,2,9,11
14951,3,1,9,1,0,4,1,1,18.04,21.97,77,0,0,6,6
14952,3,1,9,1,0,4,1,1,18.04,21.97,77,7.0015,0,6,6
14953,3,1,9,1,0,4,1,1,18.04,21.97,77,7.0015,4,52,56
14954,3,1,9,1,0,4,1,1,18.04,21.97,77,0,9,161,170
14955,3,1,9,2,0,4,1,1,18.86,22.725,82,7.0015,20,514,534
14956,3,1,9,2,0,4,1,1,20.5,24.24,68,6.0032,44,746,790
14957,3,1,9,2,0,4,1,1,22.96,26.515,60,6.0032,25,330,355
14958,3,1,9,3,0,4,1,1,23.78,27.275,53,6.0032,33,157,190
14959,3,1,9,3,0,4,1,1,25.42,31.06,43,0,37,206,243
14960,3,1,9,3,0,4,1,1,25.42,31.06,43,8.9981,57,233,290
14961,3,1,9,3,0,4,1,1,26.24,31.06,44,8.9981,68,268,336
14962,3,1,9,3,0,4,1,1,26.24,31.06,47,12.998,76,222,298
14963,3,1,9,3,0,4,1,1,27.06,31.06,47,12.998,60,231,291
14964,3,1,9,3,0,4,1,1,26.24,31.06,47,11.0014,72,385,457
14965,3,1,9,3,0,4,1,1,26.24,31.06,50,15.0013,91,885,976
14966,3,1,9,4,0,4,1,1,24.6,31.06,56,16.9979,119,781,900
14967,3,1,9,4,0,4,1,1,23.78,27.275,60,15.0013,69,534,603
14968,3,1,9,4,0,4,1,1,22.96,26.515,64,8.9981,57,360,417
14969,3,1,9,4,0,4,1,1,22.96,26.515,64,12.998,28,246,274
14970,3,1,9,1,0,4,1,1,22.14,25.76,73,7.0015,35,252,287
14971,3,1,9,1,0,4,1,1,22.14,25.76,68,7.0015,17,137,154
14972,3,1,9,1,0,5,1,1,22.14,25.76,68,0,13,53,66
14973,3,1,9,1,0,5,1,1,21.32,25,72,0,11,38,49
14974,3,1,9,1,0,5,1,1,21.32,25,72,0,6,8,14
14975,3,1,9,1,0,5,1,1,20.5,24.24,77,6.0032,1,11,12
14976,3,1,9,1,0,5,1,1,20.5,24.24,77,0,1,9,10
14977,3,1,9,1,0,5,1,1,20.5,24.24,82,0,2,47,49
14978,3,1,9,1,0,5,1,1,20.5,24.24,77,6.0032,19,146,165
14979,3,1,9,2,0,5,1,1,21.32,25,77,0,35,468,503
14980,3,1,9,2,0,5,1,1,22.14,25.76,73,8.9981,31,726,757
14981,3,1,9,2,0,5,1,1,23.78,27.275,68,8.9981,35,348,383
14982,3,1,9,3,0,5,1,1,25.42,30.305,61,15.0013,44,181,225
14983,3,1,9,3,0,5,1,1,27.06,31.06,57,15.0013,79,242,321
14984,3,1,9,3,0,5,1,1,27.88,31.82,57,11.0014,84,305,389
14985,3,1,9,3,0,5,1,1,28.7,32.575,54,11.0014,105,316,421
14986,3,1,9,3,0,5,1,1,28.7,32.575,54,19.9995,113,299,412
14987,3,1,9,3,0,5,1,1,28.7,32.575,54,15.0013,90,333,423
14988,3,1,9,3,0,5,1,1,28.7,32.575,54,12.998,103,464,567
14989,3,1,9,3,0,5,1,1,27.88,31.82,57,19.0012,107,739,846
14990,3,1,9,4,0,5,1,1,27.06,31.06,61,16.9979,106,699,805
14991,3,1,9,4,0,5,1,1,26.24,30.305,65,16.9979,95,493,588
14992,3,1,9,4,0,5,1,1,25.42,30.305,69,12.998,54,315,369
14993,3,1,9,4,0,5,1,1,24.6,29.545,73,16.9979,46,266,312
14994,3,1,9,1,0,5,1,1,24.6,29.545,73,12.998,47,248,295
14995,3,1,9,1,0,5,1,1,24.6,29.545,73,22.0028,23,163,186
14996,3,1,9,1,0,6,0,1,24.6,29.545,73,19.0012,32,140,172
14997,3,1,9,1,0,6,0,1,23.78,27.275,83,19.9995,18,106,124
14998,3,1,9,1,0,6,0,1,22.96,26.515,88,16.9979,10,73,83
14999,3,1,9,1,0,6,0,1,22.96,26.515,83,19.0012,6,39,45
15000,3,1,9,1,0,6,0,1,22.96,26.515,83,19.0012,5,10,15
15001,3,1,9,1,0,6,0,1,22.96,26.515,83,22.0028,2,15,17
15002,3,1,9,1,0,6,0,1,22.96,26.515,83,19.9995,6,35,41
15003,3,1,9,2,0,6,0,1,23.78,27.275,78,16.9979,7,70,77
15004,3,1,9,2,0,6,0,1,24.6,29.545,73,19.9995,21,197,218
15005,3,1,9,2,0,6,0,1,26.24,30.305,69,16.9979,88,289,377
15006,3,1,9,3,0,6,0,1,27.06,31.06,65,22.0028,124,350,474
15007,3,1,9,3,0,6,0,1,28.7,32.575,58,19.0012,189,437,626
15008,3,1,9,3,0,6,0,1,29.52,33.335,54,19.9995,228,460,688
15009,3,1,9,3,0,6,0,1,30.34,33.335,51,23.9994,273,434,707
15010,3,1,9,3,0,6,0,1,31.16,34.09,48,19.0012,250,404,654
15011,3,1,9,3,0,6,0,1,30.34,33.335,48,26.0027,307,443,750
15012,3,1,9,3,0,6,0,1,30.34,33.335,51,22.0028,253,427,680
15013,3,1,9,3,0,6,0,1,30.34,33.335,51,22.0028,195,451,646
15014,3,1,9,4,0,6,0,1,29.52,33.335,54,19.0012,171,427,598
15015,3,1,9,4,0,6,0,1,28.7,32.575,58,12.998,99,308,407
15016,3,1,9,4,0,6,0,1,28.7,32.575,54,16.9979,76,249,325
15017,3,1,9,4,0,6,0,1,26.24,31.06,57,16.9979,59,202,261
15018,3,1,9,1,0,6,0,1,25.42,31.06,57,12.998,59,180,239
15019,3,1,9,1,0,6,0,1,25.42,31.06,50,12.998,34,137,171
15020,4,1,9,1,0,0,0,1,25.42,31.06,38,16.9979,34,146,180
15021,4,1,9,1,0,0,0,1,22.14,25.76,52,23.9994,23,119,142
15022,4,1,9,1,0,0,0,1,21.32,25,48,16.9979,18,77,95
15023,4,1,9,1,0,0,0,1,19.68,23.485,55,19.9995,13,41,54
15024,4,1,9,1,0,0,0,1,18.86,22.725,55,15.0013,1,9,10
15025,4,1,9,1,0,0,0,1,18.86,22.725,59,16.9979,1,5,6
15026,4,1,9,1,0,0,0,1,18.04,21.97,62,16.9979,5,11,16
15027,4,1,9,2,0,0,0,1,18.86,22.725,59,15.0013,9,48,57
15028,4,1,9,2,0,0,0,1,19.68,23.485,55,23.9994,38,137,175
15029,4,1,9,2,0,0,0,1,20.5,24.24,51,22.0028,71,205,276
15030,4,1,9,3,0,0,0,1,22.14,25.76,45,16.9979,138,351,489
15031,4,1,9,3,0,0,0,1,22.96,26.515,46,16.9979,186,384,570
15032,4,1,9,3,0,0,0,1,22.96,26.515,43,7.0015,250,526,776
15033,4,1,9,3,0,0,0,1,24.6,31.06,38,11.0014,257,445,702
15034,4,1,9,3,0,0,0,1,24.6,31.06,38,12.998,266,400,666
15035,4,1,9,3,0,0,0,1,24.6,31.06,33,15.0013,265,375,640
15036,4,1,9,3,0,0,0,1,24.6,31.06,33,22.0028,254,437,691
15037,4,1,9,3,0,0,0,1,22.96,26.515,35,19.9995,227,496,723
15038,4,1,9,4,0,0,0,1,22.14,25.76,37,12.998,135,405,540
15039,4,1,9,4,0,0,0,1,21.32,25,42,11.0014,82,331,413
15040,4,1,9,4,0,0,0,1,21.32,25,42,11.0014,60,192,252
15041,4,1,9,4,0,0,0,2,21.32,25,48,7.0015,51,145,196
15042,4,1,9,1,0,0,0,1,21.32,25,48,0,40,98,138
15043,4,1,9,1,0,0,0,2,20.5,24.24,59,7.0015,30,70,100
15044,4,1,9,1,0,1,1,1,18.86,22.725,63,12.998,10,54,64
15045,4,1,9,1,0,1,1,1,18.86,22.725,67,8.9981,6,12,18
15046,4,1,9,1,0,1,1,2,18.86,22.725,63,8.9981,0,8,8
15047,4,1,9,1,0,1,1,1,18.86,22.725,63,11.0014,0,5,5
15048,4,1,9,1,0,1,1,1,18.04,21.97,67,7.0015,0,8,8
15049,4,1,9,1,0,1,1,1,18.86,22.725,63,0,2,35,37
15050,4,1,9,1,0,1,1,1,18.86,22.725,59,0,6,162,168
15051,4,1,9,2,0,1,1,1,18.86,22.725,67,8.9981,17,513,530
15052,4,1,9,2,0,1,1,1,20.5,24.24,55,12.998,31,719,750
15053,4,1,9,2,0,1,1,1,21.32,25,52,12.998,42,286,328
15054,4,1,9,3,0,1,1,1,22.14,25.76,49,15.0013,52,146,198
15055,4,1,9,3,0,1,1,1,22.96,26.515,37,12.998,71,167,238
15056,4,1,9,3,0,1,1,1,22.96,26.515,35,19.9995,77,265,342
15057,4,1,9,3,0,1,1,1,24.6,31.06,31,19.9995,80,248,328
15058,4,1,9,3,0,1,1,1,24.6,30.305,28,0,77,226,303
15059,4,1,9,3,0,1,1,1,24.6,31.06,31,0,84,216,300
15060,4,1,9,3,0,1,1,1,23.78,27.275,30,16.9979,99,417,516
15061,4,1,9,3,0,1,1,1,23.78,27.275,30,0,89,809,898
15062,4,1,9,4,0,1,1,1,22.14,25.76,37,11.0014,95,758,853
15063,4,1,9,4,0,1,1,1,21.32,25,39,8.9981,56,534,590
15064,4,1,9,4,0,1,1,1,21.32,25,52,7.0015,52,380,432
15065,4,1,9,4,0,1,1,1,20.5,24.24,51,8.9981,26,230,256
15066,4,1,9,1,0,1,1,1,20.5,24.24,51,15.0013,18,154,172
15067,4,1,9,1,0,1,1,1,18.86,22.725,63,8.9981,11,83,94
15068,4,1,9,1,0,2,1,1,18.86,22.725,67,11.0014,8,56,64
15069,4,1,9,1,0,2,1,1,18.04,21.97,72,8.9981,2,11,13
15070,4,1,9,1,0,2,1,1,17.22,21.21,77,8.9981,5,9,14
15071,4,1,9,1,0,2,1,1,17.22,21.21,71,6.0032,2,3,5
15072,4,1,9,1,0,2,1,1,17.22,21.21,71,8.9981,2,7,9
15073,4,1,9,1,0,2,1,1,17.22,21.21,77,6.0032,1,46,47
15074,4,1,9,1,0,2,1,1,18.04,21.97,77,15.0013,5,189,194
15075,4,1,9,2,0,2,1,1,18.04,21.97,77,12.998,17,539,556
15076,4,1,9,2,0,2,1,1,19.68,23.485,67,12.998,41,764,805
15077,4,1,9,2,0,2,1,1,22.14,25.76,56,16.9979,28,381,409
15078,4,1,9,3,0,2,1,1,22.96,26.515,52,19.9995,45,125,170
15079,4,1,9,3,0,2,1,1,24.6,31.06,46,19.9995,63,155,218
15080,4,1,9,3,0,2,1,1,25.42,31.06,43,19.0012,69,233,302
15081,4,1,9,3,0,2,1,1,26.24,31.06,47,16.9979,48,257,305
15082,4,1,9,3,0,2,1,1,27.06,31.06,39,22.0028,80,213,293
15083,4,1,9,3,0,2,1,1,27.06,31.06,36,22.0028,56,247,303
15084,4,1,9,3,0,2,1,1,27.06,31.06,39,19.9995,59,436,495
15085,4,1,9,3,0,2,1,1,27.06,31.06,39,19.0012,107,860,967
15086,4,1,9,4,0,2,1,1,26.24,31.06,41,15.0013,64,758,822
15087,4,1,9,4,0,2,1,1,25.42,31.06,50,16.9979,49,490,539
15088,4,1,9,4,0,2,1,1,24.6,31.06,56,19.9995,37,388,425
15089,4,1,9,4,0,2,1,1,24.6,31.06,56,19.9995,34,263,297
15090,4,1,9,1,0,2,1,1,24.6,31.06,56,19.0012,14,174,188
15091,4,1,9,1,0,2,1,1,24.6,31.06,56,22.0028,9,89,98
15092,4,1,9,1,0,3,1,1,23.78,27.275,64,19.9995,6,34,40
15093,4,1,9,1,0,3,1,1,23.78,27.275,64,22.0028,10,19,29
15094,4,1,9,1,0,3,1,2,23.78,27.275,64,19.0012,2,15,17
15095,4,1,9,1,0,3,1,2,23.78,27.275,64,19.0012,4,6,10
15096,4,1,9,1,0,3,1,1,22.96,26.515,73,16.9979,2,12,14
15097,4,1,9,1,0,3,1,1,22.96,26.515,73,15.0013,1,35,36
15098,4,1,9,1,0,3,1,1,22.14,25.76,73,12.998,3,179,182
15099,4,1,9,2,0,3,1,1,22.14,25.76,77,8.9981,9,523,532
15100,4,1,9,2,0,3,1,1,22.96,26.515,73,19.9995,30,808,838
15101,4,1,9,2,0,3,1,1,24.6,30.305,64,12.998,27,307,334
15102,4,1,9,3,0,3,1,1,24.6,29.545,73,19.0012,29,156,185
15103,4,1,9,3,0,3,1,1,26.24,31.06,61,16.9979,46,181,227
15104,4,1,9,3,0,3,1,1,27.88,31.82,61,15.0013,56,260,316
15105,4,1,9,3,0,3,1,1,28.7,32.575,58,15.0013,67,273,340
15106,4,1,9,3,0,3,1,1,30.34,33.335,48,19.0012,60,217,277
15107,4,1,9,3,0,3,1,1,30.34,33.335,48,19.9995,69,231,300
15108,4,1,9,3,0,3,1,1,30.34,33.335,45,19.0012,71,397,468
15109,4,1,9,3,0,3,1,1,30.34,33.335,48,19.9995,77,876,953
15110,4,1,9,4,0,3,1,1,30.34,33.335,48,15.0013,69,815,884
15111,4,1,9,4,0,3,1,1,28.7,32.575,54,11.0014,38,589,627
15112,4,1,9,4,0,3,1,1,27.06,31.06,69,12.998,45,389,434
15113,4,1,9,4,0,3,1,1,27.06,31.06,65,12.998,32,328,360
15114,4,1,9,1,0,3,1,3,25.42,30.305,69,12.998,21,194,215
15115,4,1,9,1,0,3,1,2,24.6,28.79,78,16.9979,13,102,115
15116,4,1,9,1,0,4,1,1,24.6,28.79,78,6.0032,5,60,65
15117,4,1,9,1,0,4,1,1,24.6,28.79,78,6.0032,5,16,21
15118,4,1,9,1,0,4,1,1,24.6,28.79,78,6.0032,3,13,16
15119,4,1,9,1,0,4,1,1,24.6,28.79,78,0,0,7,7
15120,4,1,9,1,0,4,1,1,22.96,26.515,94,8.9981,2,6,8
15121,4,1,9,1,0,4,1,1,23.78,27.275,83,0,2,64,66
15122,4,1,9,1,0,4,1,1,22.96,26.515,88,6.0032,5,164,169
15123,4,1,9,2,0,4,1,1,24.6,28.79,78,0,12,546,558
15124,4,1,9,2,0,4,1,1,25.42,30.305,71,6.0032,20,774,794
15125,4,1,9,2,0,4,1,1,27.06,31.06,65,0,30,305,335
15126,4,1,9,3,0,4,1,2,28.7,32.575,51,19.0012,40,168,208
15127,4,1,9,3,0,4,1,2,29.52,33.335,51,11.0014,67,227,294
15128,4,1,9,3,0,4,1,2,30.34,33.335,48,8.9981,63,272,335
15129,4,1,9,3,0,4,1,2,30.34,33.335,48,0,61,265,326
15130,4,1,9,3,0,4,1,2,31.16,34.09,45,6.0032,44,214,258
15131,4,1,9,3,0,4,1,2,31.16,34.09,45,0,41,255,296
15132,4,1,9,3,0,4,1,2,29.52,33.335,58,22.0028,73,399,472
15133,4,1,9,3,0,4,1,2,27.06,31.06,69,19.9995,87,818,905
15134,4,1,9,4,0,4,1,2,27.06,31.06,69,15.0013,77,822,899
15135,4,1,9,4,0,4,1,1,27.06,31.06,65,8.9981,48,511,559
15136,4,1,9,4,0,4,1,2,26.24,30.305,69,15.0013,45,412,457
15137,4,1,9,4,0,4,1,3,25.42,28.79,83,19.9995,18,235,253
15138,4,1,9,1,0,4,1,3,25.42,28.79,83,19.9995,2,45,47
15139,4,1,9,1,0,4,1,3,25.42,28.79,83,11.0014,1,44,45
15140,4,1,9,1,0,5,1,3,24.6,27.275,88,11.0014,2,15,17
15141,4,1,9,1,0,5,1,3,24.6,27.275,88,0,0,13,13
15142,4,1,9,1,0,5,1,3,24.6,27.275,88,19.9995,1,9,10
15143,4,1,9,1,0,5,1,2,24.6,28.03,83,8.9981,0,7,7
15144,4,1,9,1,0,5,1,3,22.96,26.515,88,7.0015,2,10,12
15145,4,1,9,1,0,5,1,1,22.96,26.515,88,0,1,37,38
15146,4,1,9,1,0,5,1,2,22.96,26.515,94,6.0032,2,136,138
15147,4,1,9,2,0,5,1,2,22.96,26.515,94,0,10,384,394
15148,4,1,9,2,0,5,1,1,24.6,28.03,83,6.0032,31,674,705
15149,4,1,9,2,0,5,1,2,25.42,28.79,83,7.0015,27,399,426
15150,4,1,9,3,0,5,1,2,26.24,29.545,78,8.9981,51,194,245
15151,4,1,9,3,0,5,1,2,27.06,31.06,69,0,109,252,361
15152,4,1,9,3,0,5,1,2,28.7,32.575,54,16.9979,94,286,380
15153,4,1,9,3,0,5,1,2,28.7,32.575,51,16.9979,106,304,410
15154,4,1,9,3,0,5,1,2,28.7,32.575,54,16.9979,105,294,399
15155,4,1,9,3,0,5,1,2,27.88,31.82,54,19.0012,104,288,392
15156,4,1,9,3,0,5,1,2,27.06,31.06,50,15.0013,83,419,502
15157,4,1,9,3,0,5,1,2,27.06,31.06,54,19.9995,101,707,808
15158,4,1,9,4,0,5,1,2,26.24,31.06,50,15.0013,58,609,667
15159,4,1,9,4,0,5,1,3,25.42,31.06,50,16.9979,38,470,508
15160,4,1,9,4,0,5,1,3,24.6,31.06,53,11.0014,32,304,336
15161,4,1,9,4,0,5,1,3,24.6,31.06,53,12.998,32,205,237
15162,4,1,9,1,0,5,1,2,23.78,27.275,53,15.0013,30,190,220
15163,4,1,9,1,0,5,1,2,22.96,26.515,56,12.998,26,164,190
15164,4,1,9,1,0,6,0,1,22.14,25.76,60,15.0013,15,134,149
15165,4,1,9,1,0,6,0,1,22.14,25.76,60,15.0013,12,89,101
15166,4,1,9,1,0,6,0,2,22.14,25.76,56,15.0013,12,80,92
15167,4,1,9,1,0,6,0,2,21.32,25,59,12.998,4,25,29
15168,4,1,9,1,0,6,0,1,21.32,25,59,16.9979,6,8,14
15169,4,1,9,1,0,6,0,1,20.5,24.24,63,12.998,2,13,15
15170,4,1,9,1,0,6,0,1,20.5,24.24,63,16.9979,4,33,37
15171,4,1,9,2,0,6,0,1,19.68,23.485,67,19.0012,12,61,73
15172,4,1,9,2,0,6,0,1,20.5,24.24,68,19.0012,37,174,211
15173,4,1,9,2,0,6,0,1,20.5,24.24,63,12.998,69,263,332
15174,4,1,9,3,0,6,0,1,22.14,25.76,56,16.9979,134,338,472
15175,4,1,9,3,0,6,0,1,22.96,26.515,52,19.0012,217,446,663
15176,4,1,9,3,0,6,0,1,25.42,31.06,41,19.9995,191,491,682
15177,4,1,9,3,0,6,0,1,25.42,31.06,41,19.9995,233,453,686
15178,4,1,9,3,0,6,0,1,24.6,31.06,40,16.9979,302,448,750
15179,4,1,9,3,0,6,0,1,24.6,31.06,43,16.9979,271,456,727
15180,4,1,9,3,0,6,0,1,25.42,31.06,41,16.9979,275,447,722
15181,4,1,9,3,0,6,0,1,24.6,31.06,38,23.9994,256,456,712
15182,4,1,9,4,0,6,0,1,22.96,26.515,46,12.998,174,420,594
15183,4,1,9,4,0,6,0,1,21.32,25,55,11.0014,119,351,470
15184,4,1,9,4,0,6,0,1,21.32,25,55,12.998,88,227,315
15185,4,1,9,4,0,6,0,1,21.32,25,55,8.9981,73,219,292
15186,4,1,9,1,0,6,0,1,20.5,24.24,63,7.0015,48,173,221
15187,4,1,9,1,0,6,0,1,20.5,24.24,59,6.0032,35,161,196
15188,4,1,9,1,0,0,0,1,20.5,24.24,59,0,35,112,147
15189,4,1,9,1,0,0,0,1,20.5,24.24,59,0,31,85,116
15190,4,1,9,1,0,0,0,1,19.68,23.485,63,0,21,71,92
15191,4,1,9,1,0,0,0,1,18.86,22.725,67,6.0032,17,41,58
15192,4,1,9,1,0,0,0,1,18.86,22.725,67,6.0032,1,6,7
15193,4,1,9,1,0,0,0,1,18.04,21.97,72,0,1,9,10
15194,4,1,9,1,0,0,0,1,18.04,21.97,72,6.0032,2,20,22
15195,4,1,9,2,0,0,0,1,18.04,21.97,77,0,14,43,57
15196,4,1,9,2,0,0,0,1,19.68,23.485,67,7.0015,18,126,144
15197,4,1,9,2,0,0,0,1,21.32,25,63,7.0015,74,211,285
15198,4,1,9,3,0,0,0,1,23.78,27.275,46,11.0014,160,319,479
15199,4,1,9,3,0,0,0,1,24.6,31.06,43,15.0013,222,369,591
15200,4,1,9,3,0,0,0,1,25.42,31.06,41,19.9995,206,474,680
15201,4,1,9,3,0,0,0,1,25.42,31.06,41,16.9979,180,414,594
15202,4,1,9,3,0,0,0,1,25.42,31.06,41,16.9979,208,404,612
15203,4,1,9,3,0,0,0,1,26.24,31.06,36,16.9979,230,419,649
15204,4,1,9,3,0,0,0,1,26.24,31.06,36,15.0013,202,446,648
15205,4,1,9,3,0,0,0,1,25.42,31.06,35,19.0012,195,380,575
15206,4,1,9,4,0,0,0,1,21.32,25,59,30.0026,91,310,401
15207,4,1,9,4,0,0,0,3,20.5,24.24,72,8.9981,34,223,257
15208,4,1,9,4,0,0,0,3,20.5,24.24,72,8.9981,31,163,194
15209,4,1,9,4,0,0,0,1,20.5,24.24,68,0,19,104,123
15210,4,1,9,1,0,0,0,1,19.68,23.485,72,0,15,76,91
15211,4,1,9,1,0,0,0,1,19.68,23.485,72,6.0032,8,49,57
15212,4,1,10,1,0,1,1,1,18.86,22.725,72,7.0015,6,39,45
15213,4,1,10,1,0,1,1,1,18.04,21.97,77,6.0032,5,13,18
15214,4,1,10,1,0,1,1,1,18.86,22.725,72,0,6,6,12
15215,4,1,10,1,0,1,1,1,18.04,21.97,77,0,1,6,7
15216,4,1,10,1,0,1,1,1,17.22,21.21,82,7.0015,0,10,10
15217,4,1,10,1,0,1,1,1,18.04,21.97,77,0,2,34,36
15218,4,1,10,1,0,1,1,1,18.04,21.97,77,7.0015,8,147,155
15219,4,1,10,2,0,1,1,1,18.04,21.97,77,11.0014,13,470,483
15220,4,1,10,2,0,1,1,2,18.86,22.725,77,7.0015,40,744,784
15221,4,1,10,2,0,1,1,2,21.32,25,63,0,26,314,340
15222,4,1,10,3,0,1,1,1,22.14,25.76,56,0,44,135,179
15223,4,1,10,3,0,1,1,1,23.78,27.275,46,0,76,196,272
15224,4,1,10,3,0,1,1,2,24.6,31.06,43,11.0014,61,262,323
15225,4,1,10,3,0,1,1,2,24.6,31.06,43,11.0014,80,225,305
15226,4,1,10,3,0,1,1,2,24.6,31.06,43,7.0015,51,193,244
15227,4,1,10,3,0,1,1,2,25.42,31.06,43,8.9981,95,234,329
15228,4,1,10,3,0,1,1,2,25.42,31.06,46,16.9979,51,408,459
15229,4,1,10,3,0,1,1,3,22.96,26.515,60,16.9979,65,791,856
15230,4,1,10,4,0,1,1,3,22.96,26.515,64,7.0015,42,571,613
15231,4,1,10,4,0,1,1,2,22.14,25.76,68,7.0015,33,483,516
15232,4,1,10,4,0,1,1,3,22.14,25.76,68,0,11,251,262
15233,4,1,10,4,0,1,1,2,22.14,25.76,73,8.9981,13,205,218
15234,4,1,10,1,0,1,1,3,22.14,25.76,77,6.0032,17,190,207
15235,4,1,10,1,0,1,1,3,22.14,25.76,77,0,17,88,105
15236,4,1,10,1,0,2,1,2,22.96,26.515,73,0,1,30,31
15237,4,1,10,1,0,2,1,2,22.14,25.76,77,7.0015,0,11,11
15238,4,1,10,1,0,2,1,2,22.14,25.76,77,7.0015,0,2,2
15239,4,1,10,1,0,2,1,2,22.14,25.76,88,12.998,1,4,5
15240,4,1,10,1,0,2,1,2,22.96,26.515,83,6.0032,2,8,10
15241,4,1,10,1,0,2,1,2,22.96,26.515,83,8.9981,1,42,43
15242,4,1,10,1,0,2,1,3,23.78,27.275,83,7.0015,3,176,179
15243,4,1,10,2,0,2,1,3,23.78,27.275,83,7.0015,4,256,260
15244,4,1,10,2,0,2,1,3,24.6,27.275,88,0,6,128,134
15245,4,1,10,2,0,2,1,3,23.78,27.275,88,8.9981,3,83,86
15246,4,1,10,3,0,2,1,3,23.78,27.275,88,8.9981,3,42,45
15247,4,1,10,3,0,2,1,3,23.78,27.275,94,8.9981,7,92,99
15248,4,1,10,3,0,2,1,2,24.6,27.275,88,12.998,6,98,104
15249,4,1,10,3,0,2,1,2,24.6,27.275,88,8.9981,6,148,154
15250,4,1,10,3,0,2,1,3,24.6,27.275,88,8.9981,16,147,163
15251,4,1,10,3,0,2,1,3,25.42,28.79,83,8.9981,14,195,209
15252,4,1,10,3,0,2,1,3,25.42,28.03,88,8.9981,46,328,374
15253,4,1,10,3,0,2,1,3,25.42,28.03,88,7.0015,38,677,715
15254,4,1,10,4,0,2,1,3,25.42,27.275,94,6.0032,48,639,687
15255,4,1,10,4,0,2,1,3,25.42,27.275,94,0,27,368,395
15256,4,1,10,4,0,2,1,3,25.42,27.275,94,8.9981,20,286,306
15257,4,1,10,4,0,2,1,3,25.42,27.275,94,7.0015,24,265,289
15258,4,1,10,1,0,2,1,2,25.42,27.275,94,7.0015,28,212,240
15259,4,1,10,1,0,2,1,2,25.42,27.275,94,0,11,87,98
15260,4,1,10,1,0,3,1,3,25.42,27.275,94,0,5,47,52
15261,4,1,10,1,0,3,1,2,25.42,27.275,94,0,3,16,19
15262,4,1,10,1,0,3,1,2,25.42,27.275,94,0,2,7,9
15263,4,1,10,1,0,3,1,2,24.6,25.76,94,0,0,7,7
15264,4,1,10,1,0,3,1,2,24.6,25,100,0,2,9,11
15265,4,1,10,1,0,3,1,2,25.42,27.275,94,7.0015,2,32,34
15266,4,1,10,1,0,3,1,2,24.6,25.76,94,8.9981,4,173,177
15267,4,1,10,2,0,3,1,2,24.6,25.76,94,12.998,11,504,515
15268,4,1,10,2,0,3,1,2,25.42,28.03,88,7.0015,28,781,809
15269,4,1,10,2,0,3,1,2,25.42,28.79,83,12.998,30,332,362
15270,4,1,10,3,0,3,1,1,27.06,30.305,78,11.0014,29,146,175
15271,4,1,10,3,0,3,1,1,27.06,30.305,78,11.0014,52,178,230
15272,4,1,10,3,0,3,1,2,28.7,32.575,70,7.0015,69,289,358
15273,4,1,10,3,0,3,1,2,28.7,33.335,74,7.0015,55,224,279
15274,4,1,10,3,0,3,1,2,29.52,34.09,70,11.0014,56,195,251
15275,4,1,10,3,0,3,1,2,29.52,34.09,62,11.0014,59,260,319
15276,4,1,10,3,0,3,1,2,29.52,33.335,58,0,42,436,478
15277,4,1,10,3,0,3,1,1,28.7,32.575,65,0,84,833,917
15278,4,1,10,4,0,3,1,1,28.7,32.575,65,0,54,756,810
15279,4,1,10,4,0,3,1,1,28.7,32.575,65,0,49,544,593
15280,4,1,10,4,0,3,1,1,28.7,32.575,65,0,48,449,497
15281,4,1,10,4,0,3,1,2,27.06,31.06,74,0,14,195,209
15282,4,1,10,1,0,3,1,1,27.06,31.06,74,0,9,232,241
15283,4,1,10,1,0,3,1,2,27.06,30.305,78,0,21,199,220
15284,4,1,10,1,0,4,1,3,26.24,28.79,89,0,11,65,76
15285,4,1,10,1,0,4,1,2,25.42,27.275,94,0,2,23,25
15286,4,1,10,1,0,4,1,1,26.24,28.79,89,0,3,10,13
15287,4,1,10,1,0,4,1,2,25.42,28.03,88,0,5,6,11
15288,4,1,10,1,0,4,1,2,26.24,28.79,89,0,0,10,10
15289,4,1,10,1,0,4,1,3,26.24,28.79,89,7.0015,2,37,39
15290,4,1,10,1,0,4,1,3,25.42,27.275,94,6.0032,1,132,133
15291,4,1,10,2,0,4,1,2,26.24,28.79,89,6.0032,12,379,391
15292,4,1,10,2,0,4,1,1,26.24,28.79,89,0,27,711,738
15293,4,1,10,2,0,4,1,2,26.24,28.79,89,12.998,40,319,359
15294,4,1,10,3,0,4,1,2,27.06,30.305,83,8.9981,27,150,177
15295,4,1,10,3,0,4,1,2,28.7,32.575,70,7.0015,38,176,214
15296,4,1,10,3,0,4,1,2,29.52,33.335,54,12.998,57,231,288
15297,4,1,10,3,0,4,1,2,29.52,33.335,58,22.0028,63,231,294
15298,4,1,10,3,0,4,1,1,28.7,32.575,61,16.9979,56,211,267
15299,4,1,10,3,0,4,1,1,29.52,33.335,54,19.0012,77,248,325
15300,4,1,10,3,0,4,1,1,28.7,32.575,54,19.0012,86,411,497
15301,4,1,10,3,0,4,1,1,28.7,32.575,51,15.0013,112,789,901
15302,4,1,10,4,0,4,1,1,27.06,31.06,57,7.0015,75,812,887
15303,4,1,10,4,0,4,1,1,27.06,31.06,57,7.0015,67,467,534
15304,4,1,10,4,0,4,1,1,26.24,30.305,65,7.0015,50,391,441
15305,4,1,10,4,0,4,1,1,25.42,30.305,69,0,33,288,321
15306,4,1,10,1,0,4,1,1,26.24,31.06,47,8.9981,29,203,232
15307,4,1,10,1,0,4,1,1,24.6,31.06,56,6.0032,18,137,155
15308,4,1,10,1,0,5,1,1,22.96,26.515,73,0,16,86,102
15309,4,1,10,1,0,5,1,1,22.14,25.76,68,7.0015,3,43,46
15310,4,1,10,1,0,5,1,1,22.14,25.76,73,6.0032,1,10,11
15311,4,1,10,1,0,5,1,1,22.14,25.76,73,0,5,11,16
15312,4,1,10,1,0,5,1,1,22.14,25.76,77,0,0,11,11
15313,4,1,10,1,0,5,1,1,21.32,25,77,0,0,41,41
15314,4,1,10,1,0,5,1,1,21.32,25,83,0,4,133,137
15315,4,1,10,2,0,5,1,1,21.32,25,83,7.0015,11,417,428
15316,4,1,10,2,0,5,1,1,23.78,27.275,64,0,36,749,785
15317,4,1,10,2,0,5,1,1,24.6,30.305,60,6.0032,58,326,384
15318,4,1,10,3,0,5,1,1,27.06,31.06,54,0,68,192,260
15319,4,1,10,3,0,5,1,1,28.7,32.575,48,12.998,90,214,304
15320,4,1,10,3,0,5,1,1,29.52,32.575,42,11.0014,161,307,468
15321,4,1,10,3,0,5,1,1,28.7,32.575,48,0,117,307,424
15322,4,1,10,3,0,5,1,1,30.34,32.575,37,15.0013,113,287,400
15323,4,1,10,3,0,5,1,1,29.52,32.575,39,16.9979,150,320,470
15324,4,1,10,3,0,5,1,1,29.52,32.575,37,0,153,481,634
15325,4,1,10,3,0,5,1,1,28.7,31.82,42,11.0014,158,742,900
15326,4,1,10,4,0,5,1,1,26.24,31.06,57,8.9981,106,655,761
15327,4,1,10,4,0,5,1,1,25.42,29.545,73,11.0014,67,433,500
15328,4,1,10,4,0,5,1,1,24.6,28.79,78,8.9981,66,306,372
15329,4,1,10,4,0,5,1,1,24.6,29.545,69,15.0013,47,220,267
15330,4,1,10,1,0,5,1,1,24.6,29.545,73,19.0012,63,201,264
15331,4,1,10,1,0,5,1,1,23.78,27.275,78,15.0013,23,148,171
15332,4,1,10,1,0,6,0,1,22.96,26.515,83,11.0014,37,154,191
15333,4,1,10,1,0,6,0,1,22.96,26.515,83,16.9979,25,116,141
15334,4,1,10,1,0,6,0,1,22.96,26.515,78,12.998,13,62,75
15335,4,1,10,1,0,6,0,1,22.14,25.76,77,15.0013,2,54,56
15336,4,1,10,1,0,6,0,1,22.14,25.76,83,16.9979,4,7,11
15337,4,1,10,1,0,6,0,1,22.14,25.76,83,12.998,2,8,10
15338,4,1,10,1,0,6,0,1,22.14,25.76,88,16.9979,2,28,30
15339,4,1,10,2,0,6,0,1,22.14,25.76,83,19.9995,13,71,84
15340,4,1,10,2,0,6,0,1,22.96,26.515,83,12.998,22,184,206
15341,4,1,10,2,0,6,0,1,24.6,29.545,73,12.998,130,265,395
15342,4,1,10,3,0,6,0,1,25.42,30.305,69,19.0012,198,341,539
15343,4,1,10,3,0,6,0,1,26.24,30.305,65,16.9979,258,389,647
15344,4,1,10,3,0,6,0,1,28.7,32.575,54,7.0015,362,381,743
15345,4,1,10,3,0,6,0,2,26.24,31.06,57,35.0008,310,400,710
15346,4,1,10,3,0,6,0,2,24.6,31.06,56,27.9993,269,307,576
15347,4,1,10,3,0,6,0,1,24.6,31.06,46,27.9993,279,341,620
15348,4,1,10,3,0,6,0,1,24.6,31.06,43,35.0008,317,342,659
15349,4,1,10,3,0,6,0,1,22.14,25.76,49,26.0027,268,342,610
15350,4,1,10,4,0,6,0,1,21.32,25,48,27.9993,183,312,495
15351,4,1,10,4,0,6,0,1,19.68,23.485,55,15.0013,102,239,341
15352,4,1,10,4,0,6,0,1,19.68,23.485,55,16.9979,75,172,247
15353,4,1,10,4,0,6,0,1,18.86,22.725,59,8.9981,78,137,215
15354,4,1,10,1,0,6,0,1,18.04,21.97,62,8.9981,45,140,185
15355,4,1,10,1,0,6,0,1,18.04,21.97,62,8.9981,37,142,179
15356,4,1,10,1,0,0,0,1,18.04,21.97,62,11.0014,28,99,127
15357,4,1,10,1,0,0,0,1,18.04,21.97,54,15.0013,29,80,109
15358,4,1,10,1,0,0,0,1,17.22,21.21,62,8.9981,10,64,74
15359,4,1,10,1,0,0,0,2,18.04,21.97,62,8.9981,5,17,22
15360,4,1,10,1,0,0,0,2,18.04,21.97,54,16.9979,5,6,11
15361,4,1,10,1,0,0,0,2,18.04,21.97,54,8.9981,2,8,10
15362,4,1,10,1,0,0,0,2,18.04,21.97,54,12.998,4,19,23
15363,4,1,10,2,0,0,0,3,17.22,21.21,58,11.0014,6,29,35
15364,4,1,10,2,0,0,0,3,17.22,21.21,67,8.9981,11,51,62
15365,4,1,10,2,0,0,0,3,16.4,20.455,71,8.9981,16,70,86
15366,4,1,10,3,0,0,0,2,17.22,21.21,67,12.998,41,144,185
15367,4,1,10,3,0,0,0,2,17.22,21.21,71,7.0015,76,260,336
15368,4,1,10,3,0,0,0,2,17.22,21.21,71,0,100,292,392
15369,4,1,10,3,0,0,0,2,18.04,21.97,72,6.0032,80,240,320
15370,4,1,10,3,0,0,0,2,18.04,21.97,67,0,71,243,314
15371,4,1,10,3,0,0,0,3,17.22,21.21,77,8.9981,74,232,306
15372,4,1,10,3,0,0,0,3,16.4,20.455,82,11.0014,87,246,333
15373,4,1,10,3,0,0,0,3,16.4,20.455,82,15.0013,35,122,157
15374,4,1,10,4,0,0,0,3,16.4,20.455,82,12.998,24,82,106
15375,4,1,10,4,0,0,0,2,16.4,20.455,82,7.0015,17,97,114
15376,4,1,10,4,0,0,0,1,16.4,20.455,82,8.9981,19,97,116
15377,4,1,10,4,0,0,0,1,15.58,19.695,87,7.0015,22,91,113
15378,4,1,10,1,0,0,0,1,15.58,19.695,87,8.9981,7,72,79
15379,4,1,10,1,0,0,0,1,14.76,17.425,93,8.9981,12,68,80
15380,4,1,10,1,1,1,0,1,15.58,19.695,76,19.0012,7,44,51
15381,4,1,10,1,1,1,0,1,13.94,16.665,87,11.0014,2,35,37
15382,4,1,10,1,1,1,0,1,13.94,16.665,81,12.998,3,12,15
15383,4,1,10,1,1,1,0,1,13.94,17.425,81,7.0015,2,8,10
15384,4,1,10,1,1,1,0,1,13.12,16.665,87,8.9981,1,6,7
15385,4,1,10,1,1,1,0,1,13.94,15.91,76,15.0013,2,17,19
15386,4,1,10,1,1,1,0,1,13.94,17.425,76,7.0015,5,54,59
15387,4,1,10,2,1,1,0,2,13.94,16.665,76,11.0014,3,151,154
15388,4,1,10,2,1,1,0,2,14.76,17.425,71,15.0013,23,374,397
15389,4,1,10,2,1,1,0,2,15.58,19.695,66,11.0014,59,273,332
15390,4,1,10,3,1,1,0,2,15.58,19.695,68,8.9981,69,229,298
15391,4,1,10,3,1,1,0,2,16.4,20.455,62,6.0032,72,236,308
15392,4,1,10,3,1,1,0,2,17.22,21.21,63,11.0014,74,267,341
15393,4,1,10,3,1,1,0,2,17.22,21.21,62,12.998,82,323,405
15394,4,1,10,3,1,1,0,2,17.22,21.21,58,7.0015,121,299,420
15395,4,1,10,3,1,1,0,3,17.22,21.21,58,12.998,76,294,370
15396,4,1,10,3,1,1,0,3,17.22,21.21,58,12.998,61,316,377
15397,4,1,10,3,1,1,0,2,17.22,21.21,66,16.9979,81,416,497
15398,4,1,10,4,1,1,0,2,17.22,21.21,66,19.0012,41,415,456
15399,4,1,10,4,1,1,0,2,16.4,20.455,71,16.9979,38,333,371
15400,4,1,10,4,1,1,0,3,16.4,20.455,71,15.0013,20,207,227
15401,4,1,10,4,1,1,0,2,16.4,20.455,76,15.0013,17,134,151
15402,4,1,10,1,1,1,0,3,16.4,20.455,76,16.9979,6,101,107
15403,4,1,10,1,1,1,0,2,16.4,20.455,71,15.0013,9,60,69
15404,4,1,10,1,0,2,1,2,15.58,19.695,82,15.0013,9,22,31
15405,4,1,10,1,0,2,1,3,14.76,17.425,87,15.0013,0,13,13
15406,4,1,10,1,0,2,1,3,14.76,16.665,87,16.9979,2,5,7
15407,4,1,10,1,0,2,1,3,14.76,16.665,87,19.0012,0,3,3
15408,4,1,10,1,0,2,1,3,14.76,17.425,87,11.0014,1,6,7
15409,4,1,10,1,0,2,1,2,15.58,19.695,82,12.998,0,19,19
15410,4,1,10,1,0,2,1,2,15.58,19.695,82,16.9979,2,141,143
15411,4,1,10,2,0,2,1,1,15.58,19.695,83,16.9979,5,357,362
15412,4,1,10,2,0,2,1,2,17.22,21.21,80,12.998,15,698,713
15413,4,1,10,2,0,2,1,2,17.22,21.21,77,15.0013,37,345,382
15414,4,1,10,3,0,2,1,2,18.04,21.97,75,15.0013,33,131,164
15415,4,1,10,3,0,2,1,2,19.68,23.485,69,12.998,37,156,193
15416,4,1,10,3,0,2,1,2,19.68,23.485,69,12.998,43,217,260
15417,4,1,10,3,0,2,1,2,20.5,24.24,67,8.9981,54,184,238
15418,4,1,10,3,0,2,1,2,22.14,25.76,64,12.998,43,201,244
15419,4,1,10,3,0,2,1,2,21.32,25,63,11.0014,59,195,254
15420,4,1,10,3,0,2,1,2,20.5,24.24,72,11.0014,70,354,424
15421,4,1,10,3,0,2,1,2,21.32,25,68,11.0014,73,733,806
15422,4,1,10,4,0,2,1,2,20.5,24.24,72,15.0013,26,758,784
15423,4,1,10,4,0,2,1,2,20.5,24.24,72,11.0014,31,483,514
15424,4,1,10,4,0,2,1,2,20.5,24.24,72,11.0014,30,330,360
15425,4,1,10,4,0,2,1,2,19.68,23.485,77,8.9981,16,209,225
15426,4,1,10,1,0,2,1,2,19.68,23.485,77,6.0032,7,155,162
15427,4,1,10,1,0,2,1,2,19.68,23.485,77,6.0032,8,76,84
15428,4,1,10,1,0,3,1,2,18.86,22.725,88,6.0032,0,33,33
15429,4,1,10,1,0,3,1,2,18.86,22.725,88,0,2,6,8
15430,4,1,10,1,0,3,1,2,18.86,22.725,88,0,2,6,8
15431,4,1,10,1,0,3,1,2,18.86,22.725,88,0,0,6,6
15432,4,1,10,1,0,3,1,2,18.86,22.725,88,7.0015,0,6,6
15433,4,1,10,1,0,3,1,2,18.86,22.725,88,6.0032,2,38,40
15434,4,1,10,1,0,3,1,2,18.86,22.725,88,6.0032,3,172,175
15435,4,1,10,2,0,3,1,1,18.86,22.725,82,7.0015,9,498,507
15436,4,1,10,2,0,3,1,1,20.5,24.24,77,11.0014,33,806,839
15437,4,1,10,2,0,3,1,1,22.14,25.76,60,19.0012,35,331,366
15438,4,1,10,3,0,3,1,1,22.96,26.515,52,19.9995,27,190,217
15439,4,1,10,3,0,3,1,1,22.14,25.76,52,12.998,53,238,291
15440,4,1,10,3,0,3,1,1,22.14,25.76,56,15.0013,78,312,390
15441,4,1,10,3,0,3,1,1,22.96,26.515,49,0,60,237,297
15442,4,1,10,3,0,3,1,1,24.6,31.06,40,11.0014,63,208,271
15443,4,1,10,3,0,3,1,1,24.6,31.06,40,11.0014,58,261,319
15444,4,1,10,3,0,3,1,1,24.6,31.06,40,15.0013,92,474,566
15445,4,1,10,3,0,3,1,1,23.78,27.275,43,15.0013,91,857,948
15446,4,1,10,4,0,3,1,2,22.96,26.515,49,11.0014,57,787,844
15447,4,1,10,4,0,3,1,2,22.96,26.515,46,39.0007,32,534,566
15448,4,1,10,4,0,3,1,1,21.32,25,48,32.9975,21,371,392
15449,4,1,10,4,0,3,1,1,20.5,24.24,51,23.9994,18,251,269
15450,4,1,10,1,0,3,1,1,18.86,22.725,55,19.9995,27,170,197
15451,4,1,10,1,0,3,1,1,18.04,21.97,58,12.998,17,119,136
15452,4,1,10,1,0,4,1,1,18.04,21.97,51,8.9981,1,41,42
15453,4,1,10,1,0,4,1,1,18.04,21.97,47,12.998,1,10,11
15454,4,1,10,1,0,4,1,1,17.22,21.21,50,8.9981,4,7,11
15455,4,1,10,1,0,4,1,1,17.22,21.21,47,19.9995,0,3,3
15456,4,1,10,1,0,4,1,1,16.4,20.455,50,16.9979,0,10,10
15457,4,1,10,1,0,4,1,1,14.76,17.425,50,11.0014,0,42,42
15458,4,1,10,1,0,4,1,1,14.76,17.425,50,11.0014,1,158,159
15459,4,1,10,2,0,4,1,1,14.76,16.665,50,16.9979,11,467,478
15460,4,1,10,2,0,4,1,1,15.58,19.695,46,26.0027,25,773,798
15461,4,1,10,2,0,4,1,1,16.4,20.455,43,26.0027,27,328,355
15462,4,1,10,3,0,4,1,1,18.04,21.97,41,23.9994,39,165,204
15463,4,1,10,3,0,4,1,1,18.86,22.725,36,0,76,175,251
15464,4,1,10,3,0,4,1,1,18.86,22.725,36,0,47,279,326
15465,4,1,10,3,0,4,1,1,20.5,24.24,31,7.0015,48,243,291
15466,4,1,10,3,0,4,1,1,21.32,25,32,6.0032,78,270,348
15467,4,1,10,3,0,4,1,1,21.32,25,34,11.0014,102,358,460
15468,4,1,10,3,0,4,1,1,20.5,24.24,36,8.9981,68,413,481
15469,4,1,10,3,0,4,1,1,20.5,24.24,39,19.0012,90,737,827
15470,4,1,10,4,0,4,1,1,18.86,22.725,44,11.0014,64,628,692
15471,4,1,10,4,0,4,1,1,18.04,21.97,51,8.9981,81,662,743
15472,4,1,10,4,0,4,1,1,17.22,21.21,62,11.0014,27,388,415
15473,4,1,10,4,0,4,1,1,17.22,21.21,62,8.9981,24,236,260
15474,4,1,10,1,0,4,1,1,16.4,20.455,66,11.0014,10,167,177
15475,4,1,10,1,0,4,1,1,17.22,21.21,58,6.0032,10,176,186
15476,4,1,10,1,0,5,1,1,16.4,20.455,66,7.0015,8,60,68
15477,4,1,10,1,0,5,1,1,16.4,20.455,66,6.0032,8,29,37
15478,4,1,10,1,0,5,1,1,16.4,20.455,66,6.0032,0,16,16
15479,4,1,10,1,0,5,1,1,14.76,18.18,76,6.0032,0,6,6
15480,4,1,10,1,0,5,1,1,14.76,18.18,76,7.0015,0,8,8
15481,4,1,10,1,0,5,1,1,14.76,18.18,81,6.0032,2,33,35
15482,4,1,10,1,0,5,1,1,13.94,17.425,81,6.0032,3,140,143
15483,4,1,10,2,0,5,1,1,14.76,18.18,81,6.0032,8,384,392
15484,4,1,10,2,0,5,1,1,17.22,21.21,71,6.0032,34,711,745
15485,4,1,10,2,0,5,1,1,20.5,24.24,39,19.9995,26,374,400
15486,4,1,10,3,0,5,1,1,21.32,25,36,19.9995,75,200,275
15487,4,1,10,3,0,5,1,1,22.14,25.76,37,23.9994,61,252,313
15488,4,1,10,3,0,5,1,1,22.14,25.76,39,31.0009,75,312,387
15489,4,1,10,3,0,5,1,1,22.96,26.515,37,26.0027,81,300,381
15490,4,1,10,3,0,5,1,1,22.96,26.515,37,31.0009,109,262,371
15491,4,1,10,3,0,5,1,1,21.32,25,42,30.0026,138,317,455
15492,4,1,10,3,0,5,1,1,18.86,22.725,41,23.9994,108,412,520
15493,4,1,10,3,0,5,1,1,18.86,22.725,38,26.0027,131,706,837
15494,4,1,10,4,0,5,1,1,18.04,21.97,38,19.9995,76,566,642
15495,4,1,10,4,0,5,1,1,17.22,21.21,41,15.0013,40,453,493
15496,4,1,10,4,0,5,1,1,17.22,21.21,47,8.9981,28,280,308
15497,4,1,10,4,0,5,1,1,16.4,20.455,54,12.998,21,169,190
15498,4,1,10,1,0,5,1,1,16.4,20.455,47,19.9995,17,143,160
15499,4,1,10,1,0,5,1,1,14.76,17.425,57,12.998,11,89,100
15500,4,1,10,1,0,6,0,1,14.76,18.18,57,6.0032,31,218,249
15501,4,1,10,1,0,6,0,1,13.94,16.665,53,8.9981,23,123,146
15502,4,1,10,1,0,6,0,1,13.94,16.665,53,12.998,7,60,67
15503,4,1,10,1,0,6,0,1,13.12,15.15,66,15.0013,2,13,15
15504,4,1,10,1,0,6,0,1,12.3,15.15,65,11.0014,2,9,11
15505,4,1,10,1,0,6,0,1,12.3,14.395,61,12.998,0,11,11
15506,4,1,10,1,0,6,0,1,12.3,14.395,61,12.998,5,23,28
15507,4,1,10,2,0,6,0,1,12.3,15.15,61,11.0014,10,60,70
15508,4,1,10,2,0,6,0,1,13.94,17.425,53,7.0015,23,151,174
15509,4,1,10,2,0,6,0,1,14.76,18.18,50,6.0032,46,220,266
15510,4,1,10,3,0,6,0,1,16.4,20.455,43,0,82,265,347
15511,4,1,10,3,0,6,0,1,17.22,21.21,35,8.9981,192,335,527
15512,4,1,10,3,0,6,0,1,18.04,21.97,35,0,202,371,573
15513,4,1,10,3,0,6,0,1,18.86,22.725,36,12.998,235,435,670
15514,4,1,10,3,0,6,0,1,19.68,23.485,33,12.998,243,354,597
15515,4,1,10,3,0,6,0,1,20.5,24.24,36,12.998,251,364,615
15516,4,1,10,3,0,6,0,1,20.5,24.24,31,12.998,294,343,637
15517,4,1,10,3,0,6,0,1,18.86,22.725,38,11.0014,193,335,528
15518,4,1,10,4,0,6,0,1,18.86,22.725,44,8.9981,174,299,473
15519,4,1,10,4,0,6,0,1,18.04,21.97,44,11.0014,73,259,332
15520,4,1,10,4,0,6,0,1,16.4,20.455,54,6.0032,57,198,255
15521,4,1,10,4,0,6,0,1,16.4,20.455,58,12.998,47,157,204
15522,4,1,10,1,0,6,0,1,16.4,20.455,62,0,33,156,189
15523,4,1,10,1,0,6,0,1,17.22,21.21,58,19.9995,27,98,125
15524,4,1,10,1,0,0,0,1,16.4,20.455,71,16.9979,8,103,111
15525,4,1,10,1,0,0,0,1,17.22,21.21,77,19.0012,16,96,112
15526,4,1,10,1,0,0,0,1,16.4,20.455,76,6.0032,8,58,66
15527,4,1,10,1,0,0,0,1,17.22,21.21,77,19.9995,3,25,28
15528,4,1,10,1,0,0,0,1,17.22,21.21,77,19.0012,2,10,12
15529,4,1,10,1,0,0,0,1,16.4,20.455,82,12.998,5,6,11
15530,4,1,10,1,0,0,0,1,16.4,20.455,82,11.0014,4,20,24
15531,4,1,10,2,0,0,0,1,17.22,21.21,82,15.0013,7,44,51
15532,4,1,10,2,0,0,0,1,18.04,21.97,77,12.998,28,104,132
15533,4,1,10,2,0,0,0,2,19.68,23.485,67,19.0012,62,161,223
15534,4,1,10,3,0,0,0,1,22.14,25.76,56,12.998,150,278,428
15535,4,1,10,3,0,0,0,1,22.96,26.515,52,19.9995,156,338,494
15536,4,1,10,3,0,0,0,1,25.42,31.06,46,22.0028,200,362,562
15537,4,1,10,3,0,0,0,1,26.24,31.06,41,30.0026,218,401,619
15538,4,1,10,3,0,0,0,1,27.06,31.06,39,27.9993,249,368,617
15539,4,1,10,3,0,0,0,1,27.06,31.06,39,27.9993,213,355,568
15540,4,1,10,3,0,0,0,1,26.24,31.06,41,19.9995,203,378,581
15541,4,1,10,3,0,0,0,1,26.24,31.06,44,12.998,193,346,539
15542,4,1,10,4,0,0,0,1,23.78,27.275,60,16.9979,134,319,453
15543,4,1,10,4,0,0,0,1,22.96,26.515,64,15.0013,68,268,336
15544,4,1,10,4,0,0,0,1,22.14,25.76,73,15.0013,48,198,246
15545,4,1,10,4,0,0,0,1,22.96,26.515,73,30.0026,40,156,196
15546,4,1,10,1,0,0,0,1,22.96,26.515,73,26.0027,38,87,125
15547,4,1,10,1,0,0,0,2,22.96,26.515,68,19.0012,27,78,105
15548,4,1,10,1,0,1,1,2,22.96,26.515,73,16.9979,17,31,48
15549,4,1,10,1,0,1,1,2,23.78,27.275,64,26.0027,5,24,29
15550,4,1,10,1,0,1,1,2,23.78,27.275,64,23.9994,1,5,6
15551,4,1,10,1,0,1,1,2,22.96,26.515,73,16.9979,2,2,4
15552,4,1,10,1,0,1,1,2,22.96,26.515,68,15.0013,1,9,10
15553,4,1,10,1,0,1,1,2,22.96,26.515,73,19.0012,2,38,40
15554,4,1,10,1,0,1,1,2,22.96,26.515,73,19.9995,6,141,147
15555,4,1,10,2,0,1,1,2,23.78,27.275,68,22.0028,15,461,476
15556,4,1,10,2,0,1,1,2,24.6,30.305,64,26.0027,24,713,737
15557,4,1,10,2,0,1,1,3,24.6,29.545,69,26.0027,31,328,359
15558,4,1,10,3,0,1,1,2,24.6,29.545,73,26.0027,43,125,168
15559,4,1,10,3,0,1,1,2,24.6,29.545,73,26.0027,88,175,263
15560,4,1,10,3,0,1,1,3,24.6,28.79,78,22.0028,73,211,284
15561,4,1,10,3,0,1,1,2,22.96,26.515,88,15.0013,37,109,146
15562,4,1,10,3,0,1,1,2,24.6,28.79,78,19.0012,57,128,185
15563,4,1,10,3,0,1,1,1,24.6,28.79,78,22.0028,70,190,260
15564,4,1,10,3,0,1,1,1,22.96,26.515,64,19.9995,76,371,447
15565,4,1,10,3,0,1,1,1,22.96,26.515,64,16.9979,96,670,766
15566,4,1,10,4,0,1,1,3,22.14,25.76,77,8.9981,52,540,592
15567,4,1,10,4,0,1,1,3,21.32,25,83,6.0032,12,227,239
15568,4,1,10,4,0,1,1,2,21.32,25,72,26.0027,19,237,256
15569,4,1,10,4,0,1,1,1,21.32,25,59,22.0028,16,190,206
15570,4,1,10,1,0,1,1,1,20.5,24.24,59,19.0012,8,118,126
15571,4,1,10,1,0,1,1,1,18.86,22.725,63,15.0013,9,72,81
15572,4,1,10,1,0,2,1,1,18.86,22.725,63,26.0027,3,45,48
15573,4,1,10,1,0,2,1,1,18.04,21.97,67,12.998,4,9,13
15574,4,1,10,1,0,2,1,1,18.04,21.97,67,8.9981,2,1,3
15575,4,1,10,1,0,2,1,1,17.22,21.21,67,7.0015,0,2,2
15576,4,1,10,1,0,2,1,1,17.22,21.21,67,11.0014,0,7,7
15577,4,1,10,1,0,2,1,1,17.22,21.21,67,16.9979,5,47,52
15578,4,1,10,1,0,2,1,1,17.22,21.21,67,11.0014,4,168,172
15579,4,1,10,2,0,2,1,1,17.22,21.21,67,6.0032,20,505,525
15580,4,1,10,2,0,2,1,1,18.04,21.97,62,0,35,800,835
15581,4,1,10,2,0,2,1,1,19.68,23.485,55,16.9979,32,323,355
15582,4,1,10,3,0,2,1,1,20.5,24.24,48,19.0012,65,157,222
15583,4,1,10,3,0,2,1,1,20.5,24.24,45,27.9993,56,172,228
15584,4,1,10,3,0,2,1,2,21.32,25,45,22.0028,69,256,325
15585,4,1,10,3,0,2,1,1,21.32,25,45,19.0012,68,260,328
15586,4,1,10,3,0,2,1,1,22.14,25.76,39,16.9979,94,214,308
15587,4,1,10,3,0,2,1,1,22.14,25.76,41,22.0028,76,270,346
15588,4,1,10,3,0,2,1,1,22.14,25.76,39,19.0012,79,367,446
15589,4,1,10,3,0,2,1,1,21.32,25,39,12.998,104,839,943
15590,4,1,10,4,0,2,1,1,20.5,24.24,42,11.0014,71,767,838
15591,4,1,10,4,0,2,1,1,19.68,23.485,48,0,40,491,531
15592,4,1,10,4,0,2,1,1,18.86,22.725,55,0,35,397,432
15593,4,1,10,4,0,2,1,1,18.86,22.725,63,0,19,176,195
15594,4,1,10,1,0,2,1,1,16.4,20.455,71,6.0032,18,163,181
15595,4,1,10,1,0,2,1,1,16.4,20.455,71,0,23,176,199
15596,4,1,10,1,0,3,1,1,15.58,19.695,76,0,1,48,49
15597,4,1,10,1,0,3,1,1,15.58,19.695,76,0,3,14,17
15598,4,1,10,1,0,3,1,1,15.58,19.695,76,0,4,12,16
15599,4,1,10,1,0,3,1,1,14.76,18.94,87,0,0,7,7
15600,4,1,10,1,0,3,1,1,14.76,18.18,81,6.0032,0,4,4
15601,4,1,10,1,0,3,1,2,14.76,18.94,81,0,2,39,41
15602,4,1,10,1,0,3,1,1,15.58,19.695,82,0,7,171,178
15603,4,1,10,2,0,3,1,1,14.76,18.18,81,7.0015,15,449,464
15604,4,1,10,2,0,3,1,2,16.4,20.455,76,0,38,779,817
15605,4,1,10,2,0,3,1,2,17.22,21.21,77,0,38,344,382
15606,4,1,10,3,0,3,1,2,18.86,22.725,67,0,60,168,228
15607,4,1,10,3,0,3,1,2,20.5,24.24,51,6.0032,78,156,234
15608,4,1,10,3,0,3,1,2,21.32,25,48,11.0014,71,261,332
15609,4,1,10,3,0,3,1,2,22.14,25.76,49,8.9981,73,237,310
15610,4,1,10,3,0,3,1,2,22.96,26.515,43,11.0014,82,188,270
15611,4,1,10,3,0,3,1,2,23.78,27.275,43,15.0013,62,239,301
15612,4,1,10,3,0,3,1,1,22.96,26.515,52,12.998,70,396,466
15613,4,1,10,3,0,3,1,1,22.14,25.76,56,7.0015,122,766,888
15614,4,1,10,4,0,3,1,1,21.32,25,59,11.0014,90,794,884
15615,4,1,10,4,0,3,1,1,20.5,24.24,72,12.998,49,467,516
15616,4,1,10,4,0,3,1,1,20.5,24.24,72,8.9981,54,360,414
15617,4,1,10,4,0,3,1,1,18.86,22.725,82,12.998,28,301,329
15618,4,1,10,1,0,3,1,1,18.86,22.725,88,16.9979,17,198,215
15619,4,1,10,1,0,3,1,1,18.86,22.725,88,15.0013,15,84,99
15620,4,1,10,1,0,4,1,1,18.86,22.725,88,12.998,4,53,57
15621,4,1,10,1,0,4,1,1,18.86,22.725,82,15.0013,0,14,14
15622,4,1,10,1,0,4,1,1,18.86,22.725,82,12.998,1,13,14
15623,4,1,10,1,0,4,1,1,18.04,21.97,88,15.0013,0,5,5
15624,4,1,10,1,0,4,1,1,18.04,21.97,88,15.0013,0,5,5
15625,4,1,10,1,0,4,1,1,18.04,21.97,82,15.0013,1,41,42
15626,4,1,10,1,0,4,1,1,18.04,21.97,88,19.9995,3,150,153
15627,4,1,10,2,0,4,1,1,18.04,21.97,88,16.9979,20,488,508
15628,4,1,10,2,0,4,1,1,18.86,22.725,82,16.9979,31,803,834
15629,4,1,10,2,0,4,1,2,20.5,24.24,77,11.0014,41,346,387
15630,4,1,10,3,0,4,1,2,21.32,25,68,15.0013,60,158,218
15631,4,1,10,3,0,4,1,2,22.96,26.515,56,15.0013,79,189,268
15632,4,1,10,3,0,4,1,2,24.6,31.06,53,16.9979,93,284,377
15633,4,1,10,3,0,4,1,1,25.42,31.06,53,23.9994,96,236,332
15634,4,1,10,3,0,4,1,2,25.42,31.06,50,19.9995,94,191,285
15635,4,1,10,3,0,4,1,2,24.6,30.305,60,12.998,69,284,353
15636,4,1,10,3,0,4,1,1,24.6,31.06,56,19.0012,94,356,450
15637,4,1,10,3,0,4,1,2,23.78,27.275,64,22.0028,102,788,890
15638,4,1,10,4,0,4,1,2,22.96,26.515,64,22.0028,68,720,788
15639,4,1,10,4,0,4,1,2,22.96,26.515,68,19.9995,42,471,513
15640,4,1,10,4,0,4,1,2,22.96,26.515,68,16.9979,39,348,387
15641,4,1,10,4,0,4,1,2,22.14,25.76,77,12.998,38,245,283
15642,4,1,10,1,0,4,1,2,22.14,25.76,83,12.998,27,202,229
15643,4,1,10,1,0,4,1,2,22.14,25.76,83,0,6,111,117
15644,4,1,10,1,0,5,1,2,22.96,26.515,83,7.0015,5,51,56
15645,4,1,10,1,0,5,1,3,22.14,25.76,88,0,4,12,16
15646,4,1,10,1,0,5,1,2,22.14,25.76,88,0,1,9,10
15647,4,1,10,1,0,5,1,2,22.96,26.515,83,0,0,5,5
15648,4,1,10,1,0,5,1,2,22.96,26.515,83,0,1,5,6
15649,4,1,10,1,0,5,1,2,22.14,25.76,88,0,1,35,36
15650,4,1,10,1,0,5,1,3,22.14,25.76,94,11.0014,5,126,131
15651,4,1,10,2,0,5,1,3,22.14,25.76,94,0,5,149,154
15652,4,1,10,2,0,5,1,2,22.14,25.76,94,7.0015,20,447,467
15653,4,1,10,2,0,5,1,2,22.14,25.76,94,7.0015,26,363,389
15654,4,1,10,3,0,5,1,2,23.78,27.275,88,12.998,26,198,224
15655,4,1,10,3,0,5,1,1,24.6,28.03,83,12.998,41,211,252
15656,4,1,10,3,0,5,1,1,26.24,30.305,69,15.0013,74,258,332
15657,4,1,10,3,0,5,1,1,25.42,29.545,73,15.0013,87,288,375
15658,4,1,10,3,0,5,1,1,27.06,31.06,61,16.9979,88,277,365
15659,4,1,10,3,0,5,1,1,26.24,30.305,65,19.9995,93,302,395
15660,4,1,10,3,0,5,1,3,25.42,30.305,69,23.9994,131,434,565
15661,4,1,10,3,0,5,1,3,25.42,30.305,69,23.9994,48,377,425
15662,4,1,10,4,0,5,1,1,22.96,26.515,83,7.0015,21,212,233
15663,4,1,10,4,0,5,1,1,22.14,25.76,88,11.0014,19,213,232
15664,4,1,10,4,0,5,1,1,21.32,25,77,12.998,13,216,229
15665,4,1,10,4,0,5,1,1,20.5,24.24,77,0,17,189,206
15666,4,1,10,1,0,5,1,1,20.5,24.24,77,6.0032,14,176,190
15667,4,1,10,1,0,5,1,1,18.86,22.725,88,7.0015,13,118,131
15668,4,1,10,1,0,6,0,1,18.86,22.725,82,8.9981,13,110,123
15669,4,1,10,1,0,6,0,1,18.86,22.725,72,8.9981,2,93,95
15670,4,1,10,1,0,6,0,1,18.04,21.97,77,7.0015,9,69,78
15671,4,1,10,1,0,6,0,1,17.22,21.21,77,8.9981,2,27,29
15672,4,1,10,1,0,6,0,1,18.04,21.97,72,0,9,9,18
15673,4,1,10,1,0,6,0,1,16.4,20.455,82,0,6,7,13
15674,4,1,10,1,0,6,0,1,17.22,21.21,71,0,5,26,31
15675,4,1,10,2,0,6,0,1,16.4,20.455,82,0,6,59,65
15676,4,1,10,2,0,6,0,1,18.86,22.725,67,8.9981,29,164,193
15677,4,1,10,2,0,6,0,1,20.5,24.24,59,8.9981,106,257,363
15678,4,1,10,3,0,6,0,1,21.32,25,52,8.9981,111,312,423
15679,4,1,10,3,0,6,0,1,22.14,25.76,52,15.0013,204,408,612
15680,4,1,10,3,0,6,0,1,22.96,26.515,46,7.0015,267,436,703
15681,4,1,10,3,0,6,0,1,22.96,26.515,43,11.0014,273,441,714
15682,4,1,10,3,0,6,0,1,22.96,26.515,40,0,335,376,711
15683,4,1,10,3,0,6,0,1,22.96,26.515,43,0,308,403,711
15684,4,1,10,3,0,6,0,1,22.14,25.76,42,19.0012,325,366,691
15685,4,1,10,3,0,6,0,1,22.14,25.76,37,15.0013,347,384,731
15686,4,1,10,4,0,6,0,1,21.32,25,39,15.0013,165,356,521
15687,4,1,10,4,0,6,0,1,20.5,24.24,45,8.9981,77,268,345
15688,4,1,10,4,0,6,0,1,20.5,24.24,39,15.0013,61,198,259
15689,4,1,10,4,0,6,0,1,18.86,22.725,47,15.0013,72,224,296
15690,4,1,10,1,0,6,0,1,18.04,21.97,51,7.0015,47,155,202
15691,4,1,10,1,0,6,0,1,17.22,21.21,58,0,27,136,163
15692,4,1,10,1,0,0,0,1,18.04,21.97,54,11.0014,35,119,154
15693,4,1,10,1,0,0,0,1,17.22,21.21,58,15.0013,20,97,117
15694,4,1,10,1,0,0,0,1,16.4,20.455,62,11.0014,44,88,132
15695,4,1,10,1,0,0,0,1,15.58,19.695,66,6.0032,12,29,41
15696,4,1,10,1,0,0,0,1,14.76,17.425,71,11.0014,8,13,21
15697,4,1,10,1,0,0,0,1,15.58,19.695,66,6.0032,6,4,10
15698,4,1,10,1,0,0,0,1,16.4,20.455,62,0,8,18,26
15699,4,1,10,2,0,0,0,1,16.4,20.455,62,0,13,43,56
15700,4,1,10,2,0,0,0,1,17.22,21.21,67,0,39,104,143
15701,4,1,10,2,0,0,0,1,18.86,22.725,55,11.0014,77,192,269
15702,4,1,10,3,0,0,0,1,20.5,24.24,48,19.9995,167,276,443
15703,4,1,10,3,0,0,0,1,21.32,25,44,22.0028,191,356,547
15704,4,1,10,3,0,0,0,1,22.14,25.76,39,22.0028,236,439,675
15705,4,1,10,3,0,0,0,1,22.96,26.515,37,16.9979,243,383,626
15706,4,1,10,3,0,0,0,1,22.96,26.515,35,12.998,235,405,640
15707,4,1,10,3,0,0,0,1,22.96,26.515,35,22.0028,240,383,623
15708,4,1,10,3,0,0,0,1,22.14,25.76,37,15.0013,182,409,591
15709,4,1,10,3,0,0,0,1,21.32,25,39,16.9979,153,338,491
15710,4,1,10,4,0,0,0,1,21.32,25,39,12.998,71,342,413
15711,4,1,10,4,0,0,0,1,20.5,24.24,42,11.0014,50,216,266
15712,4,1,10,4,0,0,0,1,19.68,23.485,44,12.998,35,160,195
15713,4,1,10,4,0,0,0,1,17.22,21.21,54,11.0014,42,124,166
15714,4,1,10,1,0,0,0,1,17.22,21.21,54,0,18,95,113
15715,4,1,10,1,0,0,0,1,18.04,21.97,54,0,7,59,66
15716,4,1,10,1,0,1,1,1,16.4,20.455,62,0,3,28,31
15717,4,1,10,1,0,1,1,1,16.4,20.455,71,0,0,11,11
15718,4,1,10,1,0,1,1,1,15.58,19.695,71,0,1,4,5
15719,4,1,10,1,0,1,1,1,16.4,20.455,62,0,1,5,6
15720,4,1,10,1,0,1,1,1,15.58,19.695,66,0,1,6,7
15721,4,1,10,1,0,1,1,1,15.58,19.695,76,6.0032,2,44,46
15722,4,1,10,1,0,1,1,1,14.76,18.18,76,6.0032,4,140,144
15723,4,1,10,2,0,1,1,1,15.58,19.695,66,6.0032,15,437,452
15724,4,1,10,2,0,1,1,1,18.04,21.97,67,0,32,696,728
15725,4,1,10,2,0,1,1,1,18.86,22.725,63,6.0032,25,335,360
15726,4,1,10,3,0,1,1,1,20.5,24.24,55,0,51,161,212
15727,4,1,10,3,0,1,1,1,22.96,26.515,37,11.0014,63,148,211
15728,4,1,10,3,0,1,1,1,23.78,27.275,35,0,52,231,283
15729,4,1,10,3,0,1,1,1,25.42,31.06,29,11.0014,88,227,315
15730,4,1,10,3,0,1,1,1,25.42,30.305,27,12.998,73,209,282
15731,4,1,10,3,0,1,1,1,26.24,31.06,29,11.0014,74,222,296
15732,4,1,10,3,0,1,1,1,25.42,31.06,33,11.0014,80,444,524
15733,4,1,10,3,0,1,1,1,25.42,31.06,33,7.0015,84,838,922
15734,4,1,10,4,0,1,1,1,22.14,25.76,64,7.0015,60,726,786
15735,4,1,10,4,0,1,1,1,21.32,25,52,7.0015,36,478,514
15736,4,1,10,4,0,1,1,1,20.5,24.24,59,7.0015,21,382,403
15737,4,1,10,4,0,1,1,1,19.68,23.485,67,6.0032,19,155,174
15738,4,1,10,1,0,1,1,1,18.86,22.725,82,8.9981,25,158,183
15739,4,1,10,1,0,1,1,1,18.86,22.725,82,7.0015,20,143,163
15740,4,1,10,1,0,2,1,1,18.86,22.725,88,11.0014,5,32,37
15741,4,1,10,1,0,2,1,1,18.86,22.725,77,11.0014,1,16,17
15742,4,1,10,1,0,2,1,1,18.04,21.97,88,8.9981,1,6,7
15743,4,1,10,1,0,2,1,1,18.04,21.97,77,8.9981,0,1,1
15744,4,1,10,1,0,2,1,1,17.22,21.21,77,7.0015,1,6,7
15745,4,1,10,1,0,2,1,1,18.04,21.97,77,6.0032,1,49,50
15746,4,1,10,1,0,2,1,1,16.4,20.455,82,6.0032,6,152,158
15747,4,1,10,2,0,2,1,2,18.04,21.97,77,7.0015,12,519,531
15748,4,1,10,2,0,2,1,2,18.86,22.725,72,6.0032,28,733,761
15749,4,1,10,2,0,2,1,2,20.5,24.24,72,7.0015,29,305,334
15750,4,1,10,3,0,2,1,1,22.14,25.76,60,0,50,171,221
15751,4,1,10,3,0,2,1,1,24.6,31.06,53,0,52,201,253
15752,4,1,10,3,0,2,1,2,25.42,31.06,46,6.0032,80,298,378
15753,4,1,10,3,0,2,1,2,26.24,31.06,44,0,59,244,303
15754,4,1,10,3,0,2,1,1,27.88,31.82,41,11.0014,67,229,296
15755,4,1,10,3,0,2,1,1,27.88,31.82,41,15.0013,76,270,346
15756,4,1,10,3,0,2,1,1,27.88,31.82,44,6.0032,108,433,541
15757,4,1,10,3,0,2,1,1,27.88,31.82,41,0,67,871,938
15758,4,1,10,4,0,2,1,1,25.42,31.06,53,6.0032,64,762,826
15759,4,1,10,4,0,2,1,1,25.42,31.06,57,6.0032,25,457,482
15760,4,1,10,4,0,2,1,1,23.78,27.275,64,8.9981,45,334,379
15761,4,1,10,4,0,2,1,1,22.96,26.515,68,0,35,260,295
15762,4,1,10,1,0,2,1,1,22.96,26.515,68,7.0015,20,174,194
15763,4,1,10,1,0,2,1,1,22.14,25.76,73,7.0015,9,102,111
15764,4,1,10,1,0,3,1,1,22.14,25.76,73,6.0032,7,39,46
15765,4,1,10,1,0,3,1,1,22.14,25.76,68,0,4,23,27
15766,4,1,10,1,0,3,1,1,22.14,25.76,68,0,0,6,6
15767,4,1,10,1,0,3,1,1,20.5,24.24,77,6.0032,0,4,4
15768,4,1,10,1,0,3,1,1,20.5,24.24,77,6.0032,1,5,6
15769,4,1,10,1,0,3,1,1,20.5,24.24,82,0,1,52,53
15770,4,1,10,1,0,3,1,1,19.68,23.485,82,7.0015,11,162,173
15771,4,1,10,2,0,3,1,1,20.5,24.24,88,6.0032,20,506,526
15772,4,1,10,2,0,3,1,2,21.32,25,83,7.0015,24,777,801
15773,4,1,10,2,0,3,1,2,21.32,25,77,6.0032,24,349,373
15774,4,1,10,3,0,3,1,2,22.14,25.76,73,0,29,142,171
15775,4,1,10,3,0,3,1,1,23.78,27.275,64,0,47,189,236
15776,4,1,10,3,0,3,1,1,25.42,30.305,61,6.0032,48,268,316
15777,4,1,10,3,0,3,1,1,27.06,31.06,54,0,65,241,306
15778,4,1,10,3,0,3,1,1,30.34,32.575,30,16.9979,64,237,301
15779,4,1,10,3,0,3,1,1,28.7,31.82,39,7.0015,63,245,308
15780,4,1,10,3,0,3,1,1,30.34,32.575,33,8.9981,67,465,532
15781,4,1,10,3,0,3,1,1,27.06,31.06,47,0,87,876,963
15782,4,1,10,4,0,3,1,1,27.06,31.06,44,0,63,795,858
15783,4,1,10,4,0,3,1,2,26.24,31.06,53,6.0032,50,522,572
15784,4,1,10,4,0,3,1,2,25.42,30.305,61,6.0032,45,396,441
15785,4,1,10,4,0,3,1,2,25.42,30.305,61,7.0015,33,280,313
15786,4,1,10,1,0,3,1,2,24.6,30.305,64,8.9981,30,208,238
15787,4,1,10,1,0,3,1,2,23.78,27.275,68,6.0032,12,111,123
15788,4,1,10,1,0,4,1,2,24.6,30.305,64,7.0015,19,57,76
15789,4,1,10,1,0,4,1,1,23.78,27.275,68,0,6,22,28
15790,4,1,10,1,0,4,1,1,22.14,25.76,77,0,3,15,18
15791,4,1,10,1,0,4,1,2,21.32,25,88,8.9981,0,8,8
15792,4,1,10,1,0,4,1,2,21.32,25,88,7.0015,1,4,5
15793,4,1,10,1,0,4,1,2,21.32,25,88,11.0014,2,53,55
15794,4,1,10,1,0,4,1,2,21.32,25,88,12.998,3,168,171
15795,4,1,10,2,0,4,1,2,21.32,25,88,12.998,18,477,495
15796,4,1,10,2,0,4,1,2,21.32,25,83,11.0014,33,746,779
15797,4,1,10,2,0,4,1,2,21.32,25,83,12.998,23,320,343
15798,4,1,10,3,0,4,1,2,22.14,25.76,83,8.9981,53,172,225
15799,4,1,10,3,0,4,1,2,22.14,25.76,83,7.0015,57,181,238
15800,4,1,10,3,0,4,1,2,22.96,26.515,78,7.0015,61,258,319
15801,4,1,10,3,0,4,1,2,22.96,26.515,78,0,49,264,313
15802,4,1,10,3,0,4,1,1,24.6,29.545,73,8.9981,71,214,285
15803,4,1,10,3,0,4,1,1,25.42,30.305,65,8.9981,63,242,305
15804,4,1,10,3,0,4,1,1,24.6,29.545,69,11.0014,92,407,499
15805,4,1,10,3,0,4,1,1,24.6,29.545,69,11.0014,112,774,886
15806,4,1,10,4,0,4,1,1,22.96,26.515,83,7.0015,77,732,809
15807,4,1,10,4,0,4,1,1,22.14,25.76,83,12.998,45,497,542
15808,4,1,10,4,0,4,1,2,21.32,25,88,8.9981,28,319,347
15809,4,1,10,4,0,4,1,2,21.32,25,88,8.9981,24,247,271
15810,4,1,10,1,0,4,1,2,22.14,25.76,83,6.0032,22,185,207
15811,4,1,10,1,0,4,1,2,22.14,25.76,83,8.9981,13,122,135
15812,4,1,10,1,0,5,1,2,22.14,25.76,77,0,6,65,71
15813,4,1,10,1,0,5,1,2,21.32,25,88,6.0032,4,32,36
15814,4,1,10,1,0,5,1,2,21.32,25,88,7.0015,4,15,19
15815,4,1,10,1,0,5,1,2,21.32,25,88,11.0014,5,8,13
15816,4,1,10,1,0,5,1,2,21.32,25,88,11.0014,1,4,5
15817,4,1,10,1,0,5,1,2,21.32,25,88,7.0015,3,47,50
15818,4,1,10,1,0,5,1,2,21.32,25,88,6.0032,2,142,144
15819,4,1,10,2,0,5,1,2,21.32,25,88,7.0015,13,408,421
15820,4,1,10,2,0,5,1,2,22.14,25.76,88,8.9981,20,714,734
15821,4,1,10,2,0,5,1,2,22.14,25.76,88,8.9981,56,347,403
15822,4,1,10,3,0,5,1,2,22.14,25.76,88,7.0015,41,156,197
15823,4,1,10,3,0,5,1,2,22.96,26.515,78,11.0014,68,222,290
15824,4,1,10,3,0,5,1,2,23.78,27.275,73,12.998,90,302,392
15825,4,1,10,3,0,5,1,2,23.78,27.275,68,8.9981,77,260,337
15826,4,1,10,3,0,5,1,2,24.6,30.305,64,8.9981,99,252,351
15827,4,1,10,3,0,5,1,2,25.42,30.305,61,7.0015,142,306,448
15828,4,1,10,3,0,5,1,2,23.78,27.275,73,11.0014,137,445,582
15829,4,1,10,3,0,5,1,2,22.96,26.515,76,12.998,125,692,817
15830,4,1,10,4,0,5,1,2,22.96,26.515,78,8.9981,81,584,665
15831,4,1,10,4,0,5,1,2,22.14,25.76,83,11.0014,72,399,471
15832,4,1,10,4,0,5,1,2,22.14,25.76,83,11.0014,40,271,311
15833,4,1,10,4,0,5,1,2,22.14,25.76,77,8.9981,40,252,292
15834,4,1,10,1,0,5,1,2,21.32,25,83,8.9981,37,180,217
15835,4,1,10,1,0,5,1,1,21.32,25,83,11.0014,19,159,178
15836,4,1,10,1,0,6,0,1,20.5,24.24,88,8.9981,10,132,142
15837,4,1,10,1,0,6,0,2,20.5,24.24,88,8.9981,23,123,146
15838,4,1,10,1,0,6,0,2,20.5,24.24,88,12.998,19,71,90
15839,4,1,10,1,0,6,0,1,20.5,24.24,88,11.0014,5,21,26
15840,4,1,10,1,0,6,0,2,20.5,24.24,88,11.0014,1,12,13
15841,4,1,10,1,0,6,0,2,20.5,24.24,82,12.998,2,7,9
15842,4,1,10,1,0,6,0,2,20.5,24.24,82,12.998,2,29,31
15843,4,1,10,2,0,6,0,1,19.68,23.485,83,12.998,7,79,86
15844,4,1,10,2,0,6,0,1,20.5,24.24,77,16.9979,26,187,213
15845,4,1,10,2,0,6,0,1,20.5,24.24,77,16.9979,88,240,328
15846,4,1,10,3,0,6,0,1,22.14,25.76,73,19.0012,165,314,479
15847,4,1,10,3,0,6,0,1,22.96,26.515,64,19.0012,197,388,585
15848,4,1,10,3,0,6,0,1,24.6,31.06,53,16.9979,264,404,668
15849,4,1,10,3,0,6,0,1,24.6,31.06,43,16.9979,310,450,760
15850,4,1,10,3,0,6,0,1,24.6,31.06,46,16.9979,325,425,750
15851,4,1,10,3,0,6,0,2,22.96,26.515,60,19.0012,310,401,711
15852,4,1,10,3,0,6,0,2,22.96,26.515,64,19.0012,257,355,612
15853,4,1,10,3,0,6,0,2,22.96,26.515,64,19.0012,248,370,618
15854,4,1,10,4,0,6,0,2,22.96,26.515,64,19.0012,138,318,456
15855,4,1,10,4,0,6,0,2,21.32,25,72,15.0013,67,233,300
15856,4,1,10,4,0,6,0,2,21.32,25,72,15.0013,58,238,296
15857,4,1,10,4,0,6,0,2,21.32,25,72,15.0013,49,160,209
15858,4,1,10,1,0,6,0,2,21.32,25,72,16.9979,41,116,157
15859,4,1,10,1,0,6,0,2,21.32,25,68,26.0027,31,136,167
15860,4,1,10,1,0,0,0,3,21.32,25,68,19.9995,20,97,117
15861,4,1,10,1,0,0,0,2,20.5,24.24,72,19.0012,22,111,133
15862,4,1,10,1,0,0,0,2,20.5,24.24,68,19.9995,17,99,116
15863,4,1,10,1,0,0,0,2,20.5,24.24,63,22.0028,18,61,79
15864,4,1,10,1,0,0,0,2,20.5,24.24,63,23.9994,1,19,20
15865,4,1,10,1,0,0,0,2,20.5,24.24,63,19.9995,6,22,28
15866,4,1,10,1,0,0,0,2,20.5,24.24,59,22.0028,7,32,39
15867,4,1,10,2,0,0,0,2,20.5,24.24,59,19.9995,17,48,65
15868,4,1,10,2,0,0,0,2,20.5,24.24,59,36.9974,55,118,173
15869,4,1,10,2,0,0,0,2,20.5,24.24,55,27.9993,124,206,330
15870,4,1,10,3,0,0,0,2,19.68,23.485,51,27.9993,120,314,434
15871,4,1,10,3,0,0,0,2,20.5,24.24,51,26.0027,110,352,462
15872,4,1,10,3,0,0,0,2,19.68,23.485,59,32.9975,118,373,491
15873,4,1,10,3,0,0,0,2,19.68,23.485,59,27.9993,75,316,391
15874,4,1,10,3,0,0,0,2,20.5,24.24,59,30.0026,98,304,402
15875,4,1,10,3,0,0,0,2,20.5,24.24,63,32.9975,76,225,301
15876,4,1,10,3,0,0,0,3,19.68,23.485,67,31.0009,42,251,293
15877,4,1,10,3,0,0,0,3,18.86,22.725,77,35.0008,37,188,225
15878,4,1,10,4,0,0,0,3,17.22,21.21,94,32.9975,18,136,154
15879,4,1,10,4,0,0,0,3,17.22,21.21,94,23.9994,7,47,54
15880,4,1,10,4,0,0,0,3,17.22,21.21,94,31.0009,4,51,55
15881,4,1,10,4,0,0,0,3,18.04,21.97,88,27.9993,2,44,46
15882,4,1,10,1,0,0,0,3,18.04,21.97,88,23.9994,2,35,37
15883,4,1,10,1,0,0,0,3,17.22,21.21,94,23.9994,2,12,14
15884,4,1,10,1,0,1,1,3,18.04,21.97,88,23.9994,2,20,22
15885,4,1,10,3,0,2,1,3,12.3,13.635,81,23.9994,11,105,116
15886,4,1,10,3,0,2,1,3,12.3,13.635,81,23.9994,8,118,126
15887,4,1,10,3,0,2,1,3,12.3,14.395,87,16.9979,10,114,124
15888,4,1,10,3,0,2,1,3,12.3,14.395,87,16.9979,15,83,98
15889,4,1,10,3,0,2,1,3,12.3,14.395,87,15.0013,19,105,124
15890,4,1,10,4,0,2,1,3,12.3,15.15,87,8.9981,4,139,143
15891,4,1,10,4,0,2,1,2,20.5,24.24,68,12.998,6,109,115
15892,4,1,10,4,0,2,1,2,12.3,14.395,81,12.998,5,76,81
15893,4,1,10,4,0,2,1,2,12.3,15.91,87,7.0015,4,60,64
15894,4,1,10,1,0,2,1,1,12.3,15.15,81,8.9981,2,64,66
15895,4,1,10,1,0,2,1,1,12.3,15.15,81,8.9981,3,36,39
15896,4,1,10,1,0,3,1,2,12.3,15.91,81,7.0015,0,16,16
15897,4,1,10,1,0,3,1,2,12.3,15.91,81,6.0032,0,8,8
15898,4,1,10,1,0,3,1,2,12.3,15.15,81,8.9981,0,7,7
15899,4,1,10,1,0,3,1,2,12.3,15.91,81,7.0015,0,3,3
15900,4,1,10,1,0,3,1,2,12.3,14.395,87,12.998,0,5,5
15901,4,1,10,1,0,3,1,2,12.3,15.15,81,8.9981,0,24,24
15902,4,1,10,1,0,3,1,1,12.3,15.15,81,11.0014,0,116,116
15903,4,1,10,2,0,3,1,2,12.3,15.15,87,8.9981,3,334,337
15904,4,1,10,2,0,3,1,1,13.12,16.665,81,8.9981,6,615,621
15905,4,1,10,2,0,3,1,1,13.94,16.665,76,8.9981,17,280,297
15906,4,1,10,3,0,3,1,1,14.76,16.665,71,19.0012,21,147,168
15907,4,1,10,3,0,3,1,2,14.76,17.425,66,15.0013,37,152,189
15908,4,1,10,3,0,3,1,1,16.4,20.455,58,12.998,44,197,241
15909,4,1,10,3,0,3,1,1,17.22,21.21,50,15.0013,22,191,213
15910,4,1,10,3,0,3,1,2,17.22,21.21,50,15.0013,45,179,224
15911,4,1,10,3,0,3,1,1,17.22,21.21,54,11.0014,33,197,230
15912,4,1,10,3,0,3,1,2,17.22,21.21,54,15.0013,51,373,424
15913,4,1,10,3,0,3,1,2,16.4,20.455,58,11.0014,39,684,723
15914,4,1,10,4,0,3,1,2,16.4,20.455,58,11.0014,28,556,584
15915,4,1,10,4,0,3,1,2,16.4,20.455,50,12.998,27,383,410
15916,4,1,10,4,0,3,1,2,16.4,20.455,50,12.998,9,259,268
15917,4,1,10,4,0,3,1,2,16.4,20.455,50,12.998,12,180,192
15918,4,1,10,1,0,3,1,1,14.76,17.425,57,8.9981,18,147,165
15919,4,1,10,1,0,3,1,1,14.76,18.18,57,6.0032,7,94,101
15920,4,1,11,1,0,4,1,1,14.76,18.18,57,6.0032,8,52,60
15921,4,1,11,1,0,4,1,1,12.3,15.91,75,7.0015,8,22,30
15922,4,1,11,1,0,4,1,1,13.12,16.665,66,8.9981,10,10,20
15923,4,1,11,1,0,4,1,1,13.94,16.665,61,8.9981,5,10,15
15924,4,1,11,1,0,4,1,2,13.94,17.425,66,7.0015,2,8,10
15925,4,1,11,1,0,4,1,1,13.94,16.665,66,8.9981,1,39,40
15926,4,1,11,1,0,4,1,1,13.94,16.665,61,11.0014,2,146,148
15927,4,1,11,2,0,4,1,2,14.76,17.425,57,11.0014,6,414,420
15928,4,1,11,2,0,4,1,2,14.76,18.94,56,7.0015,12,668,680
15929,4,1,11,2,0,4,1,3,14.76,18.18,57,7.0015,21,310,331
15930,4,1,11,3,0,4,1,3,14.76,17.425,62,12.998,13,133,146
15931,4,1,11,3,0,4,1,3,14.76,17.425,62,12.998,14,156,170
15932,4,1,11,3,0,4,1,3,15.58,19.695,62,11.0014,23,198,221
15933,4,1,11,3,0,4,1,2,16.4,20.455,58,11.0014,49,199,248
15934,4,1,11,3,0,4,1,2,16.4,20.455,50,15.0013,31,154,185
15935,4,1,11,3,0,4,1,2,16.4,20.455,54,11.0014,35,179,214
15936,4,1,11,3,0,4,1,2,16.4,20.455,54,11.0014,31,313,344
15937,4,1,11,3,0,4,1,3,16.4,20.455,50,15.0013,37,652,689
15938,4,1,11,4,0,4,1,2,16.4,20.455,50,11.0014,50,628,678
15939,4,1,11,4,0,4,1,2,16.4,20.455,50,11.0014,28,424,452
15940,4,1,11,4,0,4,1,2,15.58,19.695,54,16.9979,16,280,296
15941,4,1,11,4,0,4,1,2,15.58,19.695,54,8.9981,29,238,267
15942,4,1,11,1,0,4,1,1,14.76,17.425,57,11.0014,27,175,202
15943,4,1,11,1,0,4,1,1,13.94,16.665,57,11.0014,8,112,120
15944,4,1,11,1,0,5,1,1,13.94,16.665,57,11.0014,10,40,50
15945,4,1,11,1,0,5,1,1,13.12,15.91,66,11.0014,5,19,24
15946,4,1,11,1,0,5,1,1,13.12,15.91,66,11.0014,3,7,10
15947,4,1,11,1,0,5,1,1,12.3,15.15,70,11.0014,0,3,3
15948,4,1,11,1,0,5,1,1,12.3,15.91,70,7.0015,1,6,7
15949,4,1,11,1,0,5,1,2,13.12,15.91,66,11.0014,1,25,26
15950,4,1,11,1,0,5,1,1,12.3,15.15,70,11.0014,2,120,122
15951,4,1,11,2,0,5,1,2,12.3,15.15,70,8.9981,8,349,357
15952,4,1,11,2,0,5,1,1,13.12,16.665,57,7.0015,31,656,687
15953,4,1,11,2,0,5,1,1,13.94,17.425,53,7.0015,27,355,382
15954,4,1,11,3,0,5,1,1,15.58,19.695,46,19.9995,21,183,204
15955,4,1,11,3,0,5,1,1,17.22,21.21,41,27.9993,42,179,221
15956,4,1,11,3,0,5,1,1,17.22,21.21,41,23.9994,52,240,292
15957,4,1,11,3,0,5,1,1,16.4,20.455,43,23.9994,64,230,294
15958,4,1,11,3,0,5,1,2,16.4,20.455,40,32.9975,63,199,262
15959,4,1,11,3,0,5,1,2,16.4,20.455,40,27.9993,51,255,306
15960,4,1,11,3,0,5,1,1,15.58,19.695,40,22.0028,48,373,421
15961,4,1,11,3,0,5,1,1,15.58,19.695,40,22.0028,57,581,638
15962,4,1,11,4,0,5,1,2,15.58,19.695,43,22.0028,32,490,522
15963,4,1,11,4,0,5,1,2,15.58,19.695,43,19.9995,38,336,374
15964,4,1,11,4,0,5,1,2,14.76,16.665,46,27.9993,14,207,221
15965,4,1,11,4,0,5,1,2,14.76,16.665,46,23.9994,23,133,156
15966,4,1,11,1,0,5,1,1,14.76,16.665,46,16.9979,14,135,149
15967,4,1,11,1,0,5,1,1,13.94,15.15,53,19.9995,11,108,119
15968,4,1,11,1,0,6,0,1,13.94,16.665,53,11.0014,9,99,108
15969,4,1,11,1,0,6,0,2,13.94,15.15,49,22.0028,6,83,89
15970,4,1,11,1,0,6,0,2,13.94,15.91,49,16.9979,10,36,46
15971,4,1,11,1,0,6,0,2,13.94,15.91,49,16.9979,6,22,28
15972,4,1,11,1,0,6,0,2,13.12,15.15,49,19.9995,8,8,16
15973,4,1,11,1,0,6,0,2,13.12,15.15,49,16.9979,1,8,9
15974,4,1,11,1,0,6,0,2,13.12,15.91,49,12.998,4,17,21
15975,4,1,11,2,0,6,0,2,13.12,15.15,49,16.9979,1,58,59
15976,4,1,11,2,0,6,0,2,13.94,15.15,46,19.9995,10,132,142
15977,4,1,11,2,0,6,0,2,13.94,15.15,49,19.9995,31,188,219
15978,4,1,11,3,0,6,0,1,14.76,16.665,46,26.0027,68,260,328
15979,4,1,11,3,0,6,0,2,14.76,16.665,46,26.0027,56,284,340
15980,4,1,11,3,0,6,0,2,14.76,15.91,46,31.0009,74,320,394
15981,4,1,11,3,0,6,0,2,14.76,16.665,46,23.9994,110,339,449
15982,4,1,11,3,0,6,0,2,14.76,16.665,50,22.0028,136,319,455
15983,4,1,11,3,0,6,0,2,14.76,15.91,46,30.0026,117,331,448
15984,4,1,11,3,0,6,0,2,14.76,16.665,46,22.0028,108,292,400
15985,4,1,11,3,0,6,0,2,14.76,16.665,46,19.9995,112,298,410
15986,4,1,11,4,0,6,0,2,14.76,16.665,46,19.0012,58,239,297
15987,4,1,11,4,0,6,0,1,14.76,17.425,50,11.0014,22,217,239
15988,4,1,11,4,0,6,0,1,13.94,16.665,53,8.9981,23,158,181
15989,4,1,11,4,0,6,0,1,13.94,17.425,53,7.0015,31,135,166
15990,4,1,11,1,0,6,0,1,13.12,16.665,57,7.0015,13,133,146
15991,4,1,11,1,0,6,0,1,13.12,16.665,57,7.0015,15,133,148
15992,4,1,11,1,0,0,0,1,12.3,15.91,61,7.0015,5,97,102
15993,4,1,11,1,0,0,0,1,10.66,14.395,81,6.0032,26,139,165
15994,4,1,11,1,0,0,0,1,12.3,16.665,65,0,6,31,37
15995,4,1,11,1,0,0,0,1,11.48,14.395,61,7.0015,1,10,11
15996,4,1,11,1,0,0,0,1,10.66,13.635,65,8.9981,2,7,9
15997,4,1,11,1,0,0,0,1,10.66,13.635,65,7.0015,0,5,5
15998,4,1,11,1,0,0,0,1,11.48,14.395,61,8.9981,2,14,16
15999,4,1,11,2,0,0,0,1,10.66,13.635,65,7.0015,11,39,50
16000,4,1,11,2,0,0,0,1,12.3,15.15,56,8.9981,34,115,149
16001,4,1,11,2,0,0,0,1,13.12,16.665,53,0,56,161,217
16002,4,1,11,3,0,0,0,1,13.94,16.665,49,12.998,73,287,360
16003,4,1,11,3,0,0,0,1,15.58,19.695,46,15.0013,134,311,445
16004,4,1,11,3,0,0,0,1,15.58,19.695,46,15.0013,150,354,504
16005,4,1,11,3,0,0,0,1,16.4,20.455,43,15.0013,122,371,493
16006,4,1,11,3,0,0,0,1,16.4,20.455,40,12.998,149,360,509
16007,4,1,11,3,0,0,0,1,16.4,20.455,40,15.0013,149,300,449
16008,4,1,11,3,0,0,0,1,16.4,20.455,40,22.0028,119,316,435
16009,4,1,11,3,0,0,0,1,14.76,17.425,43,12.998,57,270,327
16010,4,1,11,4,0,0,0,1,14.76,17.425,43,15.0013,31,206,237
16011,4,1,11,4,0,0,0,1,14.76,16.665,43,16.9979,24,203,227
16012,4,1,11,4,0,0,0,1,13.12,14.395,53,23.9994,7,134,141
16013,4,1,11,4,0,0,0,1,12.3,13.635,52,19.9995,16,71,87
16014,4,1,11,1,0,0,0,1,12.3,14.395,52,19.0012,15,64,79
16015,4,1,11,1,0,0,0,2,12.3,15.15,56,11.0014,12,41,53
16016,4,1,11,1,0,1,1,2,12.3,14.395,56,12.998,3,20,23
16017,4,1,11,1,0,1,1,2,12.3,15.15,56,11.0014,0,8,8
16018,4,1,11,1,0,1,1,2,12.3,15.15,56,11.0014,2,4,6
16019,4,1,11,1,0,1,1,2,12.3,14.395,56,15.0013,1,3,4
16020,4,1,11,1,0,1,1,2,12.3,14.395,52,16.9979,5,11,16
16021,4,1,11,1,0,1,1,2,12.3,13.635,52,22.0028,1,38,39
16022,4,1,11,1,0,1,1,2,12.3,14.395,49,19.0012,4,135,139
16023,4,1,11,2,0,1,1,2,12.3,14.395,49,16.9979,8,453,461
16024,4,1,11,2,0,1,1,2,12.3,14.395,49,15.0013,19,629,648
16025,4,1,11,2,0,1,1,2,12.3,14.395,52,19.0012,18,239,257
16026,4,1,11,3,0,1,1,1,13.12,15.15,49,19.0012,30,112,142
16027,4,1,11,3,0,1,1,1,13.94,15.91,46,15.0013,31,119,150
16028,4,1,11,3,0,1,1,1,14.76,16.665,43,22.0028,38,206,244
16029,4,1,11,3,0,1,1,1,14.76,16.665,40,16.9979,39,183,222
16030,4,1,11,3,0,1,1,1,15.58,19.695,40,11.0014,31,165,196
16031,4,1,11,3,0,1,1,1,15.58,19.695,40,19.0012,24,207,231
16032,4,1,11,3,0,1,1,1,14.76,16.665,43,19.0012,35,325,360
16033,4,1,11,3,0,1,1,1,13.94,15.91,46,15.0013,34,604,638
16034,4,1,11,4,0,1,1,1,13.94,15.91,46,15.0013,19,523,542
16035,4,1,11,4,0,1,1,1,13.12,15.91,49,11.0014,11,361,372
16036,4,1,11,4,0,1,1,1,13.12,15.15,49,16.9979,13,228,241
16037,4,1,11,4,0,1,1,1,12.3,14.395,52,19.0012,8,144,152
16038,4,1,11,1,0,1,1,1,11.48,13.635,56,12.998,4,111,115
16039,4,1,11,1,0,1,1,1,10.66,13.635,60,8.9981,0,53,53
16040,4,1,11,1,0,2,1,1,9.84,12.88,60,7.0015,1,18,19
16041,4,1,11,1,0,2,1,1,9.84,12.12,60,11.0014,0,8,8
16042,4,1,11,1,0,2,1,1,9.84,12.88,65,6.0032,0,2,2
16043,4,1,11,1,0,2,1,1,9.02,12.12,64,7.0015,0,4,4
16044,4,1,11,1,0,2,1,1,9.02,12.88,69,6.0032,0,7,7
16045,4,1,11,1,0,2,1,2,9.02,11.365,64,12.998,1,40,41
16046,4,1,11,1,0,2,1,1,9.02,11.365,69,8.9981,6,143,149
16047,4,1,11,2,0,2,1,1,8.2,10.605,69,11.0014,9,378,387
16048,4,1,11,2,0,2,1,1,9.02,11.365,69,11.0014,20,568,588
16049,4,1,11,2,0,2,1,1,10.66,12.88,60,11.0014,25,338,363
16050,4,1,11,3,0,2,1,1,12.3,14.395,49,12.998,41,189,230
16051,4,1,11,3,0,2,1,1,13.12,16.665,45,8.9981,39,177,216
16052,4,1,11,3,0,2,1,1,13.12,16.665,45,8.9981,31,217,248
16053,4,1,11,3,0,2,1,1,13.94,16.665,46,8.9981,46,232,278
16054,4,1,11,3,0,2,1,1,14.76,18.18,40,7.0015,44,196,240
16055,4,1,11,3,0,2,1,1,13.94,15.91,46,16.9979,45,227,272
16056,4,1,11,3,0,2,1,1,13.94,16.665,46,11.0014,33,369,402
16057,4,1,11,3,0,2,1,1,13.12,15.15,53,15.0013,30,597,627
16058,4,1,11,4,0,2,1,1,13.12,15.15,57,19.9995,20,477,497
16059,4,1,11,4,0,2,1,1,12.3,14.395,56,15.0013,15,356,371
16060,4,1,11,4,0,2,1,1,12.3,14.395,61,15.0013,10,218,228
16061,4,1,11,4,0,2,1,2,12.3,14.395,56,16.9979,14,137,151
16062,4,1,11,1,0,2,1,2,12.3,14.395,56,15.0013,17,136,153
16063,4,1,11,1,0,2,1,1,12.3,14.395,56,15.0013,19,186,205
16064,4,1,11,1,0,3,1,2,12.3,14.395,56,19.0012,49,234,283
16065,4,1,11,1,0,3,1,2,11.48,13.635,61,16.9979,6,86,92
16066,4,1,11,1,0,3,1,2,11.48,12.88,56,19.9995,6,68,74
16067,4,1,11,1,0,3,1,2,11.48,12.88,52,22.0028,2,9,11
16068,4,1,11,1,0,3,1,2,11.48,12.88,52,19.9995,0,9,9
16069,4,1,11,1,0,3,1,2,11.48,12.88,52,22.0028,0,27,27
16070,4,1,11,1,0,3,1,2,10.66,12.12,56,19.0012,3,115,118
16071,4,1,11,2,0,3,1,2,10.66,11.365,56,19.9995,5,314,319
16072,4,1,11,2,0,3,1,2,10.66,12.12,60,19.0012,18,583,601
16073,4,1,11,2,0,3,1,2,10.66,12.12,60,19.0012,17,351,368
16074,4,1,11,3,0,3,1,2,11.48,12.88,56,19.9995,27,151,178
16075,4,1,11,3,0,3,1,2,13.12,14.395,51,23.9994,15,132,147
16076,4,1,11,3,0,3,1,2,13.12,15.15,53,19.0012,24,188,212
16077,4,1,11,3,0,3,1,2,13.12,15.15,53,16.9979,23,158,181
16078,4,1,11,3,0,3,1,2,13.12,14.395,53,23.9994,19,142,161
16079,4,1,11,3,0,3,1,2,13.12,15.15,53,19.9995,20,178,198
16080,4,1,11,3,0,3,1,2,13.12,14.395,53,23.9994,23,250,273
16081,4,1,11,3,0,3,1,2,13.12,14.395,53,26.0027,16,501,517
16082,4,1,11,4,0,3,1,2,13.12,14.395,53,23.9994,17,448,465
16083,4,1,11,4,0,3,1,2,12.3,13.635,56,19.9995,17,302,319
16084,4,1,11,4,0,3,1,2,13.12,15.15,49,22.0028,7,249,256
16085,4,1,11,4,0,3,1,2,13.12,15.15,49,19.9995,5,121,126
16086,4,1,11,1,0,3,1,3,12.3,14.395,56,16.9979,4,56,60
16087,4,1,11,1,0,3,1,3,11.48,13.635,65,15.0013,3,37,40
16088,4,1,11,1,0,4,1,3,11.48,13.635,61,15.0013,1,14,15
16089,4,1,11,1,0,4,1,3,12.3,13.635,52,23.9994,1,11,12
16090,4,1,11,1,0,4,1,2,12.3,14.395,49,15.0013,1,5,6
16091,4,1,11,1,0,4,1,2,12.3,14.395,45,19.0012,1,9,10
16092,4,1,11,1,0,4,1,2,12.3,14.395,42,15.0013,0,35,35
16093,4,1,11,1,0,4,1,1,12.3,14.395,39,15.0013,2,122,124
16094,4,1,11,2,0,4,1,1,11.48,12.88,36,26.0027,12,411,423
16095,4,1,11,2,0,4,1,1,12.3,14.395,33,19.0012,16,652,668
16096,4,1,11,2,0,4,1,1,13.12,14.395,31,23.9994,22,253,275
16097,4,1,11,3,0,4,1,1,13.12,15.15,31,22.0028,13,148,161
16098,4,1,11,3,0,4,1,1,14.76,16.665,29,26.0027,16,155,171
16099,4,1,11,3,0,4,1,1,16.4,20.455,24,32.9975,33,202,235
16100,4,1,11,3,0,4,1,1,18.04,21.97,18,27.9993,33,195,228
16101,4,1,11,3,0,4,1,1,18.04,21.97,18,27.9993,33,149,182
16102,4,1,11,3,0,4,1,1,18.04,21.97,18,27.9993,32,201,233
16103,4,1,11,3,0,4,1,1,17.22,21.21,16,26.0027,18,321,339
16104,4,1,11,3,0,4,1,1,16.4,20.455,20,19.9995,36,556,592
16105,4,1,11,4,0,4,1,1,16.4,20.455,24,27.9993,16,491,507
16106,4,1,11,4,0,4,1,1,15.58,19.695,27,23.9994,14,359,373
16107,4,1,11,4,0,4,1,1,15.58,19.695,29,31.0009,10,235,245
16108,4,1,11,4,0,4,1,1,14.76,16.665,37,26.0027,11,222,233
16109,4,1,11,1,0,4,1,1,13.94,15.15,42,19.9995,14,147,161
16110,4,1,11,1,0,4,1,1,13.94,15.15,46,23.9994,5,82,87
16111,4,1,11,1,0,5,1,1,13.94,15.15,49,22.0028,9,46,55
16112,4,1,11,1,0,5,1,1,13.12,15.15,53,19.0012,3,17,20
16113,4,1,11,1,0,5,1,1,13.12,15.15,53,16.9979,1,11,12
16114,4,1,11,1,0,5,1,1,13.12,14.395,53,27.9993,3,6,9
16115,4,1,11,1,0,5,1,1,13.12,14.395,53,23.9994,0,14,14
16116,4,1,11,1,0,5,1,1,12.3,14.395,56,12.998,2,25,27
16117,4,1,11,1,0,5,1,1,10.66,13.635,65,7.0015,5,126,131
16118,4,1,11,2,0,5,1,1,10.66,13.635,65,8.9981,9,332,341
16119,4,1,11,2,0,5,1,1,13.12,15.91,57,11.0014,25,668,693
16120,4,1,11,2,0,5,1,1,13.94,15.15,53,27.9993,23,304,327
16121,4,1,11,3,0,5,1,1,14.76,16.665,50,22.0028,34,163,197
16122,4,1,11,3,0,5,1,1,16.4,20.455,47,19.9995,66,185,251
16123,4,1,11,3,0,5,1,1,18.04,21.97,41,22.0028,48,214,262
16124,4,1,11,3,0,5,1,1,18.86,22.725,38,19.9995,62,237,299
16125,4,1,11,3,0,5,1,1,18.86,22.725,38,12.998,67,207,274
16126,4,1,11,3,0,5,1,1,18.86,22.725,36,15.0013,78,278,356
16127,4,1,11,3,0,5,1,1,18.86,22.725,38,11.0014,57,377,434
16128,4,1,11,3,0,5,1,1,17.22,21.21,44,8.9981,61,593,654
16129,4,1,11,4,0,5,1,1,17.22,21.21,44,7.0015,46,450,496
16130,4,1,11,4,0,5,1,1,13.94,17.425,71,6.0032,30,331,361
16131,4,1,11,4,0,5,1,1,14.76,17.425,66,8.9981,20,235,255
16132,4,1,11,4,0,5,1,1,13.94,18.18,76,0,23,176,199
16133,4,1,11,1,0,5,1,1,13.94,17.425,71,7.0015,17,146,163
16134,4,1,11,1,0,5,1,1,13.12,16.665,81,6.0032,20,142,162
16135,4,1,11,1,0,6,0,1,13.12,16.665,76,6.0032,16,106,122
16136,4,1,11,1,0,6,0,1,12.3,15.91,81,6.0032,8,68,76
16137,4,1,11,1,0,6,0,1,13.12,17.425,81,0,2,42,44
16138,4,1,11,1,0,6,0,1,12.3,16.665,81,0,9,11,20
16139,4,1,11,1,0,6,0,1,10.66,13.635,87,7.0015,2,4,6
16140,4,1,11,1,0,6,0,1,11.48,15.91,87,0,1,9,10
16141,4,1,11,1,0,6,0,1,9.84,12.88,93,6.0032,5,11,16
16142,4,1,11,2,0,6,0,1,10.66,13.635,87,7.0015,14,57,71
16143,4,1,11,2,0,6,0,1,13.12,17.425,76,0,16,130,146
16144,4,1,11,2,0,6,0,1,14.76,17.425,66,12.998,43,216,259
16145,4,1,11,3,0,6,0,1,16.4,20.455,58,0,86,264,350
16146,4,1,11,3,0,6,0,1,16.4,20.455,58,7.0015,143,323,466
16147,4,1,11,3,0,6,0,1,19.68,23.485,48,0,258,348,606
16148,4,1,11,3,0,6,0,1,21.32,25,39,0,268,383,651
16149,4,1,11,3,0,6,0,1,22.14,25.76,37,0,280,347,627
16150,4,1,11,3,0,6,0,1,21.32,25,45,0,216,351,567
16151,4,1,11,3,0,6,0,1,22.14,25.76,37,0,227,378,605
16152,4,1,11,3,0,6,0,1,20.5,24.24,45,12.998,183,318,501
16153,4,1,11,4,0,6,0,1,18.04,21.97,54,8.9981,103,256,359
16154,4,1,11,4,0,6,0,1,18.86,22.725,51,6.0032,55,228,283
16155,4,1,11,4,0,6,0,1,18.04,21.97,54,0,39,153,192
16156,4,1,11,4,0,6,0,1,16.4,20.455,66,0,51,169,220
16157,4,1,11,1,0,6,0,1,15.58,19.695,71,6.0032,39,154,193
16158,4,1,11,1,0,6,0,1,14.76,18.18,71,7.0015,26,120,146
16159,4,1,11,1,0,0,0,1,13.94,17.425,81,6.0032,14,110,124
16160,4,1,11,1,0,0,0,1,13.94,17.425,76,6.0032,26,82,108
16161,4,1,11,1,0,0,0,1,13.12,16.665,87,7.0015,12,58,70
16162,4,1,11,1,0,0,0,1,13.94,18.18,81,0,9,39,48
16163,4,1,11,1,0,0,0,1,13.12,16.665,81,7.0015,5,6,11
16164,4,1,11,1,0,0,0,1,12.3,15.15,87,8.9981,0,12,12
16165,4,1,11,1,0,0,0,1,12.3,15.91,87,6.0032,3,16,19
16166,4,1,11,2,0,0,0,1,12.3,15.91,89,6.0032,12,56,68
16167,4,1,11,2,0,0,0,1,13.12,16.665,87,7.0015,32,87,119
16168,4,1,11,2,0,0,0,1,14.76,18.94,77,0,94,179,273
16169,4,1,11,3,0,0,0,1,16.4,20.455,69,7.0015,133,272,405
16170,4,1,11,3,0,0,0,1,18.86,22.725,59,8.9981,180,324,504
16171,4,1,11,3,0,0,0,1,20.5,24.24,48,6.0032,195,390,585
16172,4,1,11,3,0,0,0,1,22.14,25.76,45,7.0015,262,424,686
16173,4,1,11,3,0,0,0,1,24.6,31.06,33,11.0014,292,362,654
16174,4,1,11,3,0,0,0,1,22.96,26.515,37,15.0013,304,420,724
16175,4,1,11,3,0,0,0,1,22.14,25.76,42,15.0013,260,393,653
16176,4,1,11,3,0,0,0,1,22.14,25.76,45,11.0014,151,342,493
16177,4,1,11,4,0,0,0,1,21.32,25,45,8.9981,102,303,405
16178,4,1,11,4,0,0,0,1,19.68,23.485,55,8.9981,69,208,277
16179,4,1,11,4,0,0,0,1,18.04,21.97,62,11.0014,54,146,200
16180,4,1,11,4,0,0,0,1,18.04,21.97,67,15.0013,44,127,171
16181,4,1,11,1,0,0,0,1,17.22,21.21,71,12.998,21,113,134
16182,4,1,11,1,0,0,0,1,17.22,21.21,71,12.998,16,93,109
16183,4,1,11,1,1,1,0,1,17.22,21.21,71,7.0015,6,43,49
16184,4,1,11,1,1,1,0,1,16.4,20.455,76,11.0014,4,26,30
16185,4,1,11,1,1,1,0,1,16.4,20.455,76,8.9981,6,14,20
16186,4,1,11,1,1,1,0,1,16.4,20.455,76,8.9981,1,3,4
16187,4,1,11,1,1,1,0,1,16.4,20.455,76,6.0032,1,3,4
16188,4,1,11,1,1,1,0,1,15.58,19.695,87,0,1,23,24
16189,4,1,11,1,1,1,0,1,15.58,19.695,87,7.0015,7,64,71
16190,4,1,11,2,1,1,0,1,16.4,20.455,87,0,16,248,264
16191,4,1,11,2,1,1,0,1,17.22,21.21,82,11.0014,50,490,540
16192,4,1,11,2,1,1,0,1,18.04,21.97,88,7.0015,60,337,397
16193,4,1,11,3,1,1,0,1,19.68,23.485,77,11.0014,82,184,266
16194,4,1,11,3,1,1,0,1,21.32,25,72,11.0014,112,255,367
16195,4,1,11,3,1,1,0,1,22.96,26.515,64,15.0013,105,314,419
16196,4,1,11,3,1,1,0,1,24.6,30.305,60,15.0013,108,312,420
16197,4,1,11,3,1,1,0,1,23.78,27.275,60,19.0012,134,310,444
16198,4,1,11,3,1,1,0,1,22.96,26.515,64,16.9979,102,280,382
16199,4,1,11,3,1,1,0,1,22.96,26.515,64,11.0014,87,347,434
16200,4,1,11,3,1,1,0,1,22.96,26.515,64,19.0012,66,530,596
16201,4,1,11,4,1,1,0,1,21.32,25,72,8.9981,65,486,551
16202,4,1,11,4,1,1,0,1,22.14,25.76,73,19.0012,30,323,353
16203,4,1,11,4,1,1,0,2,21.32,25,77,19.0012,31,273,304
16204,4,1,11,4,1,1,0,3,22.14,25.76,73,15.0013,10,145,155
16205,4,1,11,1,1,1,0,1,21.32,25,77,16.9979,12,100,112
16206,4,1,11,1,1,1,0,2,22.14,25.76,77,15.0013,1,62,63
16207,4,1,11,1,0,2,1,2,21.32,25,83,19.0012,5,18,23
16208,4,1,11,1,0,2,1,3,18.04,21.97,88,43.0006,0,5,5
16209,4,1,11,1,0,2,1,3,14.76,15.91,87,30.0026,7,4,11
16210,4,1,11,1,0,2,1,3,14.76,16.665,87,23.9994,2,3,5
16211,4,1,11,1,0,2,1,2,14.76,16.665,81,26.0027,0,9,9
16212,4,1,11,1,0,2,1,2,13.94,15.91,87,19.0012,0,18,18
16213,4,1,11,1,0,2,1,3,13.12,14.395,81,31.0009,2,48,50
16214,4,1,11,2,0,2,1,3,13.12,15.15,87,16.9979,1,106,107
16215,4,1,11,2,0,2,1,3,13.12,15.15,87,16.9979,4,207,211
16216,4,1,11,2,0,2,1,3,13.12,15.15,81,22.0028,1,109,110
16217,4,1,11,3,0,2,1,3,12.3,13.635,75,26.0027,10,84,94
16218,4,1,11,3,0,2,1,1,13.12,15.15,70,16.9979,22,133,155
16219,4,1,11,3,0,2,1,1,13.94,15.91,61,19.0012,16,180,196
16220,4,1,11,3,0,2,1,1,13.94,15.91,53,16.9979,30,188,218
16221,4,1,11,3,0,2,1,1,15.58,19.695,46,26.0027,34,169,203
16222,4,1,11,3,0,2,1,1,16.4,20.455,40,19.9995,33,184,217
16223,4,1,11,3,0,2,1,1,15.58,19.695,40,19.9995,28,282,310
16224,4,1,11,3,0,2,1,1,13.94,15.15,49,23.9994,33,575,608
16225,4,1,11,4,0,2,1,1,13.94,15.91,49,19.0012,45,514,559
16226,4,1,11,4,0,2,1,1,13.12,14.395,49,23.9994,12,344,356
16227,4,1,11,4,0,2,1,1,12.3,13.635,49,23.9994,12,211,223
16228,4,1,11,4,0,2,1,1,12.3,13.635,49,23.9994,9,178,187
16229,4,1,11,1,0,2,1,1,10.66,11.365,56,22.0028,15,120,135
16230,4,1,11,1,0,2,1,1,10.66,11.365,56,19.9995,6,78,84
16231,4,1,11,1,0,3,1,1,10.66,12.12,56,19.0012,4,20,24
16232,4,1,11,1,0,3,1,1,9.84,10.605,60,19.9995,2,10,12
16233,4,1,11,1,0,3,1,1,9.84,10.605,60,19.9995,0,1,1
16234,4,1,11,1,0,3,1,1,9.84,11.365,65,15.0013,0,5,5
16235,4,1,11,1,0,3,1,1,9.02,11.365,69,12.998,0,6,6
16236,4,1,11,1,0,3,1,1,9.02,11.365,69,12.998,0,39,39
16237,4,1,11,1,0,3,1,1,9.84,11.365,65,12.998,4,142,146
16238,4,1,11,2,0,3,1,1,9.84,10.605,65,19.0012,10,405,415
16239,4,1,11,2,0,3,1,1,11.48,12.88,56,19.9995,27,664,691
16240,4,1,11,2,0,3,1,1,12.3,13.635,52,26.0027,22,310,332
16241,4,1,11,3,0,3,1,1,13.12,14.395,45,23.9994,18,153,171
16242,4,1,11,3,0,3,1,1,13.12,15.15,49,16.9979,25,126,151
16243,4,1,11,3,0,3,1,1,13.94,16.665,46,0,40,200,240
16244,4,1,11,3,0,3,1,1,14.76,16.665,43,16.9979,32,182,214
16245,4,1,11,3,0,3,1,1,14.76,17.425,43,8.9981,20,161,181
16246,4,1,11,3,0,3,1,1,14.76,16.665,43,19.0012,32,228,260
16247,4,1,11,3,0,3,1,1,13.94,17.425,46,7.0015,31,290,321
16248,4,1,11,3,0,3,1,1,13.12,15.91,49,12.998,19,564,583
16249,4,1,11,4,0,3,1,1,13.12,15.91,53,11.0014,24,543,567
16250,4,1,11,4,0,3,1,1,12.3,15.15,52,11.0014,28,368,396
16251,4,1,11,4,0,3,1,1,12.3,15.91,52,6.0032,15,252,267
16252,4,1,11,4,0,3,1,1,12.3,16.665,56,0,5,208,213
16253,4,1,11,1,0,3,1,1,11.48,15.91,61,0,6,167,173
16254,4,1,11,1,0,3,1,1,9.84,12.12,70,8.9981,9,78,87
16255,4,1,11,1,0,4,1,2,10.66,15.15,65,0,1,33,34
16256,4,1,11,1,0,4,1,2,10.66,13.635,65,7.0015,2,14,16
16257,4,1,11,1,0,4,1,2,10.66,12.88,70,11.0014,0,7,7
16258,4,1,11,1,0,4,1,2,10.66,14.395,70,6.0032,0,2,2
16259,4,1,11,1,0,4,1,2,11.48,14.395,65,8.9981,0,5,5
16260,4,1,11,1,0,4,1,2,12.3,14.395,61,15.0013,3,34,37
16261,4,1,11,1,0,4,1,2,12.3,14.395,65,16.9979,1,146,147
16262,4,1,11,2,0,4,1,2,12.3,14.395,65,12.998,7,403,410
16263,4,1,11,2,0,4,1,2,12.3,14.395,61,15.0013,21,625,646
16264,4,1,11,2,0,4,1,2,13.12,15.91,61,12.998,17,306,323
16265,4,1,11,3,0,4,1,2,13.12,16.665,66,8.9981,11,142,153
16266,4,1,11,3,0,4,1,2,13.94,16.665,61,8.9981,28,138,166
16267,4,1,11,3,0,4,1,2,14.76,18.18,62,7.0015,29,184,213
16268,4,1,11,3,0,4,1,2,15.58,19.695,54,7.0015,20,197,217
16269,4,1,11,3,0,4,1,2,15.58,19.695,54,11.0014,27,174,201
16270,4,1,11,3,0,4,1,2,15.58,19.695,58,11.0014,26,191,217
16271,4,1,11,3,0,4,1,2,14.76,17.425,57,12.998,24,318,342
16272,4,1,11,3,0,4,1,2,14.76,17.425,57,15.0013,22,541,563
16273,4,1,11,4,0,4,1,2,14.76,17.425,57,12.998,10,563,573
16274,4,1,11,4,0,4,1,2,13.94,16.665,61,8.9981,11,375,386
16275,4,1,11,4,0,4,1,1,13.94,17.425,61,7.0015,23,262,285
16276,4,1,11,4,0,4,1,2,13.12,16.665,66,7.0015,20,204,224
16277,4,1,11,1,0,4,1,2,13.12,15.91,66,11.0014,10,143,153
16278,4,1,11,1,0,4,1,2,13.12,15.91,61,11.0014,7,118,125
16279,4,1,11,1,0,5,1,2,13.12,16.665,66,7.0015,7,58,65
16280,4,1,11,1,0,5,1,2,12.3,15.91,65,6.0032,5,16,21
16281,4,1,11,1,0,5,1,2,12.3,15.15,70,11.0014,0,9,9
16282,4,1,11,1,0,5,1,2,12.3,15.15,65,8.9981,0,6,6
16283,4,1,11,1,0,5,1,2,12.3,15.91,65,7.0015,0,5,5
16284,4,1,11,1,0,5,1,2,12.3,15.91,65,6.0032,2,34,36
16285,4,1,11,1,0,5,1,2,12.3,15.91,61,6.0032,4,126,130
16286,4,1,11,2,0,5,1,2,12.3,15.15,61,11.0014,5,362,367
16287,4,1,11,2,0,5,1,2,13.12,16.665,57,8.9981,17,694,711
16288,4,1,11,2,0,5,1,1,13.94,17.425,53,7.0015,21,330,351
16289,4,1,11,3,0,5,1,1,13.94,16.665,53,12.998,33,165,198
16290,4,1,11,3,0,5,1,1,15.58,19.695,43,15.0013,33,185,218
16291,4,1,11,3,0,5,1,1,16.4,20.455,43,19.0012,28,262,290
16292,4,1,11,3,0,5,1,1,17.22,21.21,38,12.998,52,226,278
16293,4,1,11,3,0,5,1,1,17.22,21.21,35,7.0015,47,204,251
16294,4,1,11,3,0,5,1,1,17.22,21.21,38,8.9981,30,237,267
16295,4,1,11,3,0,5,1,1,17.22,21.21,35,19.0012,33,350,383
16296,4,1,11,3,0,5,1,1,14.76,17.425,46,12.998,41,539,580
16297,4,1,11,4,0,5,1,1,13.94,16.665,53,11.0014,22,483,505
16298,4,1,11,4,0,5,1,1,14.76,17.425,46,15.0013,26,306,332
16299,4,1,11,4,0,5,1,1,14.76,16.665,46,16.9979,20,207,227
16300,4,1,11,4,0,5,1,1,13.94,16.665,49,12.998,21,157,178
16301,4,1,11,1,0,5,1,1,13.12,15.15,53,16.9979,23,139,162
16302,4,1,11,1,0,5,1,1,13.12,15.15,53,15.0013,14,114,128
16303,4,1,11,1,0,6,0,1,12.3,15.15,52,11.0014,11,95,106
16304,4,1,11,1,0,6,0,1,10.66,12.88,60,12.998,13,74,87
16305,4,1,11,1,0,6,0,1,10.66,12.88,65,12.998,8,41,49
16306,4,1,11,1,0,6,0,1,10.66,12.88,65,12.998,2,19,21
16307,4,1,11,1,0,6,0,1,9.84,11.365,70,12.998,1,6,7
16308,4,1,11,1,0,6,0,1,9.84,12.12,70,11.0014,1,10,11
16309,4,1,11,1,0,6,0,1,9.84,11.365,70,15.0013,0,21,21
16310,4,1,11,2,0,6,0,1,9.84,11.365,70,12.998,8,70,78
16311,4,1,11,2,0,6,0,1,10.66,12.88,65,15.0013,30,138,168
16312,4,1,11,2,0,6,0,1,13.94,15.91,49,15.0013,48,200,248
16313,4,1,11,3,0,6,0,1,14.76,16.665,46,16.9979,62,258,320
16314,4,1,11,3,0,6,0,1,15.58,19.695,43,12.998,80,343,423
16315,4,1,11,3,0,6,0,1,16.4,20.455,40,11.0014,117,359,476
16316,4,1,11,3,0,6,0,1,17.22,21.21,38,16.9979,179,346,525
16317,4,1,11,3,0,6,0,1,17.22,21.21,38,12.998,175,380,555
16318,4,1,11,3,0,6,0,1,17.22,21.21,35,19.9995,175,374,549
16319,4,1,11,3,0,6,0,1,16.4,20.455,40,15.0013,144,325,469
16320,4,1,11,3,0,6,0,1,15.58,19.695,40,11.0014,101,302,403
16321,4,1,11,4,0,6,0,1,14.76,18.18,50,7.0015,34,237,271
16322,4,1,11,4,0,6,0,1,13.94,17.425,53,6.0032,45,208,253
16323,4,1,11,4,0,6,0,2,13.94,17.425,66,6.0032,30,142,172
16324,4,1,11,4,0,6,0,2,13.12,16.665,57,7.0015,15,124,139
16325,4,1,11,1,0,6,0,2,13.12,16.665,57,7.0015,15,130,145
16326,4,1,11,1,0,6,0,2,12.3,15.91,70,7.0015,19,114,133
16327,4,1,11,1,0,0,0,2,12.3,15.15,70,11.0014,11,118,129
16328,4,1,11,1,0,0,0,1,12.3,14.395,70,12.998,14,81,95
16329,4,1,11,1,0,0,0,1,11.48,14.395,81,7.0015,8,65,73
16330,4,1,11,1,0,0,0,2,12.3,15.15,81,11.0014,9,37,46
16331,4,1,11,1,0,0,0,2,12.3,14.395,81,12.998,4,8,12
16332,4,1,11,1,0,0,0,1,11.48,14.395,81,8.9981,5,7,12
16333,4,1,11,1,0,0,0,1,11.48,13.635,81,11.0014,2,13,15
16334,4,1,11,2,0,0,0,1,11.48,13.635,81,12.998,3,39,42
16335,4,1,11,2,0,0,0,1,12.3,14.395,75,16.9979,19,100,119
16336,4,1,11,2,0,0,0,1,13.12,15.15,70,16.9979,49,155,204
16337,4,1,11,3,0,0,0,1,13.94,15.15,66,19.9995,79,250,329
16338,4,1,11,3,0,0,0,1,15.58,19.695,62,19.0012,92,267,359
16339,4,1,11,3,0,0,0,1,16.4,20.455,62,19.0012,101,341,442
16340,4,1,11,3,0,0,0,1,16.4,20.455,62,22.0028,113,334,447
16341,4,1,11,3,0,0,0,1,16.4,20.455,62,19.9995,125,303,428
16342,4,1,11,3,0,0,0,1,17.22,21.21,54,19.0012,89,318,407
16343,4,1,11,3,0,0,0,2,16.4,20.455,62,22.0028,59,313,372
16344,4,1,11,3,0,0,0,2,15.58,19.695,66,16.9979,48,232,280
16345,4,1,11,4,0,0,0,1,14.76,17.425,66,15.0013,36,240,276
16346,4,1,11,4,0,0,0,1,14.76,17.425,66,11.0014,16,194,210
16347,4,1,11,4,0,0,0,1,14.76,17.425,66,11.0014,9,120,129
16348,4,1,11,4,0,0,0,1,14.76,16.665,66,16.9979,17,93,110
16349,4,1,11,1,0,0,0,2,14.76,16.665,66,16.9979,8,66,74
16350,4,1,11,1,0,0,0,1,14.76,17.425,66,15.0013,6,53,59
16351,4,1,11,1,0,1,1,1,14.76,17.425,66,15.0013,5,22,27
16352,4,1,11,1,0,1,1,2,14.76,17.425,66,15.0013,0,19,19
16353,4,1,11,1,0,1,1,2,14.76,16.665,66,16.9979,0,5,5
16354,4,1,11,1,0,1,1,2,14.76,17.425,66,15.0013,0,2,2
16355,4,1,11,1,0,1,1,2,14.76,17.425,66,15.0013,1,11,12
16356,4,1,11,1,0,1,1,2,14.76,17.425,66,15.0013,1,38,39
16357,4,1,11,1,0,1,1,2,14.76,16.665,66,16.9979,3,128,131
16358,4,1,11,2,0,1,1,2,14.76,16.665,66,19.9995,5,381,386
16359,4,1,11,2,0,1,1,2,14.76,16.665,66,19.9995,13,650,663
16360,4,1,11,2,0,1,1,2,14.76,16.665,66,16.9979,18,260,278
16361,4,1,11,3,0,1,1,2,14.76,16.665,66,16.9979,33,106,139
16362,4,1,11,3,0,1,1,2,15.58,19.695,66,16.9979,33,164,197
16363,4,1,11,3,0,1,1,2,16.4,20.455,62,19.0012,35,207,242
16364,4,1,11,3,0,1,1,1,18.04,21.97,54,16.9979,46,205,251
16365,4,1,11,3,0,1,1,1,18.04,21.97,54,16.9979,47,170,217
16366,4,1,11,3,0,1,1,1,18.04,21.97,54,12.998,44,213,257
16367,4,1,11,3,0,1,1,1,17.22,21.21,58,16.9979,55,325,380
16368,4,1,11,3,0,1,1,2,17.22,21.21,58,12.998,33,586,619
16369,4,1,11,4,0,1,1,2,16.4,20.455,58,16.9979,21,559,580
16370,4,1,11,4,0,1,1,2,16.4,20.455,58,19.0012,25,381,406
16371,4,1,11,4,0,1,1,2,15.58,19.695,62,16.9979,7,252,259
16372,4,1,11,4,0,1,1,2,15.58,19.695,54,15.0013,15,188,203
16373,4,1,11,1,0,1,1,1,13.94,17.425,66,7.0015,7,106,113
16374,4,1,11,1,0,1,1,1,13.94,17.425,66,7.0015,2,72,74
16375,4,1,11,1,0,2,1,1,13.12,16.665,70,8.9981,3,26,29
16376,4,1,11,1,0,2,1,1,13.94,17.425,66,7.0015,3,10,13
16377,4,1,11,1,0,2,1,2,13.12,16.665,76,6.0032,0,5,5
16378,4,1,11,1,0,2,1,2,13.94,17.425,71,7.0015,0,2,2
16379,4,1,11,1,0,2,1,2,13.94,16.665,66,12.998,0,6,6
16380,4,1,11,1,0,2,1,2,13.94,16.665,66,8.9981,2,32,34
16381,4,1,11,1,0,2,1,2,13.94,16.665,71,11.0014,2,146,148
16382,4,1,11,2,0,2,1,1,13.12,16.665,76,6.0032,7,411,418
16383,4,1,11,2,0,2,1,1,13.94,16.665,71,8.9981,16,649,665
16384,4,1,11,2,0,2,1,2,14.76,18.94,71,0,28,298,326
16385,4,1,11,3,0,2,1,2,16.4,20.455,66,6.0032,32,144,176
16386,4,1,11,3,0,2,1,2,17.22,21.21,67,6.0032,45,160,205
16387,4,1,11,3,0,2,1,2,17.22,21.21,67,0,70,243,313
16388,4,1,11,3,0,2,1,2,18.04,21.97,58,0,49,218,267
16389,4,1,11,3,0,2,1,2,18.04,21.97,58,7.0015,47,177,224
16390,4,1,11,3,0,2,1,2,18.86,22.725,55,7.0015,61,226,287
16391,4,1,11,3,0,2,1,2,17.22,21.21,62,6.0032,60,335,395
16392,4,1,11,3,0,2,1,2,16.4,20.455,71,11.0014,37,553,590
16393,4,1,11,4,0,2,1,2,16.4,20.455,66,6.0032,16,534,550
16394,4,1,11,4,0,2,1,2,16.4,20.455,71,0,23,361,384
16395,4,1,11,4,0,2,1,2,15.58,19.695,76,0,11,224,235
16396,4,1,11,4,0,2,1,1,14.76,18.94,71,0,14,143,157
16397,4,1,11,1,0,2,1,1,14.76,18.94,71,0,7,115,122
16398,4,1,11,1,0,2,1,1,13.12,16.665,81,7.0015,1,82,83
16399,4,1,11,1,0,3,1,1,13.94,18.18,81,0,1,25,26
16400,4,1,11,1,0,3,1,1,13.12,16.665,81,7.0015,1,13,14
16401,4,1,11,1,0,3,1,1,11.48,14.395,87,7.0015,2,6,8
16402,4,1,11,1,0,3,1,1,11.48,14.395,87,7.0015,0,2,2
16403,4,1,11,1,0,3,1,1,11.48,14.395,87,7.0015,0,10,10
16404,4,1,11,1,0,3,1,1,11.48,14.395,87,7.0015,1,28,29
16405,4,1,11,1,0,3,1,1,11.48,15.15,87,6.0032,2,99,101
16406,4,1,11,2,0,3,1,1,10.66,14.395,87,6.0032,11,262,273
16407,4,1,11,2,0,3,1,2,11.48,15.15,81,6.0032,12,539,551
16408,4,1,11,2,0,3,1,1,13.12,16.665,76,6.0032,45,320,365
16409,4,1,11,3,0,3,1,1,14.76,18.94,62,0,22,150,172
16410,4,1,11,3,0,3,1,1,16.4,20.455,50,12.998,43,198,241
16411,4,1,11,3,0,3,1,1,18.04,21.97,41,12.998,74,270,344
16412,4,1,11,3,0,3,1,1,18.04,21.97,35,15.0013,70,295,365
16413,4,1,11,3,0,3,1,1,18.86,22.725,33,12.998,84,329,413
16414,4,1,11,3,0,3,1,1,18.86,22.725,36,6.0032,68,381,449
16415,4,1,11,3,0,3,1,1,18.04,21.97,33,8.9981,59,410,469
16416,4,1,11,3,0,3,1,1,16.4,20.455,40,11.0014,41,333,374
16417,4,1,11,4,0,3,1,1,17.22,21.21,38,7.0015,24,287,311
16418,4,1,11,4,0,3,1,1,15.58,19.695,43,12.998,23,220,243
16419,4,1,11,4,0,3,1,1,13.94,17.425,61,7.0015,11,125,136
16420,4,1,11,4,0,3,1,1,14.76,18.94,50,0,8,97,105
16421,4,1,11,1,0,3,1,1,13.94,18.18,49,0,6,82,88
16422,4,1,11,1,0,3,1,1,13.12,17.425,61,0,7,50,57
16423,4,1,11,1,1,4,0,1,13.12,16.665,66,6.0032,3,43,46
16424,4,1,11,1,1,4,0,1,11.48,15.15,65,6.0032,5,37,42
16425,4,1,11,1,1,4,0,1,9.84,12.88,75,6.0032,3,15,18
16426,4,1,11,1,1,4,0,1,9.84,12.88,75,7.0015,0,6,6
16427,4,1,11,1,1,4,0,1,9.02,11.365,80,8.9981,1,2,3
16428,4,1,11,1,1,4,0,1,9.84,12.88,75,7.0015,2,6,8
16429,4,1,11,1,1,4,0,1,10.66,13.635,70,7.0015,2,15,17
16430,4,1,11,2,1,4,0,1,9.02,11.365,75,8.9981,7,49,56
16431,4,1,11,2,1,4,0,1,9.84,12.12,75,8.9981,20,77,97
16432,4,1,11,2,1,4,0,1,12.3,16.665,65,0,25,94,119
16433,4,1,11,3,1,4,0,1,14.76,18.18,57,7.0015,65,154,219
16434,4,1,11,3,1,4,0,1,17.22,21.21,41,6.0032,89,143,232
16435,4,1,11,3,1,4,0,1,18.04,21.97,35,0,117,145,262
16436,4,1,11,3,1,4,0,1,18.86,22.725,31,0,125,144,269
16437,4,1,11,3,1,4,0,1,19.68,23.485,29,0,125,95,220
16438,4,1,11,3,1,4,0,1,19.68,23.485,29,0,132,96,228
16439,4,1,11,3,1,4,0,1,18.86,22.725,33,0,101,81,182
16440,4,1,11,3,1,4,0,1,18.04,21.97,35,0,66,43,109
16441,4,1,11,4,1,4,0,1,16.4,20.455,43,0,16,54,70
16442,4,1,11,4,1,4,0,1,14.76,18.94,76,0,13,31,44
16443,4,1,11,4,1,4,0,1,13.94,18.18,71,0,15,37,52
16444,4,1,11,4,1,4,0,1,13.94,17.425,61,6.0032,7,39,46
16445,4,1,11,1,1,4,0,1,13.12,17.425,61,0,8,36,44
16446,4,1,11,1,1,4,0,1,12.3,16.665,70,0,8,28,36
16447,4,1,11,1,0,5,1,1,11.48,15.91,65,0,0,32,32
16448,4,1,11,1,0,5,1,1,11.48,15.15,81,6.0032,2,11,13
16449,4,1,11,1,0,5,1,1,10.66,14.395,75,6.0032,1,4,5
16450,4,1,11,1,0,5,1,1,10.66,15.15,70,0,1,0,1
16451,4,1,11,1,0,5,1,1,9.84,12.88,75,7.0015,1,3,4
16452,4,1,11,1,0,5,1,1,9.84,14.395,81,0,0,10,10
16453,4,1,11,1,0,5,1,1,9.84,14.395,81,0,0,20,20
16454,4,1,11,2,0,5,1,1,9.84,14.395,81,0,5,72,77
16455,4,1,11,2,0,5,1,1,9.84,12.88,87,6.0032,11,83,94
16456,4,1,11,2,0,5,1,1,11.48,14.395,75,7.0015,32,80,112
16457,4,1,11,3,0,5,1,1,13.94,16.665,61,11.0014,87,114,201
16458,4,1,11,3,0,5,1,1,16.4,20.455,50,12.998,121,130,251
16459,4,1,11,3,0,5,1,1,18.04,21.97,38,16.9979,186,193,379
16460,4,1,11,3,0,5,1,1,18.86,22.725,38,19.0012,224,200,424
16461,4,1,11,3,0,5,1,1,20.5,24.24,36,16.9979,240,195,435
16462,4,1,11,3,0,5,1,1,19.68,23.485,41,16.9979,233,214,447
16463,4,1,11,3,0,5,1,2,19.68,23.485,41,7.0015,158,199,357
16464,4,1,11,3,0,5,1,2,19.68,23.485,39,6.0032,117,183,300
16465,4,1,11,4,0,5,1,2,18.86,22.725,44,0,50,158,208
16466,4,1,11,4,0,5,1,2,18.86,22.725,47,11.0014,33,121,154
16467,4,1,11,4,0,5,1,1,18.86,22.725,41,6.0032,42,100,142
16468,4,1,11,4,0,5,1,1,18.86,22.725,47,16.9979,23,75,98
16469,4,1,11,1,0,5,1,1,18.04,21.97,33,35.0008,16,63,79
16470,4,1,11,1,0,5,1,1,17.22,21.21,38,30.0026,20,47,67
16471,4,1,11,1,0,6,0,1,16.4,20.455,37,27.9993,9,33,42
16472,4,1,11,1,0,6,0,1,13.94,14.395,42,32.9975,1,19,20
16473,4,1,11,1,0,6,0,1,13.12,13.635,39,40.9973,10,22,32
16474,4,1,11,1,0,6,0,1,11.48,12.88,41,23.9994,6,5,11
16475,4,1,11,1,0,6,0,1,10.66,10.605,41,30.0026,1,2,3
16476,4,1,11,1,0,6,0,1,10.66,11.365,41,22.0028,1,2,3
16477,4,1,11,1,0,6,0,1,9.84,10.605,44,19.0012,1,9,10
16478,4,1,11,2,0,6,0,2,10.66,11.365,41,22.0028,4,21,25
16479,4,1,11,2,0,6,0,2,10.66,10.605,44,31.0009,7,55,62
16480,4,1,11,2,0,6,0,2,10.66,10.605,41,30.0026,26,96,122
16481,4,1,11,3,0,6,0,2,10.66,11.365,44,19.9995,46,96,142
16482,4,1,11,3,0,6,0,2,11.48,12.88,41,19.9995,55,131,186
16483,4,1,11,3,0,6,0,2,12.3,12.88,36,40.9973,53,146,199
16484,4,1,11,3,0,6,0,1,13.12,15.15,36,22.0028,64,161,225
16485,4,1,11,3,0,6,0,1,13.12,14.395,33,31.0009,58,149,207
16486,4,1,11,3,0,6,0,1,12.3,13.635,36,31.0009,59,139,198
16487,4,1,11,3,0,6,0,1,11.48,12.12,38,30.0026,43,127,170
16488,4,1,11,3,0,6,0,1,10.66,11.365,41,26.0027,29,97,126
16489,4,1,11,4,0,6,0,1,10.66,11.365,38,26.0027,22,123,145
16490,4,1,11,4,0,6,0,1,10.66,12.12,41,16.9979,9,74,83
16491,4,1,11,4,0,6,0,1,9.84,10.605,44,19.0012,3,55,58
16492,4,1,11,4,0,6,0,1,9.84,11.365,44,12.998,9,66,75
16493,4,1,11,1,0,6,0,1,9.84,11.365,44,16.9979,7,69,76
16494,4,1,11,1,0,6,0,1,9.84,11.365,44,12.998,9,48,57
16495,4,1,11,1,0,0,0,1,9.02,10.605,47,16.9979,3,31,34
16496,4,1,11,1,0,0,0,1,9.02,11.365,44,12.998,4,32,36
16497,4,1,11,1,0,0,0,1,9.02,9.85,44,23.9994,1,27,28
16498,4,1,11,1,0,0,0,1,9.02,13.635,44,0,0,8,8
16499,4,1,11,1,0,0,0,1,9.02,13.635,44,0,1,1,2
16500,4,1,11,1,0,0,0,2,9.02,11.365,47,11.0014,0,3,3
16501,4,1,11,1,0,0,0,2,9.02,12.12,47,7.0015,1,10,11
16502,4,1,11,2,0,0,0,2,9.02,12.12,51,7.0015,2,19,21
16503,4,1,11,2,0,0,0,2,9.02,11.365,51,12.998,2,32,34
16504,4,1,11,2,0,0,0,2,9.84,11.365,48,15.0013,13,83,96
16505,4,1,11,3,0,0,0,1,9.84,11.365,48,16.9979,15,124,139
16506,4,1,11,3,0,0,0,2,10.66,12.88,41,15.0013,49,155,204
16507,4,1,11,3,0,0,0,2,10.66,12.88,41,15.0013,37,165,202
16508,4,1,11,3,0,0,0,2,10.66,12.88,41,11.0014,37,158,195
16509,4,1,11,3,0,0,0,2,12.3,14.395,42,16.9979,33,170,203
16510,4,1,11,3,0,0,0,1,12.3,14.395,42,16.9979,36,209,245
16511,4,1,11,3,0,0,0,1,12.3,14.395,39,15.0013,25,203,228
16512,4,1,11,3,0,0,0,1,11.48,13.635,41,11.0014,11,170,181
16513,4,1,11,4,0,0,0,1,10.66,12.88,44,11.0014,9,132,141
16514,4,1,11,4,0,0,0,1,10.66,15.15,41,0,13,114,127
16515,4,1,11,4,0,0,0,1,9.84,14.395,60,0,9,110,119
16516,4,1,11,4,0,0,0,1,10.66,15.15,48,0,4,60,64
16517,4,1,11,1,0,0,0,1,9.84,14.395,60,0,3,59,62
16518,4,1,11,1,0,0,0,1,9.02,12.88,69,6.0032,1,40,41
16519,4,1,11,1,0,1,1,1,9.02,13.635,69,0,4,19,23
16520,4,1,11,1,0,1,1,1,8.2,12.88,69,0,1,9,10
16521,4,1,11,1,0,1,1,1,8.2,12.88,69,0,0,5,5
16522,4,1,11,1,0,1,1,1,8.2,12.88,69,0,1,4,5
16523,4,1,11,1,0,1,1,1,9.02,13.635,69,0,0,10,10
16524,4,1,11,1,0,1,1,1,9.02,11.365,69,11.0014,0,41,41
16525,4,1,11,1,0,1,1,1,9.02,13.635,69,0,1,123,124
16526,4,1,11,2,0,1,1,1,9.84,14.395,65,0,2,363,365
16527,4,1,11,2,0,1,1,1,9.84,14.395,65,0,9,629,638
16528,4,1,11,2,0,1,1,1,11.48,15.15,56,6.0032,10,276,286
16529,4,1,11,3,0,1,1,1,13.12,17.425,49,0,20,127,147
16530,4,1,11,3,0,1,1,1,16.4,20.455,37,19.9995,18,112,130
16531,4,1,11,3,0,1,1,1,17.22,21.21,35,7.0015,22,188,210
16532,4,1,11,3,0,1,1,1,17.22,21.21,35,7.0015,20,197,217
16533,4,1,11,3,0,1,1,1,17.22,21.21,35,0,51,177,228
16534,4,1,11,3,0,1,1,1,17.22,21.21,35,6.0032,49,181,230
16535,4,1,11,3,0,1,1,1,18.04,21.97,30,0,49,297,346
16536,4,1,11,3,0,1,1,1,17.22,21.21,32,0,13,540,553
16537,4,1,11,4,0,1,1,1,14.76,17.425,50,11.0014,19,502,521
16538,4,1,11,4,0,1,1,1,13.94,18.18,53,0,16,355,371
16539,4,1,11,4,0,1,1,1,13.94,18.18,49,0,12,265,277
16540,4,1,11,4,0,1,1,1,13.94,18.18,49,0,9,172,181
16541,4,1,11,1,0,1,1,1,13.12,17.425,61,0,3,101,104
16542,4,1,11,1,0,1,1,2,13.12,16.665,66,7.0015,8,57,65
16543,4,1,11,1,0,2,1,2,13.12,16.665,66,6.0032,2,24,26
16544,4,1,11,1,0,2,1,2,13.12,16.665,70,8.9981,0,6,6
16545,4,1,11,1,0,2,1,2,13.12,15.91,70,11.0014,0,5,5
16546,4,1,11,1,0,2,1,3,13.12,16.665,70,8.9981,1,3,4
16547,4,1,11,1,0,2,1,3,12.3,14.395,81,12.998,0,5,5
16548,4,1,11,1,0,2,1,2,12.3,14.395,81,15.0013,0,31,31
16549,4,1,11,1,0,2,1,2,12.3,15.15,81,11.0014,3,97,100
16550,4,1,11,2,0,2,1,3,12.3,15.15,81,8.9981,4,289,293
16551,4,1,11,2,0,2,1,3,13.12,15.91,81,11.0014,6,494,500
16552,4,1,11,2,0,2,1,2,13.12,16.665,81,8.9981,11,257,268
16553,4,1,11,3,0,2,1,3,13.12,15.91,81,12.998,5,52,57
16554,4,1,11,3,0,2,1,3,12.3,13.635,87,19.9995,6,59,65
16555,4,1,11,3,0,2,1,3,11.48,12.88,87,26.0027,6,70,76
16556,4,1,11,3,0,2,1,3,11.48,13.635,87,16.9979,4,73,77
16557,4,1,11,3,0,2,1,3,11.48,12.88,87,23.9994,8,86,94
16558,4,1,11,3,0,2,1,2,12.3,13.635,75,19.9995,9,146,155
16559,4,1,11,3,0,2,1,2,12.3,13.635,75,19.9995,5,252,257
16560,4,1,11,3,0,2,1,2,12.3,13.635,75,26.0027,13,514,527
16561,4,1,11,4,0,2,1,1,10.66,11.365,81,23.9994,13,469,482
16562,4,1,11,4,0,2,1,1,10.66,12.88,73,19.9995,12,338,350
16563,4,1,11,4,0,2,1,1,10.66,11.365,75,22.0028,4,228,232
16564,4,1,11,4,0,2,1,1,9.84,10.605,81,19.0012,6,179,185
16565,4,1,11,1,0,2,1,1,9.84,12.12,81,11.0014,2,95,97
16566,4,1,11,1,0,2,1,2,10.66,12.12,81,16.9979,3,64,67
16567,4,1,11,1,0,3,1,2,10.66,12.12,75,16.9979,1,22,23
16568,4,1,11,1,0,3,1,2,10.66,12.88,75,15.0013,0,12,12
16569,4,1,11,1,0,3,1,2,10.66,12.88,75,15.0013,0,1,1
16570,4,1,11,1,0,3,1,2,10.66,12.88,70,15.0013,0,3,3
16571,4,1,11,1,0,3,1,2,10.66,12.88,70,12.998,0,4,4
16572,4,1,11,1,0,3,1,2,10.66,13.635,70,8.9981,0,39,39
16573,4,1,11,1,0,3,1,2,10.66,12.88,65,15.0013,4,132,136
16574,4,1,11,2,0,3,1,2,10.66,12.88,56,12.998,6,403,409
16575,4,1,11,2,0,3,1,1,9.84,10.605,60,19.0012,9,683,692
16576,4,1,11,2,0,3,1,1,11.48,13.635,52,12.998,13,309,322
16577,4,1,11,3,0,3,1,1,12.3,15.91,49,7.0015,17,144,161
16578,4,1,11,3,0,3,1,1,13.12,15.91,45,11.0014,19,127,146
16579,4,1,11,3,0,3,1,1,13.94,15.15,42,26.0027,19,189,208
16580,4,1,11,3,0,3,1,1,13.94,16.665,42,12.998,21,193,214
16581,4,1,11,3,0,3,1,1,14.76,16.665,40,19.9995,15,161,176
16582,4,1,11,3,0,3,1,1,14.76,16.665,32,22.0028,7,172,179
16583,4,1,11,3,0,3,1,1,14.76,16.665,29,16.9979,9,316,325
16584,4,1,11,3,0,3,1,1,13.94,16.665,31,8.9981,17,546,563
16585,4,1,11,4,0,3,1,1,13.12,15.15,33,19.0012,12,530,542
16586,4,1,11,4,0,3,1,1,13.12,15.91,36,11.0014,9,378,387
16587,4,1,11,4,0,3,1,1,13.12,16.665,36,8.9981,5,258,263
16588,4,1,11,4,0,3,1,1,12.3,15.15,39,11.0014,4,219,223
16589,4,1,11,1,0,3,1,1,11.48,13.635,45,11.0014,6,148,154
16590,4,1,11,1,0,3,1,1,10.66,13.635,48,8.9981,5,73,78
16591,4,1,11,1,0,4,1,1,9.84,12.88,56,6.0032,4,25,29
16592,4,1,11,1,0,4,1,1,9.02,12.88,64,6.0032,1,15,16
16593,4,1,11,1,0,4,1,1,9.02,13.635,64,0,1,6,7
16594,4,1,11,1,0,4,1,1,8.2,11.365,75,6.0032,0,7,7
16595,4,1,11,1,0,4,1,1,8.2,12.88,69,0,0,42,42
16596,4,1,11,1,0,4,1,1,9.02,13.635,69,0,1,120,121
16597,4,1,11,2,0,4,1,1,8.2,12.88,64,0,8,354,362
16598,4,1,11,2,0,4,1,1,8.2,11.365,69,7.0015,15,664,679
16599,4,1,11,2,0,4,1,1,9.84,14.395,60,0,13,286,299
16600,4,1,11,3,0,4,1,1,11.48,15.15,65,6.0032,25,153,178
16601,4,1,11,3,0,4,1,1,14.76,17.425,37,15.0013,13,150,163
16602,4,1,11,3,0,4,1,1,14.76,17.425,40,11.0014,11,225,236
16603,4,1,11,3,0,4,1,1,15.58,19.695,32,8.9981,15,209,224
16604,4,1,11,3,0,4,1,1,14.76,17.425,43,15.0013,13,174,187
16605,4,1,11,3,0,4,1,1,14.76,16.665,43,19.0012,19,201,220
16606,4,1,11,3,0,4,1,1,14.76,17.425,40,15.0013,24,346,370
16607,4,1,11,3,0,4,1,1,13.94,16.665,39,12.998,17,544,561
16608,4,1,11,4,0,4,1,1,13.12,15.91,49,11.0014,17,520,537
16609,4,1,11,4,0,4,1,1,12.3,14.395,52,12.998,18,326,344
16610,4,1,11,4,0,4,1,1,12.3,15.15,52,11.0014,11,241,252
16611,4,1,11,4,0,4,1,1,10.66,13.635,65,8.9981,7,201,208
16612,4,1,11,1,0,4,1,1,10.66,14.395,70,6.0032,4,147,151
16613,4,1,11,1,0,4,1,1,11.48,15.91,61,0,6,124,130
16614,4,1,11,1,0,5,1,1,10.66,12.88,70,11.0014,4,48,52
16615,4,1,11,1,0,5,1,1,9.84,12.88,70,6.0032,2,17,19
16616,4,1,11,1,0,5,1,1,9.84,14.395,75,0,2,10,12
16617,4,1,11,1,0,5,1,1,9.84,14.395,75,0,0,4,4
16618,4,1,11,1,0,5,1,1,9.02,13.635,75,0,0,3,3
16619,4,1,11,1,0,5,1,1,8.2,12.88,80,0,1,39,40
16620,4,1,11,1,0,5,1,1,8.2,12.88,86,0,2,104,106
16621,4,1,11,2,0,5,1,1,9.02,13.635,80,0,6,346,352
16622,4,1,11,2,0,5,1,2,9.02,12.88,80,6.0032,20,709,729
16623,4,1,11,2,0,5,1,1,9.84,12.88,75,6.0032,17,313,330
16624,4,1,11,3,0,5,1,2,12.3,16.665,65,0,10,159,169
16625,4,1,11,3,0,5,1,2,13.94,17.425,53,6.0032,31,170,201
16626,4,1,11,3,0,5,1,2,15.58,19.695,46,0,25,243,268
16627,4,1,11,3,0,5,1,2,16.4,20.455,40,11.0014,21,241,262
16628,4,1,11,3,0,5,1,2,16.4,20.455,40,7.0015,26,225,251
16629,4,1,11,3,0,5,1,2,17.22,21.21,38,7.0015,34,262,296
16630,4,1,11,3,0,5,1,1,16.4,20.455,43,8.9981,37,368,405
16631,4,1,11,3,0,5,1,1,14.76,17.425,50,12.998,31,551,582
16632,4,1,11,4,0,5,1,2,13.94,18.18,61,0,20,489,509
16633,4,1,11,4,0,5,1,1,13.12,17.425,66,0,18,359,377
16634,4,1,11,4,0,5,1,1,13.12,17.425,66,0,12,233,245
16635,4,1,11,4,0,5,1,1,12.3,15.91,75,6.0032,14,169,183
16636,4,1,11,1,0,5,1,1,12.3,16.665,75,0,18,145,163
16637,4,1,11,1,0,5,1,2,12.3,15.91,75,6.0032,11,99,110
16638,4,1,12,1,0,6,0,1,10.66,15.15,81,0,9,99,108
16639,4,1,12,1,0,6,0,1,10.66,15.15,81,0,5,64,69
16640,4,1,12,1,0,6,0,2,10.66,15.15,81,0,3,47,50
16641,4,1,12,1,0,6,0,2,10.66,13.635,81,8.9981,1,14,15
16642,4,1,12,1,0,6,0,1,10.66,14.395,81,6.0032,0,5,5
16643,4,1,12,1,0,6,0,1,9.84,12.88,87,6.0032,1,12,13
16644,4,1,12,1,0,6,0,1,9.84,12.12,87,8.9981,7,20,27
16645,4,1,12,2,0,6,0,2,9.84,12.12,87,8.9981,7,56,63
16646,4,1,12,2,0,6,0,2,9.84,12.12,87,8.9981,11,133,144
16647,4,1,12,2,0,6,0,2,10.66,12.12,93,16.9979,34,159,193
16648,4,1,12,3,0,6,0,2,11.48,13.635,89,11.0014,45,211,256
16649,4,1,12,3,0,6,0,2,13.12,16.665,76,7.0015,74,318,392
16650,4,1,12,3,0,6,0,2,13.12,16.665,81,6.0032,119,327,446
16651,4,1,12,3,0,6,0,2,13.94,18.18,76,0,123,386,509
16652,4,1,12,3,0,6,0,2,14.76,18.94,71,0,110,369,479
16653,4,1,12,3,0,6,0,2,16.4,20.455,62,0,113,371,484
16654,4,1,12,3,0,6,0,2,15.58,19.695,66,0,89,354,443
16655,4,1,12,3,0,6,0,2,13.94,17.425,76,7.0015,50,270,320
16656,4,1,12,4,0,6,0,2,13.94,18.18,76,0,42,255,297
16657,4,1,12,4,0,6,0,2,13.12,17.425,81,0,30,219,249
16658,4,1,12,4,0,6,0,1,13.12,17.425,81,0,28,170,198
16659,4,1,12,4,0,6,0,2,12.3,16.665,87,0,23,135,158
16660,4,1,12,1,0,6,0,2,12.3,16.665,87,0,17,130,147
16661,4,1,12,1,0,6,0,2,13.12,17.425,81,0,10,116,126
16662,4,1,12,1,0,0,0,2,12.3,15.91,87,6.0032,9,108,117
16663,4,1,12,1,0,0,0,2,12.3,15.91,87,6.0032,10,84,94
16664,4,1,12,1,0,0,0,2,12.3,16.665,87,0,2,72,74
16665,4,1,12,1,0,0,0,2,10.66,15.15,93,0,4,21,25
16666,4,1,12,1,0,0,0,2,10.66,15.15,93,0,1,6,7
16667,4,1,12,1,0,0,0,2,10.66,15.15,93,0,1,7,8
16668,4,1,12,1,0,0,0,2,9.84,12.12,93,8.9981,1,15,16
16669,4,1,12,2,0,0,0,2,9.84,12.12,93,8.9981,5,26,31
16670,4,1,12,2,0,0,0,2,10.66,14.395,93,6.0032,12,81,93
16671,4,1,12,2,0,0,0,2,11.48,13.635,93,11.0014,37,135,172
16672,4,1,12,3,0,0,0,2,12.3,16.665,87,0,63,230,293
16673,4,1,12,3,0,0,0,2,13.12,15.91,81,11.0014,81,274,355
16674,4,1,12,3,0,0,0,2,13.94,16.665,81,11.0014,111,409,520
16675,4,1,12,3,0,0,0,1,16.4,20.455,71,15.0013,84,347,431
16676,4,1,12,3,0,0,0,1,18.04,21.97,62,16.9979,142,331,473
16677,4,1,12,3,0,0,0,1,18.04,21.97,67,8.9981,106,311,417
16678,4,1,12,3,0,0,0,2,18.04,21.97,67,7.0015,85,358,443
16679,4,1,12,3,0,0,0,3,16.4,20.455,76,12.998,59,244,303
16680,4,1,12,4,0,0,0,2,18.04,21.97,72,7.0015,25,178,203
16681,4,1,12,4,0,0,0,2,16.4,20.455,82,12.998,16,158,174
16682,4,1,12,4,0,0,0,2,17.22,21.21,82,12.998,12,142,154
16683,4,1,12,4,0,0,0,2,18.04,21.97,77,15.0013,8,91,99
16684,4,1,12,1,0,0,0,2,18.04,21.97,77,12.998,11,85,96
16685,4,1,12,1,0,0,0,2,17.22,21.21,82,8.9981,7,44,51
16686,4,1,12,1,0,1,1,2,17.22,21.21,82,11.0014,3,18,21
16687,4,1,12,1,0,1,1,1,16.4,20.455,82,8.9981,2,11,13
16688,4,1,12,1,0,1,1,1,17.22,21.21,77,11.0014,1,9,10
16689,4,1,12,1,0,1,1,1,15.58,19.695,87,0,2,6,8
16690,4,1,12,1,0,1,1,1,14.76,18.94,93,0,1,4,5
16691,4,1,12,1,0,1,1,1,13.94,17.425,93,6.0032,0,38,38
16692,4,1,12,1,0,1,1,1,14.76,18.94,93,0,2,136,138
16693,4,1,12,2,0,1,1,2,13.94,18.18,93,0,9,387,396
16694,4,1,12,2,0,1,1,1,14.76,18.94,93,0,19,712,731
16695,4,1,12,2,0,1,1,1,16.4,20.455,87,6.0032,19,289,308
16696,4,1,12,3,0,1,1,1,18.04,21.97,77,8.9981,31,105,136
16697,4,1,12,3,0,1,1,1,19.68,23.485,77,8.9981,51,182,233
16698,4,1,12,3,0,1,1,1,21.32,25,68,11.0014,40,228,268
16699,4,1,12,3,0,1,1,1,23.78,27.275,56,6.0032,81,240,321
16700,4,1,12,3,0,1,1,1,24.6,31.06,53,0,51,209,260
16701,4,1,12,3,0,1,1,1,24.6,31.06,56,0,58,210,268
16702,4,1,12,3,0,1,1,1,24.6,31.06,53,8.9981,45,397,442
16703,4,1,12,3,0,1,1,1,21.32,25,63,7.0015,43,665,708
16704,4,1,12,4,0,1,1,1,20.5,24.24,68,6.0032,26,666,692
16705,4,1,12,4,0,1,1,1,20.5,24.24,68,6.0032,27,444,471
16706,4,1,12,4,0,1,1,2,18.86,22.725,77,0,16,284,300
16707,4,1,12,4,0,1,1,1,18.04,21.97,82,12.998,14,207,221
16708,4,1,12,1,0,1,1,1,17.22,21.21,82,7.0015,5,139,144
16709,4,1,12,1,0,1,1,1,17.22,21.21,82,7.0015,9,93,102
16710,4,1,12,1,0,2,1,1,17.22,21.21,88,7.0015,6,49,55
16711,4,1,12,1,0,2,1,1,17.22,21.21,82,7.0015,3,22,25
16712,4,1,12,1,0,2,1,1,17.22,21.21,88,6.0032,3,5,8
16713,4,1,12,1,0,2,1,2,16.4,20.455,87,8.9981,1,3,4
16714,4,1,12,1,0,2,1,2,16.4,20.455,87,8.9981,0,7,7
16715,4,1,12,1,0,2,1,2,18.04,21.97,88,0,1,45,46
16716,4,1,12,1,0,2,1,2,14.76,18.94,93,0,3,150,153
16717,4,1,12,2,0,2,1,1,17.22,21.21,88,8.9981,7,495,502
16718,4,1,12,2,0,2,1,2,18.04,21.97,88,11.0014,21,700,721
16719,4,1,12,2,0,2,1,1,18.86,22.725,82,7.0015,19,317,336
16720,4,1,12,3,0,2,1,1,18.86,22.725,82,12.998,26,130,156
16721,4,1,12,3,0,2,1,1,19.68,23.485,77,12.998,24,183,207
16722,4,1,12,3,0,2,1,1,21.32,25,68,12.998,39,273,312
16723,4,1,12,3,0,2,1,2,22.14,25.76,64,11.0014,39,233,272
16724,4,1,12,3,0,2,1,2,23.78,27.275,56,15.0013,39,231,270
16725,4,1,12,3,0,2,1,2,24.6,31.06,49,16.9979,56,244,300
16726,4,1,12,3,0,2,1,1,23.78,27.275,49,19.0012,44,391,435
16727,4,1,12,3,0,2,1,1,21.32,25,59,15.0013,43,700,743
16728,4,1,12,4,0,2,1,1,20.5,24.24,63,15.0013,38,693,731
16729,4,1,12,4,0,2,1,1,19.68,23.485,67,15.0013,46,414,460
16730,4,1,12,4,0,2,1,2,20.5,24.24,63,15.0013,34,272,306
16731,4,1,12,4,0,2,1,2,20.5,24.24,63,16.9979,28,252,280
16732,4,1,12,1,0,2,1,2,20.5,24.24,63,19.9995,26,155,181
16733,4,1,12,1,0,2,1,1,19.68,23.485,67,16.9979,5,91,96
16734,4,1,12,1,0,3,1,1,20.5,24.24,59,19.0012,6,31,37
16735,4,1,12,1,0,3,1,1,21.32,25,55,22.0028,0,11,11
16736,4,1,12,1,0,3,1,1,18.86,22.725,67,11.0014,2,7,9
16737,4,1,12,1,0,3,1,1,19.68,23.485,67,8.9981,0,7,7
16738,4,1,12,1,0,3,1,1,20.5,24.24,63,30.0026,1,9,10
16739,4,1,12,1,0,3,1,1,20.5,24.24,59,19.0012,1,48,49
16740,4,1,12,1,0,3,1,3,19.68,23.485,55,26.0027,5,119,124
16741,4,1,12,2,0,3,1,3,18.86,22.725,59,19.9995,9,389,398
16742,4,1,12,2,0,3,1,2,18.04,21.97,58,19.0012,22,737,759
16743,4,1,12,2,0,3,1,2,18.04,21.97,51,15.0013,26,362,388
16744,4,1,12,3,0,3,1,2,18.04,21.97,47,23.9994,14,127,141
16745,4,1,12,3,0,3,1,1,18.04,21.97,44,19.0012,11,161,172
16746,4,1,12,3,0,3,1,1,18.04,21.97,41,19.0012,24,208,232
16747,4,1,12,3,0,3,1,1,18.86,22.725,41,19.0012,14,200,214
16748,4,1,12,3,0,3,1,1,19.68,23.485,33,32.9975,39,179,218
16749,4,1,12,3,0,3,1,1,19.68,23.485,33,19.0012,20,265,285
16750,4,1,12,3,0,3,1,1,18.86,22.725,33,19.0012,23,354,377
16751,4,1,12,3,0,3,1,1,18.04,21.97,35,19.0012,29,576,605
16752,4,1,12,4,0,3,1,1,17.22,21.21,35,30.0026,29,580,609
16753,4,1,12,4,0,3,1,1,15.58,19.695,43,23.9994,14,400,414
16754,4,1,12,4,0,3,1,1,13.94,15.15,46,26.0027,19,274,293
16755,4,1,12,4,0,3,1,1,13.94,15.15,46,27.9993,14,184,198
16756,4,1,12,1,0,3,1,1,13.12,14.395,45,26.0027,4,101,105
16757,4,1,12,1,0,3,1,1,12.3,13.635,49,26.0027,5,69,74
16758,4,1,12,1,0,4,1,1,10.66,12.12,48,19.0012,1,43,44
16759,4,1,12,1,0,4,1,1,10.66,12.12,48,19.0012,0,16,16
16760,4,1,12,1,0,4,1,1,9.84,10.605,52,19.0012,0,9,9
16761,4,1,12,1,0,4,1,1,9.02,11.365,55,12.998,0,2,2
16762,4,1,12,1,0,4,1,1,9.02,10.605,55,19.9995,1,8,9
16763,4,1,12,1,0,4,1,1,9.02,10.605,55,19.0012,0,32,32
16764,4,1,12,1,0,4,1,1,9.02,10.605,55,19.9995,2,122,124
16765,4,1,12,2,0,4,1,1,9.02,10.605,51,19.9995,8,381,389
16766,4,1,12,2,0,4,1,1,9.02,10.605,51,19.9995,13,646,659
16767,4,1,12,2,0,4,1,1,9.84,11.365,48,12.998,19,257,276
16768,4,1,12,3,0,4,1,1,9.84,11.365,52,12.998,23,122,145
16769,4,1,12,3,0,4,1,1,10.66,12.88,48,11.0014,16,162,178
16770,4,1,12,3,0,4,1,1,11.48,15.91,41,0,29,206,235
16771,4,1,12,3,0,4,1,1,12.3,16.665,39,0,33,212,245
16772,4,1,12,3,0,4,1,1,12.3,15.91,42,6.0032,37,175,212
16773,4,1,12,3,0,4,1,1,13.12,17.425,39,0,38,232,270
16774,4,1,12,3,0,4,1,1,13.12,17.425,42,0,39,292,331
16775,4,1,12,3,0,4,1,1,12.3,15.91,45,7.0015,31,586,617
16776,4,1,12,4,0,4,1,1,11.48,13.635,45,11.0014,23,542,565
16777,4,1,12,4,0,4,1,1,10.66,12.88,60,12.998,13,360,373
16778,4,1,12,4,0,4,1,2,9.84,12.88,60,7.0015,5,222,227
16779,4,1,12,4,0,4,1,2,9.84,12.12,60,8.9981,7,184,191
16780,4,1,12,1,0,4,1,1,9.84,12.12,65,11.0014,2,131,133
16781,4,1,12,1,0,4,1,1,9.84,12.12,65,11.0014,0,93,93
16782,4,1,12,1,0,5,1,1,9.84,12.88,70,7.0015,3,45,48
16783,4,1,12,1,0,5,1,2,9.84,11.365,70,12.998,2,26,28
16784,4,1,12,1,0,5,1,2,10.66,13.635,70,8.9981,0,11,11
16785,4,1,12,1,0,5,1,2,10.66,12.88,81,12.998,0,5,5
16786,4,1,12,1,0,5,1,1,10.66,13.635,75,7.0015,0,10,10
16787,4,1,12,1,0,5,1,2,10.66,13.635,81,7.0015,1,25,26
16788,4,1,12,1,0,5,1,2,11.48,13.635,75,11.0014,0,84,84
16789,4,1,12,2,0,5,1,3,11.48,13.635,81,11.0014,3,212,215
16790,4,1,12,2,0,5,1,2,12.3,14.395,75,12.998,11,430,441
16791,4,1,12,2,0,5,1,2,12.3,15.15,81,8.9981,10,291,301
16792,4,1,12,3,0,5,1,2,13.12,15.91,76,11.0014,16,150,166
16793,4,1,12,3,0,5,1,2,13.12,15.91,76,12.998,20,183,203
16794,4,1,12,3,0,5,1,2,13.94,16.665,71,12.998,36,204,240
16795,4,1,12,3,0,5,1,2,14.76,17.425,66,8.9981,23,197,220
16796,4,1,12,3,0,5,1,2,14.76,17.425,71,11.0014,40,175,215
16797,4,1,12,3,0,5,1,2,14.76,17.425,71,11.0014,34,269,303
16798,4,1,12,3,0,5,1,1,14.76,17.425,76,8.9981,39,336,375
16799,4,1,12,3,0,5,1,2,15.58,19.695,66,0,29,539,568
16800,4,1,12,4,0,5,1,2,15.58,19.695,71,7.0015,25,473,498
16801,4,1,12,4,0,5,1,2,15.58,19.695,76,0,15,337,352
16802,4,1,12,4,0,5,1,3,15.58,19.695,76,7.0015,12,229,241
16803,4,1,12,4,0,5,1,2,14.76,18.18,93,7.0015,9,162,171
16804,4,1,12,1,0,5,1,2,14.76,18.18,93,6.0032,15,150,165
16805,4,1,12,1,0,5,1,2,14.76,18.18,93,6.0032,6,116,122
16806,4,1,12,1,0,6,0,2,14.76,18.18,93,6.0032,5,98,103
16807,4,1,12,1,0,6,0,2,14.76,17.425,93,8.9981,16,84,100
16808,4,1,12,1,0,6,0,2,14.76,17.425,93,8.9981,3,67,70
16809,4,1,12,1,0,6,0,2,14.76,18.18,93,7.0015,6,23,29
16810,4,1,12,1,0,6,0,2,14.76,18.94,93,0,3,9,12
16811,4,1,12,1,0,6,0,2,14.76,18.18,93,7.0015,2,4,6
16812,4,1,12,1,0,6,0,2,14.76,18.18,93,7.0015,1,19,20
16813,4,1,12,2,0,6,0,2,14.76,18.18,100,6.0032,3,36,39
16814,4,1,12,2,0,6,0,2,15.58,19.695,94,6.0032,5,106,111
16815,4,1,12,2,0,6,0,2,15.58,19.695,94,0,17,153,170
16816,4,1,12,3,0,6,0,2,16.4,20.455,87,8.9981,43,244,287
16817,4,1,12,3,0,6,0,2,16.4,20.455,87,7.0015,63,341,404
16818,4,1,12,3,0,6,0,2,16.4,20.455,87,15.0013,122,364,486
16819,4,1,12,3,0,6,0,2,16.4,20.455,87,11.0014,148,399,547
16820,4,1,12,3,0,6,0,2,16.4,20.455,87,19.0012,164,378,542
16821,4,1,12,3,0,6,0,1,17.22,21.21,82,11.0014,167,374,541
16822,4,1,12,3,0,6,0,1,17.22,21.21,82,11.0014,139,368,507
16823,4,1,12,3,0,6,0,1,15.58,19.695,87,8.9981,77,268,345
16824,4,1,12,4,0,6,0,1,16.4,20.455,87,7.0015,40,264,304
16825,4,1,12,4,0,6,0,1,16.4,20.455,87,0,34,212,246
16826,4,1,12,4,0,6,0,2,14.76,18.94,100,0,20,162,182
16827,4,1,12,4,0,6,0,2,14.76,18.94,100,0,34,175,209
16828,4,1,12,1,0,6,0,2,15.58,19.695,94,7.0015,23,137,160
16829,4,1,12,1,0,6,0,2,16.4,20.455,94,0,18,144,162
16830,4,1,12,1,0,0,0,2,16.4,20.455,87,8.9981,15,103,118
16831,4,1,12,1,0,0,0,2,16.4,20.455,87,7.0015,17,85,102
16832,4,1,12,1,0,0,0,2,16.4,20.455,87,7.0015,8,70,78
16833,4,1,12,1,0,0,0,2,16.4,20.455,87,7.0015,14,34,48
16834,4,1,12,1,0,0,0,2,16.4,20.455,94,7.0015,1,11,12
16835,4,1,12,1,0,0,0,2,16.4,20.455,87,7.0015,0,8,8
16836,4,1,12,1,0,0,0,3,16.4,20.455,94,7.0015,0,6,6
16837,4,1,12,2,0,0,0,3,16.4,20.455,87,15.0013,1,22,23
16838,4,1,12,2,0,0,0,3,16.4,20.455,87,11.0014,1,68,69
16839,4,1,12,2,0,0,0,2,16.4,20.455,87,16.9979,9,94,103
16840,4,1,12,3,0,0,0,2,16.4,20.455,87,19.0012,39,180,219
16841,4,1,12,3,0,0,0,2,16.4,20.455,87,19.9995,40,210,250
16842,4,1,12,3,0,0,0,2,16.4,20.455,82,19.9995,60,255,315
16843,4,1,12,3,0,0,0,2,15.58,19.695,87,19.0012,65,220,285
16844,4,1,12,3,0,0,0,2,15.58,19.695,87,12.998,42,190,232
16845,4,1,12,3,0,0,0,3,14.76,17.425,93,11.0014,25,200,225
16846,4,1,12,3,0,0,0,3,14.76,17.425,93,11.0014,33,220,253
16847,4,1,12,3,0,0,0,3,14.76,17.425,93,8.9981,20,209,229
16848,4,1,12,4,0,0,0,3,14.76,18.18,93,6.0032,17,181,198
16849,4,1,12,4,0,0,0,3,15.58,19.695,94,6.0032,12,110,122
16850,4,1,12,4,0,0,0,3,14.76,18.18,100,6.0032,6,102,108
16851,4,1,12,4,0,0,0,2,14.76,18.18,100,7.0015,10,86,96
16852,4,1,12,1,0,0,0,3,14.76,18.18,93,7.0015,3,75,78
16853,4,1,12,1,0,0,0,3,14.76,18.18,100,6.0032,3,48,51
16854,4,1,12,1,0,1,1,3,14.76,18.18,100,6.0032,0,20,20
16855,4,1,12,1,0,1,1,2,14.76,18.94,100,0,0,4,4
16856,4,1,12,1,0,1,1,2,15.58,19.695,94,7.0015,2,3,5
16857,4,1,12,1,0,1,1,2,15.58,19.695,94,7.0015,0,4,4
16858,4,1,12,1,0,1,1,2,15.58,19.695,94,7.0015,3,9,12
16859,4,1,12,1,0,1,1,2,15.58,19.695,94,7.0015,0,27,27
16860,4,1,12,1,0,1,1,2,15.58,19.695,94,11.0014,2,121,123
16861,4,1,12,2,0,1,1,2,15.58,19.695,94,16.9979,3,291,294
16862,4,1,12,2,0,1,1,2,17.22,21.21,100,16.9979,9,575,584
16863,4,1,12,2,0,1,1,2,17.22,21.21,100,15.0013,11,273,284
16864,4,1,12,3,0,1,1,2,18.04,21.97,94,15.0013,12,121,133
16865,4,1,12,3,0,1,1,3,18.86,22.725,94,15.0013,8,126,134
16866,4,1,12,3,0,1,1,3,18.04,21.97,100,15.0013,23,150,173
16867,4,1,12,3,0,1,1,3,18.04,21.97,100,15.0013,30,190,220
16868,4,1,12,3,0,1,1,2,20.5,24.24,94,15.0013,31,179,210
16869,4,1,12,3,0,1,1,2,20.5,24.24,87,11.0014,29,207,236
16870,4,1,12,3,0,1,1,2,20.5,24.24,88,7.0015,37,308,345
16871,4,1,12,3,0,1,1,2,19.68,23.485,82,19.0012,38,578,616
16872,4,1,12,4,0,1,1,2,18.86,22.725,88,19.0012,20,544,564
16873,4,1,12,4,0,1,1,1,21.32,25,77,19.0012,18,409,427
16874,4,1,12,4,0,1,1,1,18.86,22.725,88,16.9979,13,287,300
16875,4,1,12,4,0,1,1,2,18.86,22.725,94,12.998,21,224,245
16876,4,1,12,1,0,1,1,2,20.5,24.24,82,15.0013,11,115,126
16877,4,1,12,1,0,1,1,1,18.86,22.725,88,16.9979,8,76,84
16878,4,1,12,1,0,2,1,3,18.86,22.725,77,31.0009,2,29,31
16879,4,1,12,1,0,2,1,1,17.22,21.21,71,30.0026,1,7,8
16880,4,1,12,1,0,2,1,2,16.4,20.455,66,22.0028,0,1,1
16881,4,1,12,1,0,2,1,3,14.76,16.665,76,19.0012,0,3,3
16882,4,1,12,1,0,2,1,2,13.94,15.91,76,19.0012,0,8,8
16883,4,1,12,1,0,2,1,3,13.94,15.15,71,22.0028,1,40,41
16884,4,1,12,1,0,2,1,2,13.94,15.15,71,19.9995,0,118,118
16885,4,1,12,2,0,2,1,1,13.94,15.15,66,27.9993,8,372,380
16886,4,1,12,2,0,2,1,2,13.94,15.15,61,19.9995,16,708,724
16887,4,1,12,2,0,2,1,1,13.94,15.15,61,26.0027,12,322,334
16888,4,1,12,3,0,2,1,1,14.76,16.665,57,22.0028,12,142,154
16889,4,1,12,3,0,2,1,2,14.76,16.665,53,23.9994,28,145,173
16890,4,1,12,3,0,2,1,2,14.76,15.91,53,30.0026,13,213,226
16891,4,1,12,3,0,2,1,2,15.58,19.695,50,15.0013,28,226,254
16892,4,1,12,3,0,2,1,2,15.58,19.695,50,15.0013,19,185,204
16893,4,1,12,3,0,2,1,2,15.58,19.695,50,15.0013,20,250,270
16894,4,1,12,3,0,2,1,2,15.58,19.695,50,15.0013,24,334,358
16895,4,1,12,3,0,2,1,1,13.12,15.15,53,15.0013,21,580,601
16896,4,1,12,4,0,2,1,1,13.12,15.15,53,15.0013,23,523,546
16897,4,1,12,4,0,2,1,1,13.12,15.15,53,15.0013,21,412,433
16898,4,1,12,4,0,2,1,1,13.12,15.15,53,15.0013,9,248,257
16899,4,1,12,4,0,2,1,1,13.12,15.91,53,12.998,14,193,207
16900,4,1,12,1,0,2,1,1,12.3,14.395,56,15.0013,6,100,106
16901,4,1,12,1,0,2,1,1,12.3,14.395,52,15.0013,4,60,64
16902,4,1,12,1,0,3,1,1,12.3,15.15,52,11.0014,1,33,34
16903,4,1,12,1,0,3,1,1,11.48,13.635,61,15.0013,3,18,21
16904,4,1,12,1,0,3,1,1,11.48,13.635,56,11.0014,5,4,9
16905,4,1,12,1,0,3,1,1,10.66,13.635,60,8.9981,3,7,10
16906,4,1,12,1,0,3,1,1,10.66,15.15,60,0,0,4,4
16907,4,1,12,1,0,3,1,1,10.66,12.88,60,12.998,0,37,37
16908,4,1,12,1,0,3,1,2,10.66,12.12,60,16.9979,2,126,128
16909,4,1,12,2,0,3,1,2,10.66,12.88,60,12.998,3,366,369
16910,4,1,12,2,0,3,1,2,10.66,12.88,65,11.0014,18,670,688
16911,4,1,12,2,0,3,1,2,11.48,14.395,61,8.9981,13,272,285
16912,4,1,12,3,0,3,1,2,12.3,15.15,56,11.0014,20,116,136
16913,4,1,12,3,0,3,1,2,13.12,15.15,49,15.0013,24,148,172
16914,4,1,12,3,0,3,1,2,13.94,18.18,42,0,14,218,232
16915,4,1,12,3,0,3,1,2,13.94,18.18,42,0,18,220,238
16916,4,1,12,3,0,3,1,2,13.94,18.18,46,0,34,191,225
16917,4,1,12,3,0,3,1,2,13.94,17.425,46,7.0015,21,207,228
16918,4,1,12,3,0,3,1,2,13.94,16.665,46,8.9981,19,310,329
16919,4,1,12,3,0,3,1,2,13.12,15.15,53,15.0013,21,540,561
16920,4,1,12,4,0,3,1,2,13.12,15.15,49,15.0013,25,515,540
16921,4,1,12,4,0,3,1,2,12.3,14.395,56,15.0013,18,384,402
16922,4,1,12,4,0,3,1,1,12.3,14.395,52,19.0012,25,243,268
16923,4,1,12,4,0,3,1,2,12.3,14.395,52,16.9979,16,186,202
16924,4,1,12,1,0,3,1,2,12.3,14.395,52,15.0013,4,118,122
16925,4,1,12,1,0,3,1,2,11.48,13.635,56,15.0013,3,76,79
16926,4,1,12,1,0,4,1,2,11.48,13.635,52,15.0013,1,31,32
16927,4,1,12,1,0,4,1,2,11.48,12.88,52,19.0012,4,19,23
16928,4,1,12,1,0,4,1,2,10.66,12.12,56,16.9979,3,5,8
16929,4,1,12,1,0,4,1,2,10.66,12.12,56,19.0012,0,2,2
16930,4,1,12,1,0,4,1,2,10.66,12.88,56,12.998,0,8,8
16931,4,1,12,1,0,4,1,2,10.66,12.88,56,11.0014,2,31,33
16932,4,1,12,1,0,4,1,1,10.66,12.12,56,16.9979,2,112,114
16933,4,1,12,2,0,4,1,1,9.84,11.365,60,15.0013,5,380,385
16934,4,1,12,2,0,4,1,1,9.84,11.365,60,12.998,24,655,679
16935,4,1,12,2,0,4,1,1,11.48,13.635,52,16.9979,25,300,325
16936,4,1,12,3,0,4,1,1,13.12,15.15,45,19.0012,28,139,167
16937,4,1,12,3,0,4,1,1,13.94,15.91,42,16.9979,25,164,189
16938,4,1,12,3,0,4,1,1,14.76,16.665,40,16.9979,30,252,282
16939,4,1,12,3,0,4,1,1,14.76,17.425,34,12.998,41,230,271
16940,4,1,12,3,0,4,1,1,14.76,17.425,34,11.0014,31,211,242
16941,4,1,12,3,0,4,1,1,14.76,17.425,34,8.9981,40,240,280
16942,4,1,12,3,0,4,1,1,13.94,17.425,39,7.0015,50,356,406
16943,4,1,12,3,0,4,1,1,13.12,16.665,42,7.0015,43,507,550
16944,4,1,12,4,0,4,1,1,13.12,16.665,42,7.0015,20,446,466
16945,4,1,12,4,0,4,1,1,12.3,15.15,45,11.0014,20,328,348
16946,4,1,12,4,0,4,1,1,12.3,16.665,45,0,6,235,241
16947,4,1,12,4,0,4,1,1,11.48,15.91,48,0,13,200,213
16948,4,1,12,1,0,4,1,1,10.66,14.395,60,6.0032,7,141,148
16949,4,1,12,1,0,4,1,1,10.66,15.15,60,0,5,115,120
16950,4,1,12,1,0,5,1,1,9.02,12.88,64,6.0032,4,43,47
16951,4,1,12,1,0,5,1,1,9.02,12.88,69,6.0032,0,26,26
16952,4,1,12,1,0,5,1,1,9.02,13.635,69,0,3,6,9
16953,4,1,12,1,0,5,1,1,8.2,11.365,69,7.0015,0,12,12
16954,4,1,12,1,0,5,1,1,8.2,11.365,75,6.0032,1,9,10
16955,4,1,12,1,0,5,1,1,8.2,11.365,69,7.0015,0,34,34
16956,4,1,12,1,0,5,1,1,6.56,9.09,80,7.0015,1,112,113
16957,4,1,12,2,0,5,1,1,8.2,10.605,72,7.0015,3,305,308
16958,4,1,12,2,0,5,1,1,8.2,11.365,69,6.0032,13,623,636
16959,4,1,12,2,0,5,1,1,9.84,12.12,75,8.9981,13,330,343
16960,4,1,12,3,0,5,1,1,10.66,12.88,81,12.998,28,162,190
16961,4,1,12,3,0,5,1,1,13.12,15.15,65,12.998,31,180,211
16962,4,1,12,3,0,5,1,1,14.76,17.425,50,12.998,29,244,273
16963,4,1,12,3,0,5,1,1,14.76,17.425,50,15.0013,39,274,313
16964,4,1,12,3,0,5,1,1,16.4,20.455,43,12.998,48,251,299
16965,4,1,12,3,0,5,1,1,16.4,20.455,47,11.0014,57,252,309
16966,4,1,12,3,0,5,1,1,15.58,19.695,54,12.998,45,372,417
16967,4,1,12,3,0,5,1,1,13.94,16.665,57,11.0014,40,582,622
16968,4,1,12,4,0,5,1,1,14.76,17.425,46,8.9981,23,432,455
16969,4,1,12,4,0,5,1,1,13.94,17.425,53,6.0032,17,302,319
16970,4,1,12,4,0,5,1,1,13.12,16.665,61,8.9981,12,209,221
16971,4,1,12,4,0,5,1,1,12.3,15.15,75,11.0014,7,165,172
16972,4,1,12,1,0,5,1,1,11.48,14.395,75,7.0015,4,134,138
16973,4,1,12,1,0,5,1,1,11.48,15.15,75,6.0032,11,123,134
16974,4,1,12,1,0,6,0,1,12.3,16.665,70,0,4,90,94
16975,4,1,12,1,0,6,0,2,10.66,14.395,81,6.0032,9,86,95
16976,4,1,12,1,0,6,0,1,10.66,15.15,81,0,6,63,69
16977,4,1,12,1,0,6,0,2,9.84,14.395,81,0,5,18,23
16978,4,1,12,1,0,6,0,2,9.84,12.88,87,7.0015,1,5,6
16979,4,1,12,1,0,6,0,2,10.66,15.15,75,0,0,3,3
16980,4,1,12,1,0,6,0,2,9.84,14.395,75,0,0,11,11
16981,4,1,12,2,0,6,0,2,9.84,12.88,75,6.0032,1,47,48
16982,4,1,12,2,0,6,0,2,10.66,14.395,75,6.0032,8,111,119
16983,4,1,12,2,0,6,0,1,10.66,13.635,75,7.0015,17,203,220
16984,4,1,12,3,0,6,0,1,13.12,15.91,61,11.0014,23,250,273
16985,4,1,12,3,0,6,0,1,13.94,17.425,61,6.0032,66,327,393
16986,4,1,12,3,0,6,0,1,15.58,19.695,50,6.0032,89,364,453
16987,4,1,12,3,0,6,0,1,15.58,19.695,54,16.9979,88,368,456
16988,4,1,12,3,0,6,0,1,16.4,20.455,50,11.0014,92,334,426
16989,4,1,12,3,0,6,0,1,17.22,21.21,47,0,95,352,447
16990,4,1,12,3,0,6,0,1,16.4,20.455,50,8.9981,85,328,413
16991,4,1,12,3,0,6,0,1,16.4,20.455,50,15.0013,35,274,309
16992,4,1,12,4,0,6,0,1,15.58,19.695,58,11.0014,40,232,272
16993,4,1,12,4,0,6,0,1,14.76,17.425,62,8.9981,32,225,257
16994,4,1,12,4,0,6,0,2,14.76,17.425,57,12.998,23,178,201
16995,4,1,12,4,0,6,0,1,14.76,17.425,62,8.9981,15,169,184
16996,4,1,12,1,0,6,0,1,14.76,17.425,62,12.998,22,134,156
16997,4,1,12,1,0,6,0,2,14.76,17.425,62,8.9981,11,108,119
16998,4,1,12,1,0,0,0,2,14.76,18.94,62,0,8,102,110
16999,4,1,12,1,0,0,0,3,13.94,17.425,76,7.0015,14,82,96
17000,4,1,12,1,0,0,0,2,13.94,17.425,87,6.0032,8,79,87
17001,4,1,12,1,0,0,0,2,13.94,16.665,87,12.998,1,37,38
17002,4,1,12,1,0,0,0,2,13.94,18.18,87,0,1,10,11
17003,4,1,12,1,0,0,0,2,13.94,18.18,87,0,0,9,9
17004,4,1,12,1,0,0,0,2,13.94,18.18,87,0,0,6,6
17005,4,1,12,2,0,0,0,2,13.94,17.425,87,6.0032,5,22,27
17006,4,1,12,2,0,0,0,2,14.76,17.425,87,8.9981,12,76,88
17007,4,1,12,2,0,0,0,2,14.76,17.425,87,8.9981,19,113,132
17008,4,1,12,3,0,0,0,2,14.76,17.425,87,8.9981,42,215,257
17009,4,1,12,3,0,0,0,2,14.76,17.425,87,8.9981,47,248,295
17010,4,1,12,3,0,0,0,2,15.58,19.695,82,12.998,67,350,417
17011,4,1,12,3,0,0,0,2,15.58,19.695,76,12.998,67,289,356
17012,4,1,12,3,0,0,0,2,15.58,19.695,76,8.9981,50,260,310
17013,4,1,12,3,0,0,0,2,15.58,19.695,82,7.0015,46,292,338
17014,4,1,12,3,0,0,0,2,15.58,19.695,82,7.0015,66,334,400
17015,4,1,12,3,0,0,0,2,15.58,19.695,82,7.0015,29,214,243
17016,4,1,12,4,0,0,0,3,15.58,19.695,82,7.0015,8,99,107
17017,4,1,12,4,0,0,0,1,14.76,17.425,93,8.9981,10,99,109
17018,4,1,12,4,0,0,0,2,15.58,19.695,82,0,14,108,122
17019,4,1,12,4,0,0,0,2,14.76,18.94,93,0,14,92,106
17020,4,1,12,1,0,0,0,2,16.4,20.455,82,12.998,6,83,89
17021,4,1,12,1,0,0,0,2,14.76,17.425,93,8.9981,4,29,33
17022,4,1,12,1,0,1,1,2,15.58,19.695,87,0,2,26,28
17023,4,1,12,1,0,1,1,2,15.58,19.695,87,7.0015,1,14,15
17024,4,1,12,1,0,1,1,2,15.58,19.695,94,0,1,4,5
17025,4,1,12,1,0,1,1,2,14.76,18.94,93,0,0,3,3
17026,4,1,12,1,0,1,1,3,14.76,18.94,100,0,2,3,5
17027,4,1,12,1,0,1,1,2,15.58,19.695,87,0,0,24,24
17028,4,1,12,1,0,1,1,2,14.76,17.425,93,8.9981,1,107,108
17029,4,1,12,2,0,1,1,2,14.76,17.425,93,8.9981,5,314,319
17030,4,1,12,2,0,1,1,2,15.58,19.695,87,7.0015,10,582,592
17031,4,1,12,2,0,1,1,2,16.4,20.455,87,0,11,271,282
17032,4,1,12,3,0,1,1,2,15.58,19.695,87,6.0032,15,120,135
17033,4,1,12,3,0,1,1,2,16.4,20.455,87,6.0032,22,148,170
17034,4,1,12,3,0,1,1,2,16.4,20.455,87,0,21,211,232
17035,4,1,12,3,0,1,1,2,16.4,20.455,87,8.9981,16,194,210
17036,4,1,12,3,0,1,1,2,16.4,20.455,87,6.0032,12,169,181
17037,4,1,12,3,0,1,1,2,17.22,21.21,88,0,15,196,211
17038,4,1,12,3,0,1,1,3,16.4,20.455,94,16.9979,15,287,302
17039,4,1,12,3,0,1,1,2,16.4,20.455,94,16.9979,17,478,495
17040,4,1,12,4,0,1,1,2,16.4,20.455,94,6.0032,14,493,507
17041,4,1,12,4,0,1,1,2,17.22,21.21,88,8.9981,7,333,340
17042,4,1,12,4,0,1,1,2,17.22,21.21,94,16.9979,8,192,200
17043,4,1,12,4,0,1,1,2,17.22,21.21,94,8.9981,6,114,120
17044,4,1,12,1,0,1,1,2,17.22,21.21,94,8.9981,5,49,54
17045,4,1,12,1,0,1,1,3,17.22,21.21,94,15.0013,6,41,47
17046,4,1,12,1,0,2,1,2,18.04,21.97,94,8.9981,0,18,18
17047,4,1,12,1,0,2,1,2,18.04,21.97,94,8.9981,0,15,15
17048,4,1,12,1,0,2,1,2,18.04,21.97,88,15.0013,2,5,7
17049,4,1,12,1,0,2,1,1,17.22,21.21,88,12.998,0,5,5
17050,4,1,12,1,0,2,1,1,17.22,21.21,82,11.0014,3,5,8
17051,4,1,12,1,0,2,1,1,15.58,19.695,87,6.0032,0,36,36
17052,4,1,12,1,0,2,1,1,14.76,17.425,93,11.0014,1,117,118
17053,4,1,12,2,0,2,1,1,14.76,17.425,93,8.9981,4,351,355
17054,4,1,12,2,0,2,1,1,15.58,19.695,94,0,10,652,662
17055,4,1,12,2,0,2,1,1,16.4,20.455,87,6.0032,19,307,326
17056,4,1,12,3,0,2,1,1,18.04,21.97,77,6.0032,22,162,184
17057,4,1,12,3,0,2,1,1,19.68,23.485,63,15.0013,58,211,269
17058,4,1,12,3,0,2,1,3,19.68,23.485,48,16.9979,49,264,313
17059,4,1,12,3,0,2,1,1,20.5,24.24,42,19.0012,51,235,286
17060,4,1,12,3,0,2,1,1,18.86,22.725,47,30.0026,56,191,247
17061,4,1,12,3,0,2,1,1,18.86,22.725,44,32.9975,28,218,246
17062,4,1,12,3,0,2,1,1,18.04,21.97,41,31.0009,40,323,363
17063,4,1,12,3,0,2,1,1,16.4,20.455,47,30.0026,39,533,572
17064,4,1,12,4,0,2,1,1,15.58,19.695,46,22.0028,13,512,525
17065,4,1,12,4,0,2,1,1,15.58,19.695,46,26.0027,19,334,353
17066,4,1,12,4,0,2,1,1,14.76,16.665,50,16.9979,4,264,268
17067,4,1,12,4,0,2,1,1,14.76,17.425,50,15.0013,9,159,168
17068,4,1,12,1,0,2,1,1,13.94,16.665,49,0,5,127,132
17069,4,1,12,1,0,2,1,1,13.94,17.425,49,6.0032,1,80,81
17070,4,1,12,1,0,3,1,1,12.3,15.91,61,0,6,35,41
17071,4,1,12,1,0,3,1,1,12.3,15.91,65,6.0032,1,14,15
17072,4,1,12,1,0,3,1,1,11.48,15.15,65,6.0032,1,2,3
17073,4,1,12,1,0,3,1,1,10.66,13.635,75,8.9981,0,5,5
17074,4,1,12,1,0,3,1,1,9.84,12.12,75,8.9981,1,6,7
17075,4,1,12,1,0,3,1,1,10.66,14.395,75,6.0032,2,29,31
17076,4,1,12,1,0,3,1,1,9.84,12.88,75,6.0032,3,109,112
17077,4,1,12,2,0,3,1,1,10.66,13.635,75,8.9981,3,360,363
17078,4,1,12,2,0,3,1,1,9.84,12.88,87,7.0015,13,665,678
17079,4,1,12,2,0,3,1,1,11.48,14.395,75,7.0015,8,309,317
17080,4,1,12,3,0,3,1,1,13.12,16.665,70,7.0015,17,147,164
17081,4,1,12,3,0,3,1,1,16.4,20.455,54,15.0013,31,169,200
17082,4,1,12,3,0,3,1,1,16.4,20.455,54,19.0012,33,203,236
17083,4,1,12,3,0,3,1,1,17.22,21.21,50,12.998,30,183,213
17084,4,1,12,3,0,3,1,1,17.22,21.21,50,12.998,33,185,218
17085,4,1,12,3,0,3,1,1,17.22,21.21,50,19.0012,28,209,237
17086,4,1,12,3,0,3,1,1,17.22,21.21,50,23.9994,37,297,334
17087,4,1,12,3,0,3,1,1,16.4,20.455,50,26.0027,26,536,562
17088,4,1,12,4,0,3,1,1,15.58,19.695,50,23.9994,23,546,569
17089,4,1,12,4,0,3,1,1,15.58,19.695,50,26.0027,7,329,336
17090,4,1,12,4,0,3,1,1,14.76,17.425,57,15.0013,10,231,241
17091,4,1,12,4,0,3,1,1,13.94,15.91,61,15.0013,4,164,168
17092,4,1,12,1,0,3,1,1,13.94,17.425,61,6.0032,12,117,129
17093,4,1,12,1,0,3,1,1,13.12,16.665,66,8.9981,4,84,88
17094,4,1,12,1,0,4,1,1,13.12,16.665,61,8.9981,2,40,42
17095,4,1,12,1,0,4,1,1,13.12,17.425,66,0,1,19,20
17096,4,1,12,1,0,4,1,1,13.12,17.425,66,0,2,6,8
17097,4,1,12,1,0,4,1,2,12.3,15.91,70,6.0032,1,3,4
17098,4,1,12,1,0,4,1,2,12.3,15.91,70,6.0032,0,6,6
17099,4,1,12,1,0,4,1,2,12.3,15.91,70,7.0015,0,35,35
17100,4,1,12,1,0,4,1,2,12.3,16.665,65,0,4,114,118
17101,4,1,12,2,0,4,1,2,12.3,16.665,70,0,4,346,350
17102,4,1,12,2,0,4,1,2,12.3,16.665,70,0,14,585,599
17103,4,1,12,2,0,4,1,2,12.3,16.665,70,0,14,303,317
17104,4,1,12,3,0,4,1,2,13.12,16.665,66,0,23,138,161
17105,4,1,12,3,0,4,1,2,13.94,15.91,57,15.0013,22,168,190
17106,4,1,12,3,0,4,1,2,14.76,17.425,53,11.0014,31,181,212
17107,4,1,12,3,0,4,1,2,14.76,17.425,57,12.998,46,171,217
17108,4,1,12,3,0,4,1,2,14.76,17.425,53,12.998,43,171,214
17109,4,1,12,3,0,4,1,2,13.94,16.665,57,12.998,33,216,249
17110,4,1,12,3,0,4,1,2,13.94,15.15,53,22.0028,21,281,302
17111,4,1,12,3,0,4,1,2,13.94,16.665,66,12.998,25,450,475
17112,4,1,12,4,0,4,1,2,13.94,16.665,71,12.998,22,359,381
17113,4,1,12,4,0,4,1,3,13.94,15.91,71,16.9979,3,115,118
17114,4,1,12,4,0,4,1,3,13.94,16.665,76,11.0014,1,49,50
17115,4,1,12,4,0,4,1,3,13.94,16.665,76,11.0014,1,25,26
17116,4,1,12,1,0,4,1,3,13.94,16.665,87,12.998,1,20,21
17117,4,1,12,1,0,4,1,3,16.4,20.455,82,19.9995,0,13,13
17118,1,1,12,1,0,5,1,3,17.22,21.21,88,19.9995,0,17,17
17119,1,1,12,1,0,5,1,3,18.04,21.97,88,26.0027,2,7,9
17120,1,1,12,1,0,5,1,3,18.86,22.725,94,26.0027,0,3,3
17121,1,1,12,1,0,5,1,3,18.86,22.725,94,26.0027,0,3,3
17122,1,1,12,1,0,5,1,2,14.76,15.91,71,32.9975,1,5,6
17123,1,1,12,1,0,5,1,2,13.94,15.15,76,27.9993,0,13,13
17124,1,1,12,1,0,5,1,2,13.94,14.395,57,39.0007,4,76,80
17125,1,1,12,2,0,5,1,2,13.12,15.91,57,12.998,3,205,208
17126,1,1,12,2,0,5,1,2,13.12,15.15,57,19.0012,8,464,472
17127,1,1,12,2,0,5,1,2,13.12,13.635,45,36.9974,2,265,267
17128,1,1,12,3,0,5,1,1,13.12,14.395,42,31.0009,8,146,154
17129,1,1,12,3,0,5,1,2,13.12,14.395,42,27.9993,12,150,162
17130,1,1,12,3,0,5,1,2,13.12,14.395,39,23.9994,25,199,224
17131,1,1,12,3,0,5,1,2,13.12,14.395,39,27.9993,26,214,240
17132,1,1,12,3,0,5,1,2,13.12,14.395,39,30.0026,20,199,219
17133,1,1,12,3,0,5,1,2,12.3,13.635,42,26.0027,29,234,263
17134,1,1,12,3,0,5,1,2,12.3,13.635,39,22.0028,28,253,281
17135,1,1,12,3,0,5,1,2,10.66,11.365,56,22.0028,24,297,321
17136,1,1,12,4,0,5,1,2,10.66,11.365,56,19.9995,7,236,243
17137,1,1,12,4,0,5,1,1,11.48,12.88,45,19.9995,5,148,153
17138,1,1,12,4,0,5,1,1,11.48,13.635,41,16.9979,8,104,112
17139,1,1,12,4,0,5,1,1,10.66,11.365,41,27.9993,2,68,70
17140,1,1,12,1,0,5,1,1,10.66,11.365,44,19.9995,6,57,63
17141,1,1,12,1,0,5,1,1,10.66,12.12,44,19.0012,1,39,40
17142,1,1,12,1,0,6,0,1,10.66,10.605,44,39.0007,1,30,31
17143,1,1,12,1,0,6,0,1,10.66,10.605,44,30.0026,1,34,35
17144,1,1,12,1,0,6,0,1,10.66,10.605,44,35.0008,0,23,23
17145,1,1,12,1,0,6,0,1,10.66,10.605,48,30.0026,0,7,7
17146,1,1,12,1,0,6,0,1,10.66,12.88,48,12.998,3,2,5
17147,1,1,12,1,0,6,0,1,10.66,11.365,48,27.9993,0,5,5
17148,1,1,12,1,0,6,0,1,10.66,11.365,44,27.9993,0,13,13
17149,1,1,12,2,0,6,0,1,10.66,11.365,44,27.9993,2,18,20
17150,1,1,12,2,0,6,0,1,10.66,10.605,44,40.9973,0,29,29
17151,1,1,12,2,0,6,0,1,10.66,11.365,48,26.0027,13,77,90
17152,1,1,12,3,0,6,0,1,10.66,11.365,48,22.0028,13,105,118
17153,1,1,12,3,0,6,0,1,11.48,12.88,41,23.9994,29,130,159
17154,1,1,12,3,0,6,0,1,12.3,12.88,36,43.9989,18,128,146
17155,1,1,12,3,0,6,0,1,13.12,14.395,36,30.0026,23,135,158
17156,1,1,12,3,0,6,0,1,13.12,14.395,36,31.0009,20,141,161
17157,1,1,12,3,0,6,0,1,13.12,13.635,33,39.0007,14,139,153
17158,1,1,12,3,0,6,0,1,12.3,13.635,39,30.0026,23,124,147
17159,1,1,12,3,0,6,0,1,11.48,12.88,41,19.9995,15,99,114
17160,1,1,12,4,0,6,0,1,10.66,10.605,44,31.0009,7,75,82
17161,1,1,12,4,0,6,0,1,9.84,10.605,48,23.9994,9,51,60
17162,1,1,12,4,0,6,0,1,9.84,12.12,48,11.0014,6,55,61
17163,1,1,12,4,0,6,0,1,9.02,10.605,51,19.0012,4,49,53
17164,1,1,12,1,0,6,0,1,9.02,10.605,51,19.0012,1,38,39
17165,1,1,12,1,0,6,0,1,9.02,11.365,51,12.998,3,37,40
17166,1,1,12,1,0,0,0,1,9.02,10.605,47,19.0012,3,24,27
17167,1,1,12,1,0,0,0,1,9.02,11.365,47,12.998,1,19,20
17168,1,1,12,1,0,0,0,1,8.2,10.605,51,11.0014,1,17,18
17169,1,1,12,1,0,0,0,1,8.2,10.605,51,8.9981,0,9,9
17170,1,1,12,1,0,0,0,1,8.2,10.605,47,8.9981,1,3,4
17171,1,1,12,1,0,0,0,1,8.2,12.88,51,0,0,6,6
17172,1,1,12,1,0,0,0,1,6.56,9.85,64,6.0032,4,5,9
17173,1,1,12,2,0,0,0,1,6.56,9.85,64,6.0032,3,16,19
17174,1,1,12,2,0,0,0,1,5.74,8.335,69,7.0015,5,43,48
17175,1,1,12,2,0,0,0,1,8.2,11.365,59,7.0015,7,49,56
17176,1,1,12,3,0,0,0,1,9.02,11.365,64,12.998,26,67,93
17177,1,1,12,3,0,0,0,1,9.84,11.365,52,12.998,48,104,152
17178,1,1,12,3,0,0,0,1,12.3,14.395,42,12.998,52,144,196
17179,1,1,12,3,0,0,0,1,13.12,15.15,39,15.0013,63,123,186
17180,1,1,12,3,0,0,0,1,13.94,15.15,31,19.9995,57,118,175
17181,1,1,12,3,0,0,0,1,13.94,16.665,34,8.9981,39,98,137
17182,1,1,12,3,0,0,0,1,13.94,16.665,34,12.998,53,137,190
17183,1,1,12,3,0,0,0,1,13.12,15.91,49,12.998,21,93,114
17184,1,1,12,4,0,0,0,1,12.3,15.15,45,11.0014,8,85,93
17185,1,1,12,4,0,0,0,1,12.3,16.665,42,0,4,54,58
17186,1,1,12,4,0,0,0,1,10.66,15.15,65,0,0,52,52
17187,1,1,12,4,0,0,0,1,9.84,14.395,70,0,4,38,42
17188,1,1,12,1,0,0,0,1,9.84,12.88,60,7.0015,5,53,58
17189,1,1,12,1,0,0,0,1,9.84,14.395,60,0,3,22,25
17190,1,1,12,1,0,1,1,1,9.02,13.635,69,0,0,12,12
17191,1,1,12,1,0,1,1,1,9.02,13.635,69,0,0,11,11
17192,1,1,12,1,0,1,1,1,8.2,12.88,75,0,0,5,5
17193,1,1,12,1,0,1,1,1,8.2,12.88,75,0,1,2,3
17194,1,1,12,1,0,1,1,1,7.38,9.85,80,8.9981,0,9,9
17195,1,1,12,1,0,1,1,1,8.2,12.88,75,0,1,16,17
17196,1,1,12,2,0,1,1,1,8.2,12.88,69,0,3,27,30
17197,1,1,12,2,0,1,1,1,9.02,13.635,69,0,4,62,66
17198,1,1,12,2,0,1,1,2,9.84,12.88,65,7.0015,17,68,85
17199,1,1,12,3,0,1,1,2,10.66,15.15,65,0,21,82,103
17200,1,1,12,3,0,1,1,2,10.66,12.88,60,11.0014,20,104,124
17201,1,1,12,3,0,1,1,2,11.48,15.15,56,6.0032,22,113,135
17202,1,1,12,3,0,1,1,3,9.84,12.88,81,7.0015,16,54,70
17203,1,1,12,3,0,1,1,3,9.84,12.88,87,7.0015,13,33,46
17204,1,1,12,3,0,1,1,3,9.84,11.365,87,15.0013,6,27,33
17205,1,1,12,3,0,1,1,3,9.84,11.365,87,15.0013,6,27,33
17206,1,1,12,3,0,1,1,3,9.84,12.12,93,11.0014,7,19,26
17207,1,1,12,4,0,1,1,3,9.84,12.88,93,7.0015,6,20,26
17208,1,1,12,4,0,1,1,2,9.84,12.12,93,8.9981,4,14,18
17209,1,1,12,4,0,1,1,3,9.84,12.12,93,8.9981,6,17,23
17210,1,1,12,4,0,1,1,3,9.84,12.88,93,6.0032,13,9,22
17211,1,1,12,1,0,1,1,2,9.84,14.395,93,0,7,5,12
17212,1,1,12,1,0,1,1,3,9.84,14.395,93,0,1,10,11
17213,1,1,12,1,1,2,0,3,9.84,12.88,93,6.0032,3,10,13
17214,1,1,12,1,1,2,0,2,10.66,12.88,87,11.0014,0,13,13
17215,1,1,12,1,1,2,0,2,10.66,12.88,87,11.0014,0,7,7
17216,1,1,12,1,1,2,0,2,9.84,12.88,87,6.0032,0,1,1
17217,1,1,12,1,1,2,0,2,9.02,11.365,93,8.9981,2,1,3
17218,1,1,12,1,1,2,0,2,9.02,11.365,93,8.9981,1,6,7
17219,1,1,12,2,1,2,0,2,9.02,11.365,93,11.0014,0,6,6
17220,1,1,12,2,1,2,0,2,9.84,14.395,87,0,1,10,11
17221,1,1,12,2,1,2,0,2,9.84,12.88,87,0,7,21,28
17222,1,1,12,3,1,2,0,1,11.48,15.91,81,0,11,21,32
17223,1,1,12,3,1,2,0,1,12.3,15.91,75,6.0032,43,43,86
17224,1,1,12,3,1,2,0,1,13.12,16.665,76,6.0032,62,52,114
17225,1,1,12,3,1,2,0,1,16.4,20.455,50,22.0028,75,46,121
17226,1,1,12,3,1,2,0,1,15.58,19.695,46,19.9995,58,68,126
17227,1,1,12,3,1,2,0,1,14.76,16.665,50,16.9979,51,56,107
17228,1,1,12,3,1,2,0,2,14.76,16.665,50,16.9979,48,38,86
17229,1,1,12,3,1,2,0,2,13.12,15.15,57,16.9979,16,34,50
17230,1,1,12,4,1,2,0,2,13.12,15.15,66,16.9979,20,23,43
17231,1,1,12,4,1,2,0,2,13.12,15.15,66,15.0013,16,20,36
17232,1,1,12,4,1,2,0,2,13.12,15.15,66,19.0012,11,29,40
17233,1,1,12,4,1,2,0,2,12.3,14.395,65,12.998,8,26,34
17234,1,1,12,1,1,2,0,2,12.3,15.15,70,11.0014,3,16,19
17235,1,1,12,1,1,2,0,2,11.48,13.635,65,16.9979,4,26,30
17236,1,1,12,1,0,3,1,2,11.48,13.635,65,16.9979,1,8,9
17237,1,1,12,1,0,3,1,2,10.66,11.365,65,19.9995,0,7,7
17238,1,1,12,1,0,3,1,2,10.66,11.365,65,19.9995,0,1,1
17239,1,1,12,1,0,3,1,2,9.84,10.605,70,23.9994,0,2,2
17240,1,1,12,1,0,3,1,1,9.02,9.85,69,23.9994,0,2,2
17241,1,1,12,1,0,3,1,2,9.02,10.605,69,19.0012,0,11,11
17242,1,1,12,1,0,3,1,2,9.02,10.605,69,15.0013,0,36,36
17243,1,1,12,2,0,3,1,3,8.2,9.09,86,22.0028,0,26,26
17244,1,1,12,2,0,3,1,3,8.2,9.09,86,22.0028,0,31,31
17245,1,1,12,2,0,3,1,3,8.2,9.09,86,22.0028,1,22,23
17246,1,1,12,3,0,3,1,3,8.2,9.09,86,19.9995,0,8,8
17247,1,1,12,3,0,3,1,3,8.2,8.335,86,31.0009,0,10,10
17248,1,1,12,3,0,3,1,3,9.02,9.85,87,22.0028,0,10,10
17249,1,1,12,3,0,3,1,3,9.02,9.85,87,22.0028,0,15,15
17250,1,1,12,3,0,3,1,3,9.02,10.605,93,16.9979,0,20,20
17251,1,1,12,3,0,3,1,3,10.66,11.365,87,23.9994,0,13,13
17252,1,1,12,3,0,3,1,3,10.66,11.365,87,23.9994,0,13,13
17253,1,1,12,3,0,3,1,3,10.66,11.365,93,23.9994,2,51,53
17254,1,1,12,4,0,3,1,3,11.48,12.88,93,19.9995,1,42,43
17255,1,1,12,4,0,3,1,3,12.3,14.395,87,12.998,2,33,35
17256,1,1,12,4,0,3,1,3,13.12,15.15,93,16.9979,0,32,32
17257,1,1,12,4,0,3,1,2,12.3,13.635,87,19.9995,0,20,20
17258,1,1,12,1,0,3,1,3,9.84,9.85,93,30.0026,0,11,11
17259,1,1,12,1,0,3,1,3,10.66,11.365,87,19.9995,2,8,10
17260,1,1,12,1,0,4,1,3,10.66,11.365,87,19.9995,0,3,3
17261,1,1,12,1,0,4,1,3,9.84,9.85,93,30.0026,0,5,5
17262,1,1,12,1,0,4,1,2,9.84,9.85,87,30.0026,0,2,2
17263,1,1,12,1,0,4,1,2,9.84,11.365,87,15.0013,0,1,1
17264,1,1,12,1,0,4,1,2,9.84,10.605,87,22.0028,0,3,3
17265,1,1,12,1,0,4,1,1,9.84,12.12,75,11.0014,1,10,11
17266,1,1,12,1,0,4,1,1,9.84,9.85,70,32.9975,0,45,45
17267,1,1,12,2,0,4,1,1,9.84,11.365,70,15.0013,0,90,90
17268,1,1,12,2,0,4,1,1,10.66,11.365,65,23.9994,2,206,208
17269,1,1,12,2,0,4,1,1,10.66,10.605,60,32.9975,6,127,133
17270,1,1,12,3,0,4,1,1,11.48,11.365,56,35.0008,8,67,75
17271,1,1,12,3,0,4,1,2,11.48,12.12,56,30.0026,23,80,103
17272,1,1,12,3,0,4,1,1,12.3,13.635,49,31.0009,22,87,109
17273,1,1,12,3,0,4,1,1,12.3,13.635,49,31.0009,19,99,118
17274,1,1,12,3,0,4,1,2,10.66,10.605,56,35.0008,25,94,119
17275,1,1,12,3,0,4,1,2,10.66,10.605,56,30.0026,31,89,120
17276,1,1,12,3,0,4,1,2,10.66,12.12,52,19.0012,23,151,174
17277,1,1,12,3,0,4,1,2,10.66,12.12,52,19.0012,30,227,257
17278,1,1,12,4,0,4,1,2,9.84,11.365,60,16.9979,9,188,197
17279,1,1,12,4,0,4,1,1,9.84,10.605,60,19.0012,11,106,117
17280,1,1,12,4,0,4,1,1,9.84,12.12,60,11.0014,12,79,91
17281,1,1,12,4,0,4,1,2,9.84,11.365,60,16.9979,12,51,63
17282,1,1,12,1,0,4,1,2,9.84,10.605,60,19.0012,11,33,44
17283,1,1,12,1,0,4,1,2,9.84,11.365,60,16.9979,2,24,26
17284,1,1,12,1,0,5,1,2,9.84,12.12,60,11.0014,3,22,25
17285,1,1,12,1,0,5,1,1,9.84,11.365,60,12.998,0,9,9
17286,1,1,12,1,0,5,1,1,9.84,11.365,60,16.9979,0,5,5
17287,1,1,12,1,0,5,1,2,9.84,12.12,60,11.0014,0,2,2
17288,1,1,12,1,0,5,1,2,9.84,12.88,60,7.0015,0,4,4
17289,1,1,12,1,0,5,1,2,9.84,12.88,60,6.0032,0,15,15
17290,1,1,12,1,0,5,1,1,9.02,10.605,64,19.0012,2,49,51
17291,1,1,12,2,0,5,1,1,9.02,11.365,64,11.0014,1,111,112
17292,1,1,12,2,0,5,1,2,9.84,12.12,60,8.9981,1,238,239
17293,1,1,12,2,0,5,1,2,9.84,10.605,60,19.0012,18,173,191
17294,1,1,12,3,0,5,1,2,10.66,12.12,56,16.9979,77,85,162
17295,1,1,12,3,0,5,1,2,11.48,13.635,52,15.0013,71,107,178
17296,1,1,12,3,0,5,1,2,12.3,15.15,49,8.9981,72,150,222
17297,1,1,12,3,0,5,1,2,12.3,15.15,49,8.9981,76,146,222
17298,1,1,12,3,0,5,1,2,12.3,15.15,49,8.9981,84,177,261
17299,1,1,12,3,0,5,1,2,12.3,15.91,49,0,74,151,225
17300,1,1,12,3,0,5,1,1,12.3,15.15,49,8.9981,42,208,250
17301,1,1,12,3,0,5,1,1,9.84,12.12,60,8.9981,43,228,271
17302,1,1,12,4,0,5,1,1,9.84,12.12,60,8.9981,16,197,213
17303,1,1,12,4,0,5,1,2,9.84,11.365,65,12.998,15,113,128
17304,1,1,12,4,0,5,1,2,9.84,12.88,65,7.0015,14,83,97
17305,1,1,12,4,0,5,1,2,9.84,12.12,70,8.9981,17,75,92
17306,1,1,12,1,0,5,1,2,9.84,12.88,70,6.0032,13,49,62
17307,1,1,12,1,0,5,1,2,9.84,12.88,65,6.0032,5,54,59
17308,1,1,12,1,0,6,0,2,9.84,12.12,70,0,1,25,26
17309,1,1,12,1,0,6,0,2,9.84,12.12,75,6.0032,6,31,37
17310,1,1,12,1,0,6,0,2,9.84,12.12,70,0,1,18,19
17311,1,1,12,1,0,6,0,2,9.84,12.12,75,0,1,5,6
17312,1,1,12,1,0,6,0,2,9.84,12.12,75,6.0032,0,3,3
17313,1,1,12,1,0,6,0,2,9.84,12.12,75,6.0032,0,3,3
17314,1,1,12,1,0,6,0,2,10.66,12.12,70,7.0015,0,7,7
17315,1,1,12,2,0,6,0,2,10.66,12.12,70,8.9981,1,17,18
17316,1,1,12,2,0,6,0,2,10.66,12.12,81,0,9,35,44
17317,1,1,12,2,0,6,0,2,10.66,12.12,81,0,16,33,49
17318,1,1,12,3,0,6,0,3,10.66,12.12,81,8.9981,6,35,41
17319,1,1,12,3,0,6,0,3,8.2,12.12,93,6.0032,7,38,45
17320,1,1,12,3,0,6,0,3,8.2,12.12,100,0,5,43,48
17321,1,1,12,3,0,6,0,3,8.2,12.12,100,0,13,71,84
17322,1,1,12,3,0,6,0,2,9.84,12.12,87,6.0032,10,88,98
17323,1,1,12,3,0,6,0,2,9.84,12.12,87,0,19,110,129
17324,1,1,12,3,0,6,0,1,12.3,12.12,75,7.0015,22,125,147
17325,1,1,12,3,0,6,0,1,10.66,12.12,79,7.0015,18,100,118
17326,1,1,12,4,0,6,0,1,12.3,12.12,70,12.998,8,102,110
17327,1,1,12,4,0,6,0,2,12.3,12.12,61,16.9979,7,90,97
17328,1,1,12,4,0,6,0,2,12.3,12.12,56,36.9974,2,64,66
17329,1,1,12,4,0,6,0,2,11.48,12.12,56,32.9975,4,56,60
17330,1,1,12,1,0,6,0,2,10.66,12.12,60,31.0009,3,51,54
17331,1,1,12,1,0,6,0,2,10.66,12.12,60,0,0,32,32
17332,1,1,12,1,0,0,0,2,10.66,12.88,60,11.0014,0,41,41
17333,1,1,12,1,0,0,0,2,10.66,11.365,56,27.9993,1,27,28
17334,1,1,12,1,0,0,0,2,10.66,12.12,56,19.0012,0,19,19
17335,1,1,12,1,0,0,0,2,10.66,11.365,56,27.9993,1,14,15
17336,1,1,12,1,0,0,0,2,10.66,12.88,56,15.0013,0,7,7
17337,1,1,12,1,0,0,0,2,10.66,11.365,48,19.9995,0,2,2
17338,1,1,12,1,0,0,0,2,9.84,9.85,52,27.9993,1,7,8
17339,1,1,12,2,0,0,0,1,9.84,10.605,56,23.9994,0,13,13
17340,1,1,12,2,0,0,0,1,9.84,9.85,52,31.0009,1,32,33
17341,1,1,12,2,0,0,0,1,9.84,10.605,52,26.0027,9,65,74
17342,1,1,12,3,0,0,0,1,10.66,10.605,41,39.0007,31,91,122
17343,1,1,12,3,0,0,0,1,10.66,11.365,41,27.9993,33,103,136
17344,1,1,12,3,0,0,0,1,11.48,11.365,36,39.0007,47,97,144
17345,1,1,12,3,0,0,0,1,12.3,12.88,36,43.9989,49,120,169
17346,1,1,12,3,0,0,0,1,12.3,13.635,36,31.0009,39,121,160
17347,1,1,12,3,0,0,0,1,11.48,12.88,38,22.0028,37,101,138
17348,1,1,12,3,0,0,0,1,11.48,12.12,38,27.9993,31,102,133
17349,1,1,12,3,0,0,0,1,10.66,11.365,41,22.0028,26,97,123
17350,1,1,12,4,0,0,0,2,9.84,10.605,44,19.9995,12,113,125
17351,1,1,12,4,0,0,0,1,13.94,18.18,61,0,16,86,102
17352,1,1,12,4,0,0,0,1,9.02,9.85,47,22.0028,9,63,72
17353,1,1,12,4,0,0,0,1,8.2,10.605,51,11.0014,5,42,47
17354,1,1,12,1,0,0,0,1,8.2,9.85,55,12.998,6,30,36
17355,1,1,12,1,0,0,0,1,8.2,9.85,51,15.0013,10,39,49
17356,1,1,12,1,0,1,1,1,7.38,9.09,55,12.998,4,30,34
17357,1,1,12,1,0,1,1,1,7.38,9.09,55,12.998,6,13,19
17358,1,1,12,1,0,1,1,1,6.56,8.335,59,11.0014,3,8,11
17359,1,1,12,1,0,1,1,1,6.56,9.09,59,7.0015,0,1,1
17360,1,1,12,1,0,1,1,1,5.74,8.335,69,7.0015,0,3,3
17361,1,1,12,1,0,1,1,1,6.56,7.575,64,12.998,0,9,9
17362,1,1,12,1,0,1,1,1,6.56,8.335,64,11.0014,0,40,40
17363,1,1,12,2,0,1,1,1,6.56,9.09,64,8.9981,2,83,85
17364,1,1,12,2,0,1,1,1,5.74,7.575,69,8.9981,9,187,196
17365,1,1,12,2,0,1,1,2,7.38,10.605,64,7.0015,13,144,157
17366,1,1,12,3,0,1,1,2,8.2,10.605,69,8.9981,33,87,120
17367,1,1,12,3,0,1,1,2,9.02,11.365,60,12.998,43,114,157
17368,1,1,12,3,0,1,1,2,9.84,11.365,56,12.998,52,172,224
17369,1,1,12,3,0,1,1,2,10.66,12.88,44,11.0014,38,165,203
17370,1,1,12,3,0,1,1,2,11.48,13.635,45,15.0013,62,185,247
17371,1,1,12,3,0,1,1,2,11.48,14.395,45,8.9981,69,246,315
17372,1,1,12,3,0,1,1,2,10.66,12.88,48,12.998,30,184,214
17373,1,1,12,3,0,1,1,2,10.66,14.395,48,6.0032,14,150,164
17374,1,1,12,4,0,1,1,2,10.66,13.635,48,8.9981,10,112,122
17375,1,1,12,4,0,1,1,2,10.66,12.88,60,11.0014,11,108,119
17376,1,1,12,4,0,1,1,2,10.66,12.88,60,11.0014,8,81,89
17377,1,1,12,4,0,1,1,1,10.66,12.88,60,11.0014,7,83,90
17378,1,1,12,1,0,1,1,1,10.66,13.635,56,8.9981,13,48,61
17379,1,1,12,1,0,1,1,1,10.66,13.635,65,8.9981,12,37,49
